
/home/irunka/picotool/es_student/134-led-module/134_led_module.elf:     file format elf32-littlearm

Sections:
Idx Name          Size      VMA       LMA       File off  Algn
  0 .boot2        00000100  10000000  10000000  00001000  2**0
                  CONTENTS, ALLOC, LOAD, READONLY, CODE
  1 .text         00003e04  10000100  10000100  00001100  2**3
                  CONTENTS, ALLOC, LOAD, READONLY, CODE
  2 .rodata       000002fc  10003f08  10003f08  00004f08  2**3
                  CONTENTS, ALLOC, LOAD, READONLY, DATA
  3 .binary_info  0000001c  10004204  10004204  00005204  2**2
                  CONTENTS, ALLOC, LOAD, READONLY, DATA
  4 .ram_vector_table 000000c0  20000000  20000000  00007000  2**2
                  ALLOC
  5 .uninitialized_data 00000000  200000c0  200000c0  00006238  2**0
                  CONTENTS
  6 .data         00000178  200000c0  10004220  000060c0  2**4
                  CONTENTS, ALLOC, LOAD, READONLY, CODE
  7 .tdata        00000000  20000238  20000238  00006238  2**0
                  CONTENTS, ALLOC, LOAD, DATA, THREAD_LOCAL
  8 .tbss         00000000  20000238  20000238  00000000  2**0
                  ALLOC, THREAD_LOCAL
  9 .bss          000003d4  20000238  10004398  00006238  2**3
                  ALLOC
 10 .heap         00000800  2000060c  10004398  0000660c  2**2
                  ALLOC, READONLY
 11 .scratch_x    00000000  20040000  20040000  00006238  2**0
                  CONTENTS
 12 .scratch_y    00000000  20041000  20041000  00006238  2**0
                  CONTENTS
 13 .stack_dummy  00000800  20041000  20041000  00007000  2**5
                  ALLOC, READONLY
 14 .debug_info   0001a94f  00000000  00000000  00006238  2**0
                  CONTENTS, READONLY, DEBUGGING, OCTETS
 15 .debug_abbrev 00004e7d  00000000  00000000  00020b87  2**0
                  CONTENTS, READONLY, DEBUGGING, OCTETS
 16 .debug_loclists 0000fd47  00000000  00000000  00025a04  2**0
                  CONTENTS, READONLY, DEBUGGING, OCTETS
 17 .debug_aranges 00000f30  00000000  00000000  00035750  2**3
                  CONTENTS, READONLY, DEBUGGING, OCTETS
 18 .debug_rnglists 00002961  00000000  00000000  00036680  2**0
                  CONTENTS, READONLY, DEBUGGING, OCTETS
 19 .debug_line   00014b67  00000000  00000000  00038fe1  2**0
                  CONTENTS, READONLY, DEBUGGING, OCTETS
 20 .debug_str    00004a73  00000000  00000000  0004db48  2**0
                  CONTENTS, READONLY, DEBUGGING, OCTETS
 21 .comment      0000004c  00000000  00000000  000525bb  2**0
                  CONTENTS, READONLY
 22 .ARM.attributes 0000002a  00000000  00000000  00052607  2**0
                  CONTENTS, READONLY
 23 .debug_frame  00001a48  00000000  00000000  00052634  2**2
                  CONTENTS, READONLY, DEBUGGING, OCTETS
 24 .debug_line_str 00000313  00000000  00000000  0005407c  2**0
                  CONTENTS, READONLY, DEBUGGING, OCTETS

/home/irunka/picotool/es_student/134-led-module/134_led_module.elf:     file format elf32-littlearm


Disassembly of section .boot2:

10000000 <__boot2_start__>:
10000000:	4b32b500 	.word	0x4b32b500
10000004:	60582021 	.word	0x60582021
10000008:	21026898 	.word	0x21026898
1000000c:	60984388 	.word	0x60984388
10000010:	611860d8 	.word	0x611860d8
10000014:	4b2e6158 	.word	0x4b2e6158
10000018:	60992100 	.word	0x60992100
1000001c:	61592102 	.word	0x61592102
10000020:	22f02101 	.word	0x22f02101
10000024:	492b5099 	.word	0x492b5099
10000028:	21016019 	.word	0x21016019
1000002c:	20356099 	.word	0x20356099
10000030:	f844f000 	.word	0xf844f000
10000034:	42902202 	.word	0x42902202
10000038:	2106d014 	.word	0x2106d014
1000003c:	f0006619 	.word	0xf0006619
10000040:	6e19f834 	.word	0x6e19f834
10000044:	66192101 	.word	0x66192101
10000048:	66182000 	.word	0x66182000
1000004c:	f000661a 	.word	0xf000661a
10000050:	6e19f82c 	.word	0x6e19f82c
10000054:	6e196e19 	.word	0x6e196e19
10000058:	f0002005 	.word	0xf0002005
1000005c:	2101f82f 	.word	0x2101f82f
10000060:	d1f94208 	.word	0xd1f94208
10000064:	60992100 	.word	0x60992100
10000068:	6019491b 	.word	0x6019491b
1000006c:	60592100 	.word	0x60592100
10000070:	481b491a 	.word	0x481b491a
10000074:	21016001 	.word	0x21016001
10000078:	21eb6099 	.word	0x21eb6099
1000007c:	21a06619 	.word	0x21a06619
10000080:	f0006619 	.word	0xf0006619
10000084:	2100f812 	.word	0x2100f812
10000088:	49166099 	.word	0x49166099
1000008c:	60014814 	.word	0x60014814
10000090:	60992101 	.word	0x60992101
10000094:	2800bc01 	.word	0x2800bc01
10000098:	4700d000 	.word	0x4700d000
1000009c:	49134812 	.word	0x49134812
100000a0:	c8036008 	.word	0xc8036008
100000a4:	8808f380 	.word	0x8808f380
100000a8:	b5034708 	.word	0xb5034708
100000ac:	20046a99 	.word	0x20046a99
100000b0:	d0fb4201 	.word	0xd0fb4201
100000b4:	42012001 	.word	0x42012001
100000b8:	bd03d1f8 	.word	0xbd03d1f8
100000bc:	6618b502 	.word	0x6618b502
100000c0:	f7ff6618 	.word	0xf7ff6618
100000c4:	6e18fff2 	.word	0x6e18fff2
100000c8:	bd026e18 	.word	0xbd026e18
100000cc:	40020000 	.word	0x40020000
100000d0:	18000000 	.word	0x18000000
100000d4:	00070000 	.word	0x00070000
100000d8:	005f0300 	.word	0x005f0300
100000dc:	00002221 	.word	0x00002221
100000e0:	180000f4 	.word	0x180000f4
100000e4:	a0002022 	.word	0xa0002022
100000e8:	10000100 	.word	0x10000100
100000ec:	e000ed08 	.word	0xe000ed08
	...
100000fc:	7a4eb274 	.word	0x7a4eb274

Disassembly of section .text:

10000100 <__VECTOR_TABLE>:
10000100:	20042000 	.word	0x20042000
10000104:	100001f7 	.word	0x100001f7
10000108:	100001cb 	.word	0x100001cb
1000010c:	100001cd 	.word	0x100001cd
10000110:	100001c9 	.word	0x100001c9
10000114:	100001c9 	.word	0x100001c9
10000118:	100001c9 	.word	0x100001c9
1000011c:	100001c9 	.word	0x100001c9
10000120:	100001c9 	.word	0x100001c9
10000124:	100001c9 	.word	0x100001c9
10000128:	100001c9 	.word	0x100001c9
1000012c:	100001cf 	.word	0x100001cf
10000130:	100001c9 	.word	0x100001c9
10000134:	100001c9 	.word	0x100001c9
10000138:	100001d1 	.word	0x100001d1
1000013c:	100001d3 	.word	0x100001d3
10000140:	100001c1 	.word	0x100001c1
10000144:	100001c1 	.word	0x100001c1
10000148:	100001c1 	.word	0x100001c1
1000014c:	100001c1 	.word	0x100001c1
10000150:	100001c1 	.word	0x100001c1
10000154:	100001c1 	.word	0x100001c1
10000158:	100001c1 	.word	0x100001c1
1000015c:	100001c1 	.word	0x100001c1
10000160:	100001c1 	.word	0x100001c1
10000164:	100001c1 	.word	0x100001c1
10000168:	100001c1 	.word	0x100001c1
1000016c:	100001c1 	.word	0x100001c1
10000170:	100001c1 	.word	0x100001c1
10000174:	100001c1 	.word	0x100001c1
10000178:	100001c1 	.word	0x100001c1
1000017c:	100001c1 	.word	0x100001c1
10000180:	100001c1 	.word	0x100001c1
10000184:	100001c1 	.word	0x100001c1
10000188:	100001c1 	.word	0x100001c1
1000018c:	100001c1 	.word	0x100001c1
10000190:	100001c1 	.word	0x100001c1
10000194:	100001c1 	.word	0x100001c1
10000198:	100001c1 	.word	0x100001c1
1000019c:	100001c1 	.word	0x100001c1
100001a0:	100001c1 	.word	0x100001c1
100001a4:	100001c1 	.word	0x100001c1
100001a8:	100001c1 	.word	0x100001c1
100001ac:	100001c1 	.word	0x100001c1
100001b0:	100001c1 	.word	0x100001c1
100001b4:	100001c1 	.word	0x100001c1
100001b8:	100001c1 	.word	0x100001c1
100001bc:	100001c1 	.word	0x100001c1

100001c0 <__unhandled_user_irq>:
100001c0:	f3ef 8005 	mrs	r0, IPSR
100001c4:	3810      	subs	r0, #16

100001c6 <unhandled_user_irq_num_in_r0>:
100001c6:	be00      	bkpt	0x0000

100001c8 <isr_invalid>:
100001c8:	be00      	bkpt	0x0000

100001ca <isr_nmi>:
100001ca:	be00      	bkpt	0x0000

100001cc <isr_hardfault>:
100001cc:	be00      	bkpt	0x0000

100001ce <isr_svcall>:
100001ce:	be00      	bkpt	0x0000

100001d0 <isr_pendsv>:
100001d0:	be00      	bkpt	0x0000

100001d2 <isr_systick>:
100001d2:	be00      	bkpt	0x0000

100001d4 <__default_isrs_end>:
100001d4:	7188ebf2 	.word	0x7188ebf2
100001d8:	10004204 	.word	0x10004204
100001dc:	10004220 	.word	0x10004220
100001e0:	10000238 	.word	0x10000238
100001e4:	e71aa390 	.word	0xe71aa390

100001e8 <_entry_point>:
100001e8:	2000      	movs	r0, #0

100001ea <_enter_vtable_in_r0>:
100001ea:	491e      	ldr	r1, [pc, #120]	@ (10000264 <data_cpy_table+0x2c>)
100001ec:	6008      	str	r0, [r1, #0]
100001ee:	c806      	ldmia	r0!, {r1, r2}
100001f0:	f381 8808 	msr	MSP, r1
100001f4:	4710      	bx	r2

100001f6 <_reset_handler>:
100001f6:	481c      	ldr	r0, [pc, #112]	@ (10000268 <data_cpy_table+0x30>)
100001f8:	6800      	ldr	r0, [r0, #0]
100001fa:	2800      	cmp	r0, #0
100001fc:	d001      	beq.n	10000202 <hold_non_core0_in_bootrom+0x4>

100001fe <hold_non_core0_in_bootrom>:
100001fe:	2000      	movs	r0, #0
10000200:	e7f3      	b.n	100001ea <_enter_vtable_in_r0>
10000202:	a40d      	add	r4, pc, #52	@ (adr r4, 10000238 <data_cpy_table>)
10000204:	cc0e      	ldmia	r4!, {r1, r2, r3}
10000206:	2900      	cmp	r1, #0
10000208:	d002      	beq.n	10000210 <hold_non_core0_in_bootrom+0x12>
1000020a:	f000 f812 	bl	10000232 <data_cpy>
1000020e:	e7f9      	b.n	10000204 <hold_non_core0_in_bootrom+0x6>
10000210:	4916      	ldr	r1, [pc, #88]	@ (1000026c <data_cpy_table+0x34>)
10000212:	4a17      	ldr	r2, [pc, #92]	@ (10000270 <data_cpy_table+0x38>)
10000214:	2000      	movs	r0, #0
10000216:	e000      	b.n	1000021a <bss_fill_test>

10000218 <bss_fill_loop>:
10000218:	c101      	stmia	r1!, {r0}

1000021a <bss_fill_test>:
1000021a:	4291      	cmp	r1, r2
1000021c:	d1fc      	bne.n	10000218 <bss_fill_loop>

1000021e <platform_entry>:
1000021e:	4915      	ldr	r1, [pc, #84]	@ (10000274 <data_cpy_table+0x3c>)
10000220:	4788      	blx	r1
10000222:	4915      	ldr	r1, [pc, #84]	@ (10000278 <data_cpy_table+0x40>)
10000224:	4788      	blx	r1
10000226:	4915      	ldr	r1, [pc, #84]	@ (1000027c <data_cpy_table+0x44>)
10000228:	4788      	blx	r1
1000022a:	be00      	bkpt	0x0000
1000022c:	e7fd      	b.n	1000022a <platform_entry+0xc>

1000022e <data_cpy_loop>:
1000022e:	c901      	ldmia	r1!, {r0}
10000230:	c201      	stmia	r2!, {r0}

10000232 <data_cpy>:
10000232:	429a      	cmp	r2, r3
10000234:	d3fb      	bcc.n	1000022e <data_cpy_loop>

10000236 <data_cpy_done>:
10000236:	4770      	bx	lr

10000238 <data_cpy_table>:
10000238:	10004220 	.word	0x10004220
1000023c:	200000c0 	.word	0x200000c0
10000240:	20000238 	.word	0x20000238
10000244:	10004398 	.word	0x10004398
10000248:	20040000 	.word	0x20040000
1000024c:	20040000 	.word	0x20040000
10000250:	10004398 	.word	0x10004398
10000254:	20041000 	.word	0x20041000
10000258:	20041000 	.word	0x20041000
1000025c:	00000000 	.word	0x00000000
10000260:	4770      	bx	lr
10000262:	0000      	.short	0x0000
10000264:	e000ed08 	.word	0xe000ed08
10000268:	d0000000 	.word	0xd0000000
1000026c:	20000238 	.word	0x20000238
10000270:	2000060c 	.word	0x2000060c
10000274:	1000399d 	.word	0x1000399d
10000278:	10000281 	.word	0x10000281
1000027c:	10003995 	.word	0x10003995

10000280 <main>:
10000280:	b5f0      	push	{r4, r5, r6, r7, lr}
10000282:	46c6      	mov	lr, r8
10000284:	25d0      	movs	r5, #208	@ 0xd0
10000286:	2680      	movs	r6, #128	@ 0x80
10000288:	b500      	push	{lr}
1000028a:	f003 fca7 	bl	10003bdc <stdio_init_all>
1000028e:	062d      	lsls	r5, r5, #24
10000290:	f000 f83a 	bl	10000308 <led_init>
10000294:	0236      	lsls	r6, r6, #8
10000296:	200f      	movs	r0, #15
10000298:	f000 f87c 	bl	10000394 <gpio_init>
1000029c:	2200      	movs	r2, #0
1000029e:	2101      	movs	r1, #1
100002a0:	200f      	movs	r0, #15
100002a2:	62ae      	str	r6, [r5, #40]	@ 0x28
100002a4:	f000 f862 	bl	1000036c <gpio_set_pulls>
100002a8:	4b16      	ldr	r3, [pc, #88]	@ (10000304 <main+0x84>)
100002aa:	2700      	movs	r7, #0
100002ac:	4698      	mov	r8, r3
100002ae:	686c      	ldr	r4, [r5, #4]
100002b0:	2014      	movs	r0, #20
100002b2:	f000 fbf9 	bl	10000aa8 <sleep_ms>
100002b6:	4234      	tst	r4, r6
100002b8:	d016      	beq.n	100002e8 <main+0x68>
100002ba:	686b      	ldr	r3, [r5, #4]
100002bc:	4233      	tst	r3, r6
100002be:	d013      	beq.n	100002e8 <main+0x68>
100002c0:	2701      	movs	r7, #1
100002c2:	2000      	movs	r0, #0
100002c4:	f003 fc8c 	bl	10003be0 <stdio_getchar_timeout_us>
100002c8:	0001      	movs	r1, r0
100002ca:	1c83      	adds	r3, r0, #2
100002cc:	d0ef      	beq.n	100002ae <main+0x2e>
100002ce:	2865      	cmp	r0, #101	@ 0x65
100002d0:	d014      	beq.n	100002fc <main+0x7c>
100002d2:	2864      	cmp	r0, #100	@ 0x64
100002d4:	d00e      	beq.n	100002f4 <main+0x74>
100002d6:	4640      	mov	r0, r8
100002d8:	f003 fd9c 	bl	10003e14 <__wrap_printf>
100002dc:	686c      	ldr	r4, [r5, #4]
100002de:	2014      	movs	r0, #20
100002e0:	f000 fbe2 	bl	10000aa8 <sleep_ms>
100002e4:	4234      	tst	r4, r6
100002e6:	d1e8      	bne.n	100002ba <main+0x3a>
100002e8:	2f00      	cmp	r7, #0
100002ea:	d001      	beq.n	100002f0 <main+0x70>
100002ec:	f000 f82a 	bl	10000344 <led_toggle>
100002f0:	2700      	movs	r7, #0
100002f2:	e7e6      	b.n	100002c2 <main+0x42>
100002f4:	2000      	movs	r0, #0
100002f6:	f000 f817 	bl	10000328 <led_set>
100002fa:	e7d8      	b.n	100002ae <main+0x2e>
100002fc:	2001      	movs	r0, #1
100002fe:	f000 f813 	bl	10000328 <led_set>
10000302:	e7d4      	b.n	100002ae <main+0x2e>
10000304:	10003f08 	.word	0x10003f08

10000308 <led_init>:
10000308:	2019      	movs	r0, #25
1000030a:	b510      	push	{r4, lr}
1000030c:	f000 f842 	bl	10000394 <gpio_init>
10000310:	22d0      	movs	r2, #208	@ 0xd0
10000312:	2180      	movs	r1, #128	@ 0x80
10000314:	2000      	movs	r0, #0
10000316:	4b03      	ldr	r3, [pc, #12]	@ (10000324 <led_init+0x1c>)
10000318:	0612      	lsls	r2, r2, #24
1000031a:	0489      	lsls	r1, r1, #18
1000031c:	6251      	str	r1, [r2, #36]	@ 0x24
1000031e:	7018      	strb	r0, [r3, #0]
10000320:	6191      	str	r1, [r2, #24]
10000322:	bd10      	pop	{r4, pc}
10000324:	20000608 	.word	0x20000608

10000328 <led_set>:
10000328:	4b05      	ldr	r3, [pc, #20]	@ (10000340 <led_set+0x18>)
1000032a:	2280      	movs	r2, #128	@ 0x80
1000032c:	7018      	strb	r0, [r3, #0]
1000032e:	23d0      	movs	r3, #208	@ 0xd0
10000330:	0492      	lsls	r2, r2, #18
10000332:	061b      	lsls	r3, r3, #24
10000334:	2800      	cmp	r0, #0
10000336:	d001      	beq.n	1000033c <led_set+0x14>
10000338:	615a      	str	r2, [r3, #20]
1000033a:	4770      	bx	lr
1000033c:	619a      	str	r2, [r3, #24]
1000033e:	e7fc      	b.n	1000033a <led_set+0x12>
10000340:	20000608 	.word	0x20000608

10000344 <led_toggle>:
10000344:	2101      	movs	r1, #1
10000346:	4a08      	ldr	r2, [pc, #32]	@ (10000368 <led_toggle+0x24>)
10000348:	7813      	ldrb	r3, [r2, #0]
1000034a:	404b      	eors	r3, r1
1000034c:	7013      	strb	r3, [r2, #0]
1000034e:	d005      	beq.n	1000035c <led_toggle+0x18>
10000350:	23d0      	movs	r3, #208	@ 0xd0
10000352:	2280      	movs	r2, #128	@ 0x80
10000354:	061b      	lsls	r3, r3, #24
10000356:	0492      	lsls	r2, r2, #18
10000358:	615a      	str	r2, [r3, #20]
1000035a:	4770      	bx	lr
1000035c:	23d0      	movs	r3, #208	@ 0xd0
1000035e:	2280      	movs	r2, #128	@ 0x80
10000360:	061b      	lsls	r3, r3, #24
10000362:	0492      	lsls	r2, r2, #18
10000364:	619a      	str	r2, [r3, #24]
10000366:	e7f8      	b.n	1000035a <led_toggle+0x16>
10000368:	20000608 	.word	0x20000608

1000036c <gpio_set_pulls>:
1000036c:	4b07      	ldr	r3, [pc, #28]	@ (1000038c <gpio_set_pulls+0x20>)
1000036e:	0080      	lsls	r0, r0, #2
10000370:	18c3      	adds	r3, r0, r3
10000372:	681b      	ldr	r3, [r3, #0]
10000374:	00c9      	lsls	r1, r1, #3
10000376:	0092      	lsls	r2, r2, #2
10000378:	430a      	orrs	r2, r1
1000037a:	405a      	eors	r2, r3
1000037c:	230c      	movs	r3, #12
1000037e:	4013      	ands	r3, r2
10000380:	4a03      	ldr	r2, [pc, #12]	@ (10000390 <gpio_set_pulls+0x24>)
10000382:	4694      	mov	ip, r2
10000384:	4460      	add	r0, ip
10000386:	6003      	str	r3, [r0, #0]
10000388:	4770      	bx	lr
1000038a:	46c0      	nop			@ (mov r8, r8)
1000038c:	4001c004 	.word	0x4001c004
10000390:	4001d004 	.word	0x4001d004

10000394 <gpio_init>:
10000394:	2301      	movs	r3, #1
10000396:	22d0      	movs	r2, #208	@ 0xd0
10000398:	4083      	lsls	r3, r0
1000039a:	0612      	lsls	r2, r2, #24
1000039c:	6293      	str	r3, [r2, #40]	@ 0x28
1000039e:	6193      	str	r3, [r2, #24]
100003a0:	4a09      	ldr	r2, [pc, #36]	@ (100003c8 <gpio_init+0x34>)
100003a2:	0083      	lsls	r3, r0, #2
100003a4:	189a      	adds	r2, r3, r2
100003a6:	6811      	ldr	r1, [r2, #0]
100003a8:	2240      	movs	r2, #64	@ 0x40
100003aa:	4051      	eors	r1, r2
100003ac:	3280      	adds	r2, #128	@ 0x80
100003ae:	400a      	ands	r2, r1
100003b0:	4906      	ldr	r1, [pc, #24]	@ (100003cc <gpio_init+0x38>)
100003b2:	00c0      	lsls	r0, r0, #3
100003b4:	468c      	mov	ip, r1
100003b6:	4463      	add	r3, ip
100003b8:	601a      	str	r2, [r3, #0]
100003ba:	4b05      	ldr	r3, [pc, #20]	@ (100003d0 <gpio_init+0x3c>)
100003bc:	469c      	mov	ip, r3
100003be:	2305      	movs	r3, #5
100003c0:	4460      	add	r0, ip
100003c2:	6043      	str	r3, [r0, #4]
100003c4:	4770      	bx	lr
100003c6:	46c0      	nop			@ (mov r8, r8)
100003c8:	4001c004 	.word	0x4001c004
100003cc:	4001d004 	.word	0x4001d004
100003d0:	40014000 	.word	0x40014000

100003d4 <panic>:
100003d4:	b40f      	push	{r0, r1, r2, r3}
100003d6:	b500      	push	{lr}
100003d8:	4808      	ldr	r0, [pc, #32]	@ (100003fc <panic+0x28>)
100003da:	b083      	sub	sp, #12
100003dc:	f003 fc96 	bl	10003d0c <__wrap_puts>
100003e0:	9b04      	ldr	r3, [sp, #16]
100003e2:	2b00      	cmp	r3, #0
100003e4:	d007      	beq.n	100003f6 <panic+0x22>
100003e6:	a905      	add	r1, sp, #20
100003e8:	0018      	movs	r0, r3
100003ea:	9101      	str	r1, [sp, #4]
100003ec:	f003 fab6 	bl	1000395c <weak_raw_vprintf>
100003f0:	4803      	ldr	r0, [pc, #12]	@ (10000400 <panic+0x2c>)
100003f2:	f003 fc8b 	bl	10003d0c <__wrap_puts>
100003f6:	2001      	movs	r0, #1
100003f8:	f003 fac8 	bl	1000398c <_exit>
100003fc:	10003f20 	.word	0x10003f20
10000400:	10003f1c 	.word	0x10003f1c

10000404 <hw_claim_or_assert>:
10000404:	b570      	push	{r4, r5, r6, lr}
10000406:	f3ef 8c10 	mrs	ip, PRIMASK
1000040a:	b672      	cpsid	i
1000040c:	4d0d      	ldr	r5, [pc, #52]	@ (10000444 <hw_claim_or_assert+0x40>)
1000040e:	682b      	ldr	r3, [r5, #0]
10000410:	2b00      	cmp	r3, #0
10000412:	d0fc      	beq.n	1000040e <hw_claim_or_assert+0xa>
10000414:	f3bf 8f5f 	dmb	sy
10000418:	2407      	movs	r4, #7
1000041a:	08cb      	lsrs	r3, r1, #3
1000041c:	18c6      	adds	r6, r0, r3
1000041e:	5cc0      	ldrb	r0, [r0, r3]
10000420:	2301      	movs	r3, #1
10000422:	400c      	ands	r4, r1
10000424:	40a3      	lsls	r3, r4
10000426:	001c      	movs	r4, r3
10000428:	4004      	ands	r4, r0
1000042a:	4203      	tst	r3, r0
1000042c:	d107      	bne.n	1000043e <hw_claim_or_assert+0x3a>
1000042e:	4318      	orrs	r0, r3
10000430:	7030      	strb	r0, [r6, #0]
10000432:	f3bf 8f5f 	dmb	sy
10000436:	602c      	str	r4, [r5, #0]
10000438:	f38c 8810 	msr	PRIMASK, ip
1000043c:	bd70      	pop	{r4, r5, r6, pc}
1000043e:	0010      	movs	r0, r2
10000440:	f7ff ffc8 	bl	100003d4 <panic>
10000444:	d000012c 	.word	0xd000012c

10000448 <next_striped_spin_lock_num>:
10000448:	4a04      	ldr	r2, [pc, #16]	@ (1000045c <next_striped_spin_lock_num+0x14>)
1000044a:	7810      	ldrb	r0, [r2, #0]
1000044c:	1c43      	adds	r3, r0, #1
1000044e:	b2db      	uxtb	r3, r3
10000450:	2b17      	cmp	r3, #23
10000452:	d900      	bls.n	10000456 <next_striped_spin_lock_num+0xe>
10000454:	2310      	movs	r3, #16
10000456:	7013      	strb	r3, [r2, #0]
10000458:	4770      	bx	lr
1000045a:	46c0      	nop			@ (mov r8, r8)
1000045c:	200001e0 	.word	0x200001e0

10000460 <spin_locks_reset>:
10000460:	2100      	movs	r1, #0
10000462:	4b04      	ldr	r3, [pc, #16]	@ (10000474 <spin_locks_reset+0x14>)
10000464:	4a04      	ldr	r2, [pc, #16]	@ (10000478 <spin_locks_reset+0x18>)
10000466:	f3bf 8f5f 	dmb	sy
1000046a:	c302      	stmia	r3!, {r1}
1000046c:	4293      	cmp	r3, r2
1000046e:	d1fa      	bne.n	10000466 <spin_locks_reset+0x6>
10000470:	4770      	bx	lr
10000472:	46c0      	nop			@ (mov r8, r8)
10000474:	d0000100 	.word	0xd0000100
10000478:	d0000180 	.word	0xd0000180

1000047c <runtime_init_per_core_irq_priorities>:
1000047c:	4b05      	ldr	r3, [pc, #20]	@ (10000494 <runtime_init_per_core_irq_priorities+0x18>)
1000047e:	4a06      	ldr	r2, [pc, #24]	@ (10000498 <runtime_init_per_core_irq_priorities+0x1c>)
10000480:	6013      	str	r3, [r2, #0]
10000482:	4a06      	ldr	r2, [pc, #24]	@ (1000049c <runtime_init_per_core_irq_priorities+0x20>)
10000484:	6013      	str	r3, [r2, #0]
10000486:	6053      	str	r3, [r2, #4]
10000488:	6093      	str	r3, [r2, #8]
1000048a:	60d3      	str	r3, [r2, #12]
1000048c:	6113      	str	r3, [r2, #16]
1000048e:	6153      	str	r3, [r2, #20]
10000490:	6193      	str	r3, [r2, #24]
10000492:	4770      	bx	lr
10000494:	80808080 	.word	0x80808080
10000498:	e000e400 	.word	0xe000e400
1000049c:	e000e404 	.word	0xe000e404

100004a0 <irq_set_enabled>:
100004a0:	231f      	movs	r3, #31
100004a2:	4018      	ands	r0, r3
100004a4:	3b1e      	subs	r3, #30
100004a6:	4083      	lsls	r3, r0
100004a8:	2900      	cmp	r1, #0
100004aa:	d005      	beq.n	100004b8 <irq_set_enabled+0x18>
100004ac:	21c0      	movs	r1, #192	@ 0xc0
100004ae:	4a04      	ldr	r2, [pc, #16]	@ (100004c0 <irq_set_enabled+0x20>)
100004b0:	0049      	lsls	r1, r1, #1
100004b2:	5053      	str	r3, [r2, r1]
100004b4:	6013      	str	r3, [r2, #0]
100004b6:	4770      	bx	lr
100004b8:	2280      	movs	r2, #128	@ 0x80
100004ba:	4901      	ldr	r1, [pc, #4]	@ (100004c0 <irq_set_enabled+0x20>)
100004bc:	508b      	str	r3, [r1, r2]
100004be:	e7fa      	b.n	100004b6 <irq_set_enabled+0x16>
100004c0:	e000e100 	.word	0xe000e100

100004c4 <irq_set_exclusive_handler>:
100004c4:	b510      	push	{r4, lr}
100004c6:	f3ef 8c10 	mrs	ip, PRIMASK
100004ca:	b672      	cpsid	i
100004cc:	4a0f      	ldr	r2, [pc, #60]	@ (1000050c <irq_set_exclusive_handler+0x48>)
100004ce:	6813      	ldr	r3, [r2, #0]
100004d0:	2b00      	cmp	r3, #0
100004d2:	d0fc      	beq.n	100004ce <irq_set_exclusive_handler+0xa>
100004d4:	f3bf 8f5f 	dmb	sy
100004d8:	4b0d      	ldr	r3, [pc, #52]	@ (10000510 <irq_set_exclusive_handler+0x4c>)
100004da:	3010      	adds	r0, #16
100004dc:	689b      	ldr	r3, [r3, #8]
100004de:	0080      	lsls	r0, r0, #2
100004e0:	581b      	ldr	r3, [r3, r0]
100004e2:	4a0c      	ldr	r2, [pc, #48]	@ (10000514 <irq_set_exclusive_handler+0x50>)
100004e4:	4293      	cmp	r3, r2
100004e6:	d001      	beq.n	100004ec <irq_set_exclusive_handler+0x28>
100004e8:	4299      	cmp	r1, r3
100004ea:	d10c      	bne.n	10000506 <irq_set_exclusive_handler+0x42>
100004ec:	4b08      	ldr	r3, [pc, #32]	@ (10000510 <irq_set_exclusive_handler+0x4c>)
100004ee:	689b      	ldr	r3, [r3, #8]
100004f0:	5019      	str	r1, [r3, r0]
100004f2:	f3bf 8f5f 	dmb	sy
100004f6:	f3bf 8f5f 	dmb	sy
100004fa:	2200      	movs	r2, #0
100004fc:	4b03      	ldr	r3, [pc, #12]	@ (1000050c <irq_set_exclusive_handler+0x48>)
100004fe:	601a      	str	r2, [r3, #0]
10000500:	f38c 8810 	msr	PRIMASK, ip
10000504:	bd10      	pop	{r4, pc}
10000506:	f000 fde1 	bl	100010cc <hard_assertion_failure>
1000050a:	46c0      	nop			@ (mov r8, r8)
1000050c:	d0000124 	.word	0xd0000124
10000510:	e000ed00 	.word	0xe000ed00
10000514:	100001c1 	.word	0x100001c1

10000518 <lock_init>:
10000518:	4b02      	ldr	r3, [pc, #8]	@ (10000524 <lock_init+0xc>)
1000051a:	469c      	mov	ip, r3
1000051c:	4461      	add	r1, ip
1000051e:	0089      	lsls	r1, r1, #2
10000520:	6001      	str	r1, [r0, #0]
10000522:	4770      	bx	lr
10000524:	34000040 	.word	0x34000040

10000528 <runtime_init_mutex>:
10000528:	b570      	push	{r4, r5, r6, lr}
1000052a:	4c11      	ldr	r4, [pc, #68]	@ (10000570 <runtime_init_mutex+0x48>)
1000052c:	4d11      	ldr	r5, [pc, #68]	@ (10000574 <runtime_init_mutex+0x4c>)
1000052e:	42ac      	cmp	r4, r5
10000530:	d20f      	bcs.n	10000552 <runtime_init_mutex+0x2a>
10000532:	26ff      	movs	r6, #255	@ 0xff
10000534:	6823      	ldr	r3, [r4, #0]
10000536:	2b00      	cmp	r3, #0
10000538:	d00c      	beq.n	10000554 <runtime_init_mutex+0x2c>
1000053a:	f7ff ff85 	bl	10000448 <next_striped_spin_lock_num>
1000053e:	0001      	movs	r1, r0
10000540:	0020      	movs	r0, r4
10000542:	f7ff ffe9 	bl	10000518 <lock_init>
10000546:	80a6      	strh	r6, [r4, #4]
10000548:	f3bf 8f5f 	dmb	sy
1000054c:	3408      	adds	r4, #8
1000054e:	42ac      	cmp	r4, r5
10000550:	d3f0      	bcc.n	10000534 <runtime_init_mutex+0xc>
10000552:	bd70      	pop	{r4, r5, r6, pc}
10000554:	f7ff ff78 	bl	10000448 <next_striped_spin_lock_num>
10000558:	0001      	movs	r1, r0
1000055a:	0020      	movs	r0, r4
1000055c:	f7ff ffdc 	bl	10000518 <lock_init>
10000560:	7126      	strb	r6, [r4, #4]
10000562:	f3bf 8f5f 	dmb	sy
10000566:	3408      	adds	r4, #8
10000568:	42ac      	cmp	r4, r5
1000056a:	d3e3      	bcc.n	10000534 <runtime_init_mutex+0xc>
1000056c:	e7f1      	b.n	10000552 <runtime_init_mutex+0x2a>
1000056e:	46c0      	nop			@ (mov r8, r8)
10000570:	20000230 	.word	0x20000230
10000574:	20000238 	.word	0x20000238

10000578 <sleep_until_callback>:
10000578:	4b0a      	ldr	r3, [pc, #40]	@ (100005a4 <sleep_until_callback+0x2c>)
1000057a:	6819      	ldr	r1, [r3, #0]
1000057c:	f3ef 8010 	mrs	r0, PRIMASK
10000580:	b672      	cpsid	i
10000582:	680a      	ldr	r2, [r1, #0]
10000584:	2a00      	cmp	r2, #0
10000586:	d0fc      	beq.n	10000582 <sleep_until_callback+0xa>
10000588:	f3bf 8f5f 	dmb	sy
1000058c:	681b      	ldr	r3, [r3, #0]
1000058e:	f3bf 8f5f 	dmb	sy
10000592:	2200      	movs	r2, #0
10000594:	601a      	str	r2, [r3, #0]
10000596:	f380 8810 	msr	PRIMASK, r0
1000059a:	bf40      	sev
1000059c:	2000      	movs	r0, #0
1000059e:	2100      	movs	r1, #0
100005a0:	4770      	bx	lr
100005a2:	46c0      	nop			@ (mov r8, r8)
100005a4:	20000604 	.word	0x20000604

100005a8 <alarm_pool_irq_handler>:
100005a8:	b5f0      	push	{r4, r5, r6, r7, lr}
100005aa:	46de      	mov	lr, fp
100005ac:	4657      	mov	r7, sl
100005ae:	464e      	mov	r6, r9
100005b0:	4645      	mov	r5, r8
100005b2:	b5e0      	push	{r5, r6, r7, lr}
100005b4:	b087      	sub	sp, #28
100005b6:	f3ef 8305 	mrs	r3, IPSR
100005ba:	2203      	movs	r2, #3
100005bc:	2501      	movs	r5, #1
100005be:	401a      	ands	r2, r3
100005c0:	4095      	lsls	r5, r2
100005c2:	0091      	lsls	r1, r2, #2
100005c4:	4688      	mov	r8, r1
100005c6:	46a9      	mov	r9, r5
100005c8:	4bb3      	ldr	r3, [pc, #716]	@ (10000898 <alarm_pool_irq_handler+0x2f0>)
100005ca:	9203      	str	r2, [sp, #12]
100005cc:	585c      	ldr	r4, [r3, r1]
100005ce:	4bb3      	ldr	r3, [pc, #716]	@ (1000089c <alarm_pool_irq_handler+0x2f4>)
100005d0:	601d      	str	r5, [r3, #0]
100005d2:	4bb3      	ldr	r3, [pc, #716]	@ (100008a0 <alarm_pool_irq_handler+0x2f8>)
100005d4:	9304      	str	r3, [sp, #16]
100005d6:	464b      	mov	r3, r9
100005d8:	48b2      	ldr	r0, [pc, #712]	@ (100008a4 <alarm_pool_irq_handler+0x2fc>)
100005da:	6343      	str	r3, [r0, #52]	@ 0x34
100005dc:	2308      	movs	r3, #8
100005de:	5ee5      	ldrsh	r5, [r4, r3]
100005e0:	2d00      	cmp	r5, #0
100005e2:	da37      	bge.n	10000654 <alarm_pool_irq_handler+0xac>
100005e4:	88a3      	ldrh	r3, [r4, #4]
100005e6:	b21b      	sxth	r3, r3
100005e8:	2b00      	cmp	r3, #0
100005ea:	db00      	blt.n	100005ee <alarm_pool_irq_handler+0x46>
100005ec:	e0ad      	b.n	1000074a <alarm_pool_irq_handler+0x1a2>
100005ee:	79a3      	ldrb	r3, [r4, #6]
100005f0:	2b00      	cmp	r3, #0
100005f2:	d000      	beq.n	100005f6 <alarm_pool_irq_handler+0x4e>
100005f4:	e0ee      	b.n	100007d4 <alarm_pool_irq_handler+0x22c>
100005f6:	2308      	movs	r3, #8
100005f8:	5ee0      	ldrsh	r0, [r4, r3]
100005fa:	2800      	cmp	r0, #0
100005fc:	db20      	blt.n	10000640 <alarm_pool_irq_handler+0x98>
100005fe:	0043      	lsls	r3, r0, #1
10000600:	6962      	ldr	r2, [r4, #20]
10000602:	181b      	adds	r3, r3, r0
10000604:	00db      	lsls	r3, r3, #3
10000606:	18d3      	adds	r3, r2, r3
10000608:	689e      	ldr	r6, [r3, #8]
1000060a:	68dd      	ldr	r5, [r3, #12]
1000060c:	1c73      	adds	r3, r6, #1
1000060e:	d100      	bne.n	10000612 <alarm_pool_irq_handler+0x6a>
10000610:	e111      	b.n	10000836 <alarm_pool_irq_handler+0x28e>
10000612:	48a4      	ldr	r0, [pc, #656]	@ (100008a4 <alarm_pool_irq_handler+0x2fc>)
10000614:	0001      	movs	r1, r0
10000616:	4441      	add	r1, r8
10000618:	6a82      	ldr	r2, [r0, #40]	@ 0x28
1000061a:	690b      	ldr	r3, [r1, #16]
1000061c:	1ab7      	subs	r7, r6, r2
1000061e:	1a9b      	subs	r3, r3, r2
10000620:	429f      	cmp	r7, r3
10000622:	d315      	bcc.n	10000650 <alarm_pool_irq_handler+0xa8>
10000624:	2301      	movs	r3, #1
10000626:	6a02      	ldr	r2, [r0, #32]
10000628:	9803      	ldr	r0, [sp, #12]
1000062a:	4083      	lsls	r3, r0
1000062c:	421a      	tst	r2, r3
1000062e:	d00f      	beq.n	10000650 <alarm_pool_irq_handler+0xa8>
10000630:	489c      	ldr	r0, [pc, #624]	@ (100008a4 <alarm_pool_irq_handler+0x2fc>)
10000632:	f000 fb5f 	bl	10000cf4 <timer_time_us_64>
10000636:	428d      	cmp	r5, r1
10000638:	dc02      	bgt.n	10000640 <alarm_pool_irq_handler+0x98>
1000063a:	d1cc      	bne.n	100005d6 <alarm_pool_irq_handler+0x2e>
1000063c:	4286      	cmp	r6, r0
1000063e:	d9ca      	bls.n	100005d6 <alarm_pool_irq_handler+0x2e>
10000640:	bf40      	sev
10000642:	b007      	add	sp, #28
10000644:	bcf0      	pop	{r4, r5, r6, r7}
10000646:	46bb      	mov	fp, r7
10000648:	46b2      	mov	sl, r6
1000064a:	46a9      	mov	r9, r5
1000064c:	46a0      	mov	r8, r4
1000064e:	bdf0      	pop	{r4, r5, r6, r7, pc}
10000650:	610e      	str	r6, [r1, #16]
10000652:	e7ed      	b.n	10000630 <alarm_pool_irq_handler+0x88>
10000654:	6962      	ldr	r2, [r4, #20]
10000656:	006b      	lsls	r3, r5, #1
10000658:	4692      	mov	sl, r2
1000065a:	195b      	adds	r3, r3, r5
1000065c:	00db      	lsls	r3, r3, #3
1000065e:	449a      	add	sl, r3
10000660:	4653      	mov	r3, sl
10000662:	689e      	ldr	r6, [r3, #8]
10000664:	68df      	ldr	r7, [r3, #12]
10000666:	f000 fb45 	bl	10000cf4 <timer_time_us_64>
1000066a:	428f      	cmp	r7, r1
1000066c:	dcba      	bgt.n	100005e4 <alarm_pool_irq_handler+0x3c>
1000066e:	d100      	bne.n	10000672 <alarm_pool_irq_handler+0xca>
10000670:	e103      	b.n	1000087a <alarm_pool_irq_handler+0x2d2>
10000672:	2f00      	cmp	r7, #0
10000674:	da00      	bge.n	10000678 <alarm_pool_irq_handler+0xd0>
10000676:	e0e8      	b.n	1000084a <alarm_pool_irq_handler+0x2a2>
10000678:	4652      	mov	r2, sl
1000067a:	4653      	mov	r3, sl
1000067c:	6952      	ldr	r2, [r2, #20]
1000067e:	691b      	ldr	r3, [r3, #16]
10000680:	4693      	mov	fp, r2
10000682:	9a04      	ldr	r2, [sp, #16]
10000684:	4293      	cmp	r3, r2
10000686:	d100      	bne.n	1000068a <alarm_pool_irq_handler+0xe2>
10000688:	e0d9      	b.n	1000083e <alarm_pool_irq_handler+0x296>
1000068a:	4652      	mov	r2, sl
1000068c:	2108      	movs	r1, #8
1000068e:	5e60      	ldrsh	r0, [r4, r1]
10000690:	8852      	ldrh	r2, [r2, #2]
10000692:	0400      	lsls	r0, r0, #16
10000694:	4659      	mov	r1, fp
10000696:	4310      	orrs	r0, r2
10000698:	4798      	blx	r3
1000069a:	9000      	str	r0, [sp, #0]
1000069c:	9101      	str	r1, [sp, #4]
1000069e:	9900      	ldr	r1, [sp, #0]
100006a0:	9a01      	ldr	r2, [sp, #4]
100006a2:	000b      	movs	r3, r1
100006a4:	0010      	movs	r0, r2
100006a6:	4313      	orrs	r3, r2
100006a8:	d100      	bne.n	100006ac <alarm_pool_irq_handler+0x104>
100006aa:	e0ce      	b.n	1000084a <alarm_pool_irq_handler+0x2a2>
100006ac:	0013      	movs	r3, r2
100006ae:	000a      	movs	r2, r1
100006b0:	1ab6      	subs	r6, r6, r2
100006b2:	419f      	sbcs	r7, r3
100006b4:	2800      	cmp	r0, #0
100006b6:	db06      	blt.n	100006c6 <alarm_pool_irq_handler+0x11e>
100006b8:	487a      	ldr	r0, [pc, #488]	@ (100008a4 <alarm_pool_irq_handler+0x2fc>)
100006ba:	f000 fb1b 	bl	10000cf4 <timer_time_us_64>
100006be:	9e00      	ldr	r6, [sp, #0]
100006c0:	9f01      	ldr	r7, [sp, #4]
100006c2:	1836      	adds	r6, r6, r0
100006c4:	414f      	adcs	r7, r1
100006c6:	4653      	mov	r3, sl
100006c8:	609e      	str	r6, [r3, #8]
100006ca:	60df      	str	r7, [r3, #12]
100006cc:	2200      	movs	r2, #0
100006ce:	5e9a      	ldrsh	r2, [r3, r2]
100006d0:	2a00      	cmp	r2, #0
100006d2:	da00      	bge.n	100006d6 <alarm_pool_irq_handler+0x12e>
100006d4:	e786      	b.n	100005e4 <alarm_pool_irq_handler+0x3c>
100006d6:	0053      	lsls	r3, r2, #1
100006d8:	1899      	adds	r1, r3, r2
100006da:	6960      	ldr	r0, [r4, #20]
100006dc:	00c9      	lsls	r1, r1, #3
100006de:	1841      	adds	r1, r0, r1
100006e0:	9302      	str	r3, [sp, #8]
100006e2:	688b      	ldr	r3, [r1, #8]
100006e4:	68c9      	ldr	r1, [r1, #12]
100006e6:	469b      	mov	fp, r3
100006e8:	42b9      	cmp	r1, r7
100006ea:	dd00      	ble.n	100006ee <alarm_pool_irq_handler+0x146>
100006ec:	e77a      	b.n	100005e4 <alarm_pool_irq_handler+0x3c>
100006ee:	d102      	bne.n	100006f6 <alarm_pool_irq_handler+0x14e>
100006f0:	42b3      	cmp	r3, r6
100006f2:	d900      	bls.n	100006f6 <alarm_pool_irq_handler+0x14e>
100006f4:	e776      	b.n	100005e4 <alarm_pool_irq_handler+0x3c>
100006f6:	2308      	movs	r3, #8
100006f8:	469c      	mov	ip, r3
100006fa:	44a4      	add	ip, r4
100006fc:	9505      	str	r5, [sp, #20]
100006fe:	4665      	mov	r5, ip
10000700:	8122      	strh	r2, [r4, #8]
10000702:	46a4      	mov	ip, r4
10000704:	9b02      	ldr	r3, [sp, #8]
10000706:	002c      	movs	r4, r5
10000708:	e006      	b.n	10000718 <alarm_pool_irq_handler+0x170>
1000070a:	0053      	lsls	r3, r2, #1
1000070c:	1899      	adds	r1, r3, r2
1000070e:	00c9      	lsls	r1, r1, #3
10000710:	1841      	adds	r1, r0, r1
10000712:	688d      	ldr	r5, [r1, #8]
10000714:	68c9      	ldr	r1, [r1, #12]
10000716:	46ab      	mov	fp, r5
10000718:	189b      	adds	r3, r3, r2
1000071a:	00db      	lsls	r3, r3, #3
1000071c:	18c3      	adds	r3, r0, r3
1000071e:	42b9      	cmp	r1, r7
10000720:	dc06      	bgt.n	10000730 <alarm_pool_irq_handler+0x188>
10000722:	d100      	bne.n	10000726 <alarm_pool_irq_handler+0x17e>
10000724:	e0b3      	b.n	1000088e <alarm_pool_irq_handler+0x2e6>
10000726:	001c      	movs	r4, r3
10000728:	2300      	movs	r3, #0
1000072a:	5ee2      	ldrsh	r2, [r4, r3]
1000072c:	2a00      	cmp	r2, #0
1000072e:	daec      	bge.n	1000070a <alarm_pool_irq_handler+0x162>
10000730:	0023      	movs	r3, r4
10000732:	4664      	mov	r4, ip
10000734:	469c      	mov	ip, r3
10000736:	4653      	mov	r3, sl
10000738:	801a      	strh	r2, [r3, #0]
1000073a:	4663      	mov	r3, ip
1000073c:	9d05      	ldr	r5, [sp, #20]
1000073e:	801d      	strh	r5, [r3, #0]
10000740:	88a3      	ldrh	r3, [r4, #4]
10000742:	b21b      	sxth	r3, r3
10000744:	2b00      	cmp	r3, #0
10000746:	da00      	bge.n	1000074a <alarm_pool_irq_handler+0x1a2>
10000748:	e751      	b.n	100005ee <alarm_pool_irq_handler+0x46>
1000074a:	6922      	ldr	r2, [r4, #16]
1000074c:	f3ef 8110 	mrs	r1, PRIMASK
10000750:	b672      	cpsid	i
10000752:	6813      	ldr	r3, [r2, #0]
10000754:	2b00      	cmp	r3, #0
10000756:	d0fc      	beq.n	10000752 <alarm_pool_irq_handler+0x1aa>
10000758:	f3bf 8f5f 	dmb	sy
1000075c:	2301      	movs	r3, #1
1000075e:	88a7      	ldrh	r7, [r4, #4]
10000760:	425b      	negs	r3, r3
10000762:	80a3      	strh	r3, [r4, #4]
10000764:	b23f      	sxth	r7, r7
10000766:	6923      	ldr	r3, [r4, #16]
10000768:	f3bf 8f5f 	dmb	sy
1000076c:	2200      	movs	r2, #0
1000076e:	601a      	str	r2, [r3, #0]
10000770:	f381 8810 	msr	PRIMASK, r1
10000774:	2f00      	cmp	r7, #0
10000776:	da00      	bge.n	1000077a <alarm_pool_irq_handler+0x1d2>
10000778:	e739      	b.n	100005ee <alarm_pool_irq_handler+0x46>
1000077a:	0023      	movs	r3, r4
1000077c:	3308      	adds	r3, #8
1000077e:	0022      	movs	r2, r4
10000780:	469a      	mov	sl, r3
10000782:	6966      	ldr	r6, [r4, #20]
10000784:	007b      	lsls	r3, r7, #1
10000786:	19db      	adds	r3, r3, r7
10000788:	00db      	lsls	r3, r3, #3
1000078a:	18f3      	adds	r3, r6, r3
1000078c:	6899      	ldr	r1, [r3, #8]
1000078e:	4650      	mov	r0, sl
10000790:	468c      	mov	ip, r1
10000792:	2408      	movs	r4, #8
10000794:	5f11      	ldrsh	r1, [r2, r4]
10000796:	68dd      	ldr	r5, [r3, #12]
10000798:	2900      	cmp	r1, #0
1000079a:	db10      	blt.n	100007be <alarm_pool_irq_handler+0x216>
1000079c:	9302      	str	r3, [sp, #8]
1000079e:	e006      	b.n	100007ae <alarm_pool_irq_handler+0x206>
100007a0:	42ab      	cmp	r3, r5
100007a2:	d044      	beq.n	1000082e <alarm_pool_irq_handler+0x286>
100007a4:	2300      	movs	r3, #0
100007a6:	5ee1      	ldrsh	r1, [r4, r3]
100007a8:	0020      	movs	r0, r4
100007aa:	2900      	cmp	r1, #0
100007ac:	db06      	blt.n	100007bc <alarm_pool_irq_handler+0x214>
100007ae:	004c      	lsls	r4, r1, #1
100007b0:	1864      	adds	r4, r4, r1
100007b2:	00e4      	lsls	r4, r4, #3
100007b4:	1934      	adds	r4, r6, r4
100007b6:	68e3      	ldr	r3, [r4, #12]
100007b8:	42ab      	cmp	r3, r5
100007ba:	ddf1      	ble.n	100007a0 <alarm_pool_irq_handler+0x1f8>
100007bc:	9b02      	ldr	r3, [sp, #8]
100007be:	8007      	strh	r7, [r0, #0]
100007c0:	2000      	movs	r0, #0
100007c2:	5e1f      	ldrsh	r7, [r3, r0]
100007c4:	8019      	strh	r1, [r3, #0]
100007c6:	2f00      	cmp	r7, #0
100007c8:	dadc      	bge.n	10000784 <alarm_pool_irq_handler+0x1dc>
100007ca:	0014      	movs	r4, r2
100007cc:	79a3      	ldrb	r3, [r4, #6]
100007ce:	2b00      	cmp	r3, #0
100007d0:	d100      	bne.n	100007d4 <alarm_pool_irq_handler+0x22c>
100007d2:	e710      	b.n	100005f6 <alarm_pool_irq_handler+0x4e>
100007d4:	2300      	movs	r3, #0
100007d6:	71a3      	strb	r3, [r4, #6]
100007d8:	0026      	movs	r6, r4
100007da:	2308      	movs	r3, #8
100007dc:	5ee1      	ldrsh	r1, [r4, r3]
100007de:	3608      	adds	r6, #8
100007e0:	1c4b      	adds	r3, r1, #1
100007e2:	d100      	bne.n	100007e6 <alarm_pool_irq_handler+0x23e>
100007e4:	e72c      	b.n	10000640 <alarm_pool_irq_handler+0x98>
100007e6:	0008      	movs	r0, r1
100007e8:	46a2      	mov	sl, r4
100007ea:	6965      	ldr	r5, [r4, #20]
100007ec:	e002      	b.n	100007f4 <alarm_pool_irq_handler+0x24c>
100007ee:	003e      	movs	r6, r7
100007f0:	1c4b      	adds	r3, r1, #1
100007f2:	d01a      	beq.n	1000082a <alarm_pool_irq_handler+0x282>
100007f4:	004b      	lsls	r3, r1, #1
100007f6:	185b      	adds	r3, r3, r1
100007f8:	00db      	lsls	r3, r3, #3
100007fa:	18ef      	adds	r7, r5, r3
100007fc:	000a      	movs	r2, r1
100007fe:	468c      	mov	ip, r1
10000800:	5ee9      	ldrsh	r1, [r5, r3]
10000802:	887b      	ldrh	r3, [r7, #2]
10000804:	b21b      	sxth	r3, r3
10000806:	2b00      	cmp	r3, #0
10000808:	daf1      	bge.n	100007ee <alarm_pool_irq_handler+0x246>
1000080a:	2301      	movs	r3, #1
1000080c:	425b      	negs	r3, r3
1000080e:	17dc      	asrs	r4, r3, #31
10000810:	60bb      	str	r3, [r7, #8]
10000812:	60fc      	str	r4, [r7, #12]
10000814:	4282      	cmp	r2, r0
10000816:	d005      	beq.n	10000824 <alarm_pool_irq_handler+0x27c>
10000818:	4653      	mov	r3, sl
1000081a:	8031      	strh	r1, [r6, #0]
1000081c:	891b      	ldrh	r3, [r3, #8]
1000081e:	803b      	strh	r3, [r7, #0]
10000820:	4653      	mov	r3, sl
10000822:	811a      	strh	r2, [r3, #8]
10000824:	4660      	mov	r0, ip
10000826:	1c4b      	adds	r3, r1, #1
10000828:	d1e4      	bne.n	100007f4 <alarm_pool_irq_handler+0x24c>
1000082a:	4654      	mov	r4, sl
1000082c:	e6e5      	b.n	100005fa <alarm_pool_irq_handler+0x52>
1000082e:	68a3      	ldr	r3, [r4, #8]
10000830:	4563      	cmp	r3, ip
10000832:	d9b7      	bls.n	100007a4 <alarm_pool_irq_handler+0x1fc>
10000834:	e7c2      	b.n	100007bc <alarm_pool_irq_handler+0x214>
10000836:	1c6b      	adds	r3, r5, #1
10000838:	d000      	beq.n	1000083c <alarm_pool_irq_handler+0x294>
1000083a:	e6ea      	b.n	10000612 <alarm_pool_irq_handler+0x6a>
1000083c:	e6f8      	b.n	10000630 <alarm_pool_irq_handler+0x88>
1000083e:	465b      	mov	r3, fp
10000840:	4658      	mov	r0, fp
10000842:	691b      	ldr	r3, [r3, #16]
10000844:	4798      	blx	r3
10000846:	2800      	cmp	r0, #0
10000848:	d11b      	bne.n	10000882 <alarm_pool_irq_handler+0x2da>
1000084a:	4653      	mov	r3, sl
1000084c:	881b      	ldrh	r3, [r3, #0]
1000084e:	6922      	ldr	r2, [r4, #16]
10000850:	8123      	strh	r3, [r4, #8]
10000852:	f3ef 8310 	mrs	r3, PRIMASK
10000856:	b672      	cpsid	i
10000858:	6811      	ldr	r1, [r2, #0]
1000085a:	2900      	cmp	r1, #0
1000085c:	d0fc      	beq.n	10000858 <alarm_pool_irq_handler+0x2b0>
1000085e:	f3bf 8f5f 	dmb	sy
10000862:	4651      	mov	r1, sl
10000864:	8862      	ldrh	r2, [r4, #2]
10000866:	800a      	strh	r2, [r1, #0]
10000868:	6922      	ldr	r2, [r4, #16]
1000086a:	8065      	strh	r5, [r4, #2]
1000086c:	f3bf 8f5f 	dmb	sy
10000870:	2100      	movs	r1, #0
10000872:	6011      	str	r1, [r2, #0]
10000874:	f383 8810 	msr	PRIMASK, r3
10000878:	e6b4      	b.n	100005e4 <alarm_pool_irq_handler+0x3c>
1000087a:	4286      	cmp	r6, r0
1000087c:	d800      	bhi.n	10000880 <alarm_pool_irq_handler+0x2d8>
1000087e:	e6f8      	b.n	10000672 <alarm_pool_irq_handler+0xca>
10000880:	e6b0      	b.n	100005e4 <alarm_pool_irq_handler+0x3c>
10000882:	465b      	mov	r3, fp
10000884:	681a      	ldr	r2, [r3, #0]
10000886:	685b      	ldr	r3, [r3, #4]
10000888:	9200      	str	r2, [sp, #0]
1000088a:	9301      	str	r3, [sp, #4]
1000088c:	e707      	b.n	1000069e <alarm_pool_irq_handler+0xf6>
1000088e:	45b3      	cmp	fp, r6
10000890:	d800      	bhi.n	10000894 <alarm_pool_irq_handler+0x2ec>
10000892:	e748      	b.n	10000726 <alarm_pool_irq_handler+0x17e>
10000894:	e74c      	b.n	10000730 <alarm_pool_irq_handler+0x188>
10000896:	46c0      	nop			@ (mov r8, r8)
10000898:	200005f0 	.word	0x200005f0
1000089c:	4005703c 	.word	0x4005703c
100008a0:	100005a9 	.word	0x100005a9
100008a4:	40054000 	.word	0x40054000

100008a8 <runtime_init_default_alarm_pool>:
100008a8:	b570      	push	{r4, r5, r6, lr}
100008aa:	4c2e      	ldr	r4, [pc, #184]	@ (10000964 <runtime_init_default_alarm_pool+0xbc>)
100008ac:	6925      	ldr	r5, [r4, #16]
100008ae:	2d00      	cmp	r5, #0
100008b0:	d004      	beq.n	100008bc <runtime_init_default_alarm_pool+0x14>
100008b2:	210a      	movs	r1, #10
100008b4:	482c      	ldr	r0, [pc, #176]	@ (10000968 <runtime_init_default_alarm_pool+0xc0>)
100008b6:	f7ff fe2f 	bl	10000518 <lock_init>
100008ba:	bd70      	pop	{r4, r5, r6, pc}
100008bc:	4e2b      	ldr	r6, [pc, #172]	@ (1000096c <runtime_init_default_alarm_pool+0xc4>)
100008be:	2103      	movs	r1, #3
100008c0:	0030      	movs	r0, r6
100008c2:	f000 fa0d 	bl	10000ce0 <timer_hardware_alarm_claim>
100008c6:	60e6      	str	r6, [r4, #12]
100008c8:	f7ff fdbe 	bl	10000448 <next_striped_spin_lock_num>
100008cc:	4b28      	ldr	r3, [pc, #160]	@ (10000970 <runtime_init_default_alarm_pool+0xc8>)
100008ce:	2203      	movs	r2, #3
100008d0:	469c      	mov	ip, r3
100008d2:	23d0      	movs	r3, #208	@ 0xd0
100008d4:	7022      	strb	r2, [r4, #0]
100008d6:	061b      	lsls	r3, r3, #24
100008d8:	681b      	ldr	r3, [r3, #0]
100008da:	2101      	movs	r1, #1
100008dc:	7063      	strb	r3, [r4, #1]
100008de:	4b25      	ldr	r3, [pc, #148]	@ (10000974 <runtime_init_default_alarm_pool+0xcc>)
100008e0:	4460      	add	r0, ip
100008e2:	60a3      	str	r3, [r4, #8]
100008e4:	230f      	movs	r3, #15
100008e6:	0080      	lsls	r0, r0, #2
100008e8:	6120      	str	r0, [r4, #16]
100008ea:	2002      	movs	r0, #2
100008ec:	8063      	strh	r3, [r4, #2]
100008ee:	6963      	ldr	r3, [r4, #20]
100008f0:	4249      	negs	r1, r1
100008f2:	80a1      	strh	r1, [r4, #4]
100008f4:	8019      	strh	r1, [r3, #0]
100008f6:	3102      	adds	r1, #2
100008f8:	8619      	strh	r1, [r3, #48]	@ 0x30
100008fa:	3147      	adds	r1, #71	@ 0x47
100008fc:	831d      	strh	r5, [r3, #24]
100008fe:	5258      	strh	r0, [r3, r1]
10000900:	3118      	adds	r1, #24
10000902:	525a      	strh	r2, [r3, r1]
10000904:	3275      	adds	r2, #117	@ 0x75
10000906:	395c      	subs	r1, #92	@ 0x5c
10000908:	5299      	strh	r1, [r3, r2]
1000090a:	3218      	adds	r2, #24
1000090c:	3101      	adds	r1, #1
1000090e:	5299      	strh	r1, [r3, r2]
10000910:	3218      	adds	r2, #24
10000912:	3101      	adds	r1, #1
10000914:	5299      	strh	r1, [r3, r2]
10000916:	3218      	adds	r2, #24
10000918:	3101      	adds	r1, #1
1000091a:	5299      	strh	r1, [r3, r2]
1000091c:	3508      	adds	r5, #8
1000091e:	3218      	adds	r2, #24
10000920:	529d      	strh	r5, [r3, r2]
10000922:	3102      	adds	r1, #2
10000924:	3218      	adds	r2, #24
10000926:	5299      	strh	r1, [r3, r2]
10000928:	3218      	adds	r2, #24
1000092a:	3101      	adds	r1, #1
1000092c:	5299      	strh	r1, [r3, r2]
1000092e:	3218      	adds	r2, #24
10000930:	3101      	adds	r1, #1
10000932:	5299      	strh	r1, [r3, r2]
10000934:	3218      	adds	r2, #24
10000936:	3101      	adds	r1, #1
10000938:	5299      	strh	r1, [r3, r2]
1000093a:	3218      	adds	r2, #24
1000093c:	3101      	adds	r1, #1
1000093e:	5299      	strh	r1, [r3, r2]
10000940:	3218      	adds	r2, #24
10000942:	3101      	adds	r1, #1
10000944:	5299      	strh	r1, [r3, r2]
10000946:	4b0c      	ldr	r3, [pc, #48]	@ (10000978 <runtime_init_default_alarm_pool+0xd0>)
10000948:	490c      	ldr	r1, [pc, #48]	@ (1000097c <runtime_init_default_alarm_pool+0xd4>)
1000094a:	60dc      	str	r4, [r3, #12]
1000094c:	3001      	adds	r0, #1
1000094e:	6235      	str	r5, [r6, #32]
10000950:	f7ff fdb8 	bl	100004c4 <irq_set_exclusive_handler>
10000954:	2101      	movs	r1, #1
10000956:	2003      	movs	r0, #3
10000958:	f7ff fda2 	bl	100004a0 <irq_set_enabled>
1000095c:	4b08      	ldr	r3, [pc, #32]	@ (10000980 <runtime_init_default_alarm_pool+0xd8>)
1000095e:	601d      	str	r5, [r3, #0]
10000960:	e7a7      	b.n	100008b2 <runtime_init_default_alarm_pool+0xa>
10000962:	46c0      	nop			@ (mov r8, r8)
10000964:	200001f0 	.word	0x200001f0
10000968:	20000604 	.word	0x20000604
1000096c:	40054000 	.word	0x40054000
10000970:	34000040 	.word	0x34000040
10000974:	0010ffff 	.word	0x0010ffff
10000978:	200005f0 	.word	0x200005f0
1000097c:	100005a9 	.word	0x100005a9
10000980:	40056038 	.word	0x40056038

10000984 <alarm_pool_add_alarm_at_force_in_context>:
10000984:	b570      	push	{r4, r5, r6, lr}
10000986:	0001      	movs	r1, r0
10000988:	6904      	ldr	r4, [r0, #16]
1000098a:	f3ef 8c10 	mrs	ip, PRIMASK
1000098e:	b672      	cpsid	i
10000990:	6820      	ldr	r0, [r4, #0]
10000992:	2800      	cmp	r0, #0
10000994:	d0fc      	beq.n	10000990 <alarm_pool_add_alarm_at_force_in_context+0xc>
10000996:	f3bf 8f5f 	dmb	sy
1000099a:	2002      	movs	r0, #2
1000099c:	5e0d      	ldrsh	r5, [r1, r0]
1000099e:	694c      	ldr	r4, [r1, #20]
100009a0:	0068      	lsls	r0, r5, #1
100009a2:	1940      	adds	r0, r0, r5
100009a4:	00c0      	lsls	r0, r0, #3
100009a6:	1824      	adds	r4, r4, r0
100009a8:	6908      	ldr	r0, [r1, #16]
100009aa:	2d00      	cmp	r5, #0
100009ac:	db36      	blt.n	10000a1c <alarm_pool_add_alarm_at_force_in_context+0x98>
100009ae:	8826      	ldrh	r6, [r4, #0]
100009b0:	804e      	strh	r6, [r1, #2]
100009b2:	f3bf 8f5f 	dmb	sy
100009b6:	2600      	movs	r6, #0
100009b8:	6006      	str	r6, [r0, #0]
100009ba:	f38c 8810 	msr	PRIMASK, ip
100009be:	60e3      	str	r3, [r4, #12]
100009c0:	8863      	ldrh	r3, [r4, #2]
100009c2:	9804      	ldr	r0, [sp, #16]
100009c4:	3301      	adds	r3, #1
100009c6:	6120      	str	r0, [r4, #16]
100009c8:	045b      	lsls	r3, r3, #17
100009ca:	9805      	ldr	r0, [sp, #20]
100009cc:	0c5b      	lsrs	r3, r3, #17
100009ce:	60a2      	str	r2, [r4, #8]
100009d0:	6160      	str	r0, [r4, #20]
100009d2:	1c1a      	adds	r2, r3, #0
100009d4:	2b00      	cmp	r3, #0
100009d6:	d01f      	beq.n	10000a18 <alarm_pool_add_alarm_at_force_in_context+0x94>
100009d8:	b293      	uxth	r3, r2
100009da:	0428      	lsls	r0, r5, #16
100009dc:	8062      	strh	r2, [r4, #2]
100009de:	4318      	orrs	r0, r3
100009e0:	690a      	ldr	r2, [r1, #16]
100009e2:	f3ef 8c10 	mrs	ip, PRIMASK
100009e6:	b672      	cpsid	i
100009e8:	6813      	ldr	r3, [r2, #0]
100009ea:	2b00      	cmp	r3, #0
100009ec:	d0fc      	beq.n	100009e8 <alarm_pool_add_alarm_at_force_in_context+0x64>
100009ee:	f3bf 8f5f 	dmb	sy
100009f2:	888b      	ldrh	r3, [r1, #4]
100009f4:	8023      	strh	r3, [r4, #0]
100009f6:	808d      	strh	r5, [r1, #4]
100009f8:	690b      	ldr	r3, [r1, #16]
100009fa:	f3bf 8f5f 	dmb	sy
100009fe:	2200      	movs	r2, #0
10000a00:	601a      	str	r2, [r3, #0]
10000a02:	f38c 8810 	msr	PRIMASK, ip
10000a06:	780b      	ldrb	r3, [r1, #0]
10000a08:	3201      	adds	r2, #1
10000a0a:	409a      	lsls	r2, r3
10000a0c:	68cb      	ldr	r3, [r1, #12]
10000a0e:	4908      	ldr	r1, [pc, #32]	@ (10000a30 <alarm_pool_add_alarm_at_force_in_context+0xac>)
10000a10:	468c      	mov	ip, r1
10000a12:	4463      	add	r3, ip
10000a14:	601a      	str	r2, [r3, #0]
10000a16:	bd70      	pop	{r4, r5, r6, pc}
10000a18:	2201      	movs	r2, #1
10000a1a:	e7dd      	b.n	100009d8 <alarm_pool_add_alarm_at_force_in_context+0x54>
10000a1c:	f3bf 8f5f 	dmb	sy
10000a20:	2300      	movs	r3, #0
10000a22:	6003      	str	r3, [r0, #0]
10000a24:	f38c 8810 	msr	PRIMASK, ip
10000a28:	2001      	movs	r0, #1
10000a2a:	4240      	negs	r0, r0
10000a2c:	e7f3      	b.n	10000a16 <alarm_pool_add_alarm_at_force_in_context+0x92>
10000a2e:	46c0      	nop			@ (mov r8, r8)
10000a30:	0000203c 	.word	0x0000203c

10000a34 <alarm_pool_cancel_alarm>:
10000a34:	b510      	push	{r4, lr}
10000a36:	8943      	ldrh	r3, [r0, #10]
10000a38:	140a      	asrs	r2, r1, #16
10000a3a:	4293      	cmp	r3, r2
10000a3c:	dd1a      	ble.n	10000a74 <alarm_pool_cancel_alarm+0x40>
10000a3e:	0053      	lsls	r3, r2, #1
10000a40:	189b      	adds	r3, r3, r2
10000a42:	6942      	ldr	r2, [r0, #20]
10000a44:	00db      	lsls	r3, r3, #3
10000a46:	18d3      	adds	r3, r2, r3
10000a48:	6904      	ldr	r4, [r0, #16]
10000a4a:	f3ef 8c10 	mrs	ip, PRIMASK
10000a4e:	b672      	cpsid	i
10000a50:	6822      	ldr	r2, [r4, #0]
10000a52:	2a00      	cmp	r2, #0
10000a54:	d0fc      	beq.n	10000a50 <alarm_pool_cancel_alarm+0x1c>
10000a56:	f3bf 8f5f 	dmb	sy
10000a5a:	885a      	ldrh	r2, [r3, #2]
10000a5c:	0409      	lsls	r1, r1, #16
10000a5e:	b294      	uxth	r4, r2
10000a60:	0c09      	lsrs	r1, r1, #16
10000a62:	428a      	cmp	r2, r1
10000a64:	d008      	beq.n	10000a78 <alarm_pool_cancel_alarm+0x44>
10000a66:	6903      	ldr	r3, [r0, #16]
10000a68:	f3bf 8f5f 	dmb	sy
10000a6c:	2200      	movs	r2, #0
10000a6e:	601a      	str	r2, [r3, #0]
10000a70:	f38c 8810 	msr	PRIMASK, ip
10000a74:	2000      	movs	r0, #0
10000a76:	bd10      	pop	{r4, pc}
10000a78:	2280      	movs	r2, #128	@ 0x80
10000a7a:	0212      	lsls	r2, r2, #8
10000a7c:	4314      	orrs	r4, r2
10000a7e:	805c      	strh	r4, [r3, #2]
10000a80:	2301      	movs	r3, #1
10000a82:	6902      	ldr	r2, [r0, #16]
10000a84:	7183      	strb	r3, [r0, #6]
10000a86:	f3bf 8f5f 	dmb	sy
10000a8a:	2100      	movs	r1, #0
10000a8c:	6011      	str	r1, [r2, #0]
10000a8e:	f38c 8810 	msr	PRIMASK, ip
10000a92:	4904      	ldr	r1, [pc, #16]	@ (10000aa4 <alarm_pool_cancel_alarm+0x70>)
10000a94:	7802      	ldrb	r2, [r0, #0]
10000a96:	468c      	mov	ip, r1
10000a98:	4093      	lsls	r3, r2
10000a9a:	68c2      	ldr	r2, [r0, #12]
10000a9c:	2001      	movs	r0, #1
10000a9e:	4462      	add	r2, ip
10000aa0:	6013      	str	r3, [r2, #0]
10000aa2:	e7e8      	b.n	10000a76 <alarm_pool_cancel_alarm+0x42>
10000aa4:	0000203c 	.word	0x0000203c

10000aa8 <sleep_ms>:
10000aa8:	b5f0      	push	{r4, r5, r6, r7, lr}
10000aaa:	46c6      	mov	lr, r8
10000aac:	b500      	push	{lr}
10000aae:	b082      	sub	sp, #8
10000ab0:	0004      	movs	r4, r0
10000ab2:	f000 f927 	bl	10000d04 <time_us_64>
10000ab6:	22fa      	movs	r2, #250	@ 0xfa
10000ab8:	0006      	movs	r6, r0
10000aba:	000f      	movs	r7, r1
10000abc:	0020      	movs	r0, r4
10000abe:	2300      	movs	r3, #0
10000ac0:	2100      	movs	r1, #0
10000ac2:	0092      	lsls	r2, r2, #2
10000ac4:	f001 fa78 	bl	10001fb8 <__wrap___aeabi_lmul>
10000ac8:	1980      	adds	r0, r0, r6
10000aca:	4179      	adcs	r1, r7
10000acc:	0004      	movs	r4, r0
10000ace:	1e0d      	subs	r5, r1, #0
10000ad0:	da02      	bge.n	10000ad8 <sleep_ms+0x30>
10000ad2:	2401      	movs	r4, #1
10000ad4:	4d2e      	ldr	r5, [pc, #184]	@ (10000b90 <sleep_ms+0xe8>)
10000ad6:	4264      	negs	r4, r4
10000ad8:	2606      	movs	r6, #6
10000ada:	4276      	negs	r6, r6
10000adc:	17f7      	asrs	r7, r6, #31
10000ade:	1936      	adds	r6, r6, r4
10000ae0:	416f      	adcs	r7, r5
10000ae2:	42af      	cmp	r7, r5
10000ae4:	d814      	bhi.n	10000b10 <sleep_ms+0x68>
10000ae6:	d011      	beq.n	10000b0c <sleep_ms+0x64>
10000ae8:	f000 f90c 	bl	10000d04 <time_us_64>
10000aec:	0032      	movs	r2, r6
10000aee:	003b      	movs	r3, r7
10000af0:	1a12      	subs	r2, r2, r0
10000af2:	418b      	sbcs	r3, r1
10000af4:	2b00      	cmp	r3, #0
10000af6:	dc15      	bgt.n	10000b24 <sleep_ms+0x7c>
10000af8:	2b00      	cmp	r3, #0
10000afa:	d046      	beq.n	10000b8a <sleep_ms+0xe2>
10000afc:	0020      	movs	r0, r4
10000afe:	0029      	movs	r1, r5
10000b00:	f000 f93e 	bl	10000d80 <busy_wait_until>
10000b04:	b002      	add	sp, #8
10000b06:	bc80      	pop	{r7}
10000b08:	46b8      	mov	r8, r7
10000b0a:	bdf0      	pop	{r4, r5, r6, r7, pc}
10000b0c:	42a6      	cmp	r6, r4
10000b0e:	d9eb      	bls.n	10000ae8 <sleep_ms+0x40>
10000b10:	2600      	movs	r6, #0
10000b12:	2700      	movs	r7, #0
10000b14:	f000 f8f6 	bl	10000d04 <time_us_64>
10000b18:	0032      	movs	r2, r6
10000b1a:	003b      	movs	r3, r7
10000b1c:	1a12      	subs	r2, r2, r0
10000b1e:	418b      	sbcs	r3, r1
10000b20:	2b00      	cmp	r3, #0
10000b22:	dde9      	ble.n	10000af8 <sleep_ms+0x50>
10000b24:	f000 f8ee 	bl	10000d04 <time_us_64>
10000b28:	0032      	movs	r2, r6
10000b2a:	003b      	movs	r3, r7
10000b2c:	1a12      	subs	r2, r2, r0
10000b2e:	418b      	sbcs	r3, r1
10000b30:	2b00      	cmp	r3, #0
10000b32:	db0a      	blt.n	10000b4a <sleep_ms+0xa2>
10000b34:	2300      	movs	r3, #0
10000b36:	9301      	str	r3, [sp, #4]
10000b38:	4b16      	ldr	r3, [pc, #88]	@ (10000b94 <sleep_ms+0xec>)
10000b3a:	0032      	movs	r2, r6
10000b3c:	9300      	str	r3, [sp, #0]
10000b3e:	4816      	ldr	r0, [pc, #88]	@ (10000b98 <sleep_ms+0xf0>)
10000b40:	003b      	movs	r3, r7
10000b42:	f7ff ff1f 	bl	10000984 <alarm_pool_add_alarm_at_force_in_context>
10000b46:	3001      	adds	r0, #1
10000b48:	d0d8      	beq.n	10000afc <sleep_ms+0x54>
10000b4a:	2300      	movs	r3, #0
10000b4c:	0039      	movs	r1, r7
10000b4e:	46b0      	mov	r8, r6
10000b50:	469c      	mov	ip, r3
10000b52:	4a12      	ldr	r2, [pc, #72]	@ (10000b9c <sleep_ms+0xf4>)
10000b54:	4812      	ldr	r0, [pc, #72]	@ (10000ba0 <sleep_ms+0xf8>)
10000b56:	6a53      	ldr	r3, [r2, #36]	@ 0x24
10000b58:	4299      	cmp	r1, r3
10000b5a:	d804      	bhi.n	10000b66 <sleep_ms+0xbe>
10000b5c:	6a96      	ldr	r6, [r2, #40]	@ 0x28
10000b5e:	4546      	cmp	r6, r8
10000b60:	d2cc      	bcs.n	10000afc <sleep_ms+0x54>
10000b62:	4299      	cmp	r1, r3
10000b64:	d1ca      	bne.n	10000afc <sleep_ms+0x54>
10000b66:	6806      	ldr	r6, [r0, #0]
10000b68:	f3ef 8710 	mrs	r7, PRIMASK
10000b6c:	b672      	cpsid	i
10000b6e:	6833      	ldr	r3, [r6, #0]
10000b70:	2b00      	cmp	r3, #0
10000b72:	d0fc      	beq.n	10000b6e <sleep_ms+0xc6>
10000b74:	f3bf 8f5f 	dmb	sy
10000b78:	6803      	ldr	r3, [r0, #0]
10000b7a:	f3bf 8f5f 	dmb	sy
10000b7e:	4666      	mov	r6, ip
10000b80:	601e      	str	r6, [r3, #0]
10000b82:	f387 8810 	msr	PRIMASK, r7
10000b86:	bf20      	wfe
10000b88:	e7e5      	b.n	10000b56 <sleep_ms+0xae>
10000b8a:	2a00      	cmp	r2, #0
10000b8c:	d0b6      	beq.n	10000afc <sleep_ms+0x54>
10000b8e:	e7c9      	b.n	10000b24 <sleep_ms+0x7c>
10000b90:	7fffffff 	.word	0x7fffffff
10000b94:	10000579 	.word	0x10000579
10000b98:	200001f0 	.word	0x200001f0
10000b9c:	40054000 	.word	0x40054000
10000ba0:	20000604 	.word	0x20000604

10000ba4 <best_effort_wfe_or_timeout>:
10000ba4:	b5f0      	push	{r4, r5, r6, r7, lr}
10000ba6:	4645      	mov	r5, r8
10000ba8:	46de      	mov	lr, fp
10000baa:	4657      	mov	r7, sl
10000bac:	464e      	mov	r6, r9
10000bae:	b5e0      	push	{r5, r6, r7, lr}
10000bb0:	0004      	movs	r4, r0
10000bb2:	000d      	movs	r5, r1
10000bb4:	b085      	sub	sp, #20
10000bb6:	f3ef 8305 	mrs	r3, IPSR
10000bba:	4689      	mov	r9, r1
10000bbc:	2b00      	cmp	r3, #0
10000bbe:	d137      	bne.n	10000c30 <best_effort_wfe_or_timeout+0x8c>
10000bc0:	4b43      	ldr	r3, [pc, #268]	@ (10000cd0 <best_effort_wfe_or_timeout+0x12c>)
10000bc2:	469a      	mov	sl, r3
10000bc4:	681b      	ldr	r3, [r3, #0]
10000bc6:	4283      	cmp	r3, r0
10000bc8:	d02d      	beq.n	10000c26 <best_effort_wfe_or_timeout+0x82>
10000bca:	4b42      	ldr	r3, [pc, #264]	@ (10000cd4 <best_effort_wfe_or_timeout+0x130>)
10000bcc:	469b      	mov	fp, r3
10000bce:	68db      	ldr	r3, [r3, #12]
10000bd0:	4698      	mov	r8, r3
10000bd2:	465b      	mov	r3, fp
10000bd4:	781b      	ldrb	r3, [r3, #0]
10000bd6:	4640      	mov	r0, r8
10000bd8:	9303      	str	r3, [sp, #12]
10000bda:	f000 f88b 	bl	10000cf4 <timer_time_us_64>
10000bde:	4642      	mov	r2, r8
10000be0:	9b03      	ldr	r3, [sp, #12]
10000be2:	0006      	movs	r6, r0
10000be4:	3304      	adds	r3, #4
10000be6:	009b      	lsls	r3, r3, #2
10000be8:	589b      	ldr	r3, [r3, r2]
10000bea:	000f      	movs	r7, r1
10000bec:	1a1b      	subs	r3, r3, r0
10000bee:	0029      	movs	r1, r5
10000bf0:	0020      	movs	r0, r4
10000bf2:	2200      	movs	r2, #0
10000bf4:	1b80      	subs	r0, r0, r6
10000bf6:	41b9      	sbcs	r1, r7
10000bf8:	428a      	cmp	r2, r1
10000bfa:	dc28      	bgt.n	10000c4e <best_effort_wfe_or_timeout+0xaa>
10000bfc:	d025      	beq.n	10000c4a <best_effort_wfe_or_timeout+0xa6>
10000bfe:	bf20      	wfe
10000c00:	4b35      	ldr	r3, [pc, #212]	@ (10000cd8 <best_effort_wfe_or_timeout+0x134>)
10000c02:	6a58      	ldr	r0, [r3, #36]	@ 0x24
10000c04:	4548      	cmp	r0, r9
10000c06:	d32e      	bcc.n	10000c66 <best_effort_wfe_or_timeout+0xc2>
10000c08:	1b40      	subs	r0, r0, r5
10000c0a:	6a9a      	ldr	r2, [r3, #40]	@ 0x28
10000c0c:	1e43      	subs	r3, r0, #1
10000c0e:	4198      	sbcs	r0, r3
10000c10:	2300      	movs	r3, #0
10000c12:	42a2      	cmp	r2, r4
10000c14:	415b      	adcs	r3, r3
10000c16:	4318      	orrs	r0, r3
10000c18:	b005      	add	sp, #20
10000c1a:	bcf0      	pop	{r4, r5, r6, r7}
10000c1c:	46bb      	mov	fp, r7
10000c1e:	46b2      	mov	sl, r6
10000c20:	46a9      	mov	r9, r5
10000c22:	46a0      	mov	r8, r4
10000c24:	bdf0      	pop	{r4, r5, r6, r7, pc}
10000c26:	4653      	mov	r3, sl
10000c28:	685b      	ldr	r3, [r3, #4]
10000c2a:	428b      	cmp	r3, r1
10000c2c:	d1cd      	bne.n	10000bca <best_effort_wfe_or_timeout+0x26>
10000c2e:	e7e6      	b.n	10000bfe <best_effort_wfe_or_timeout+0x5a>
10000c30:	4929      	ldr	r1, [pc, #164]	@ (10000cd8 <best_effort_wfe_or_timeout+0x134>)
10000c32:	2000      	movs	r0, #0
10000c34:	6a4b      	ldr	r3, [r1, #36]	@ 0x24
10000c36:	42ab      	cmp	r3, r5
10000c38:	d3ee      	bcc.n	10000c18 <best_effort_wfe_or_timeout+0x74>
10000c3a:	6a8a      	ldr	r2, [r1, #40]	@ 0x28
10000c3c:	1b5b      	subs	r3, r3, r5
10000c3e:	1e59      	subs	r1, r3, #1
10000c40:	418b      	sbcs	r3, r1
10000c42:	42a2      	cmp	r2, r4
10000c44:	4140      	adcs	r0, r0
10000c46:	4318      	orrs	r0, r3
10000c48:	e7e6      	b.n	10000c18 <best_effort_wfe_or_timeout+0x74>
10000c4a:	4283      	cmp	r3, r0
10000c4c:	d9d7      	bls.n	10000bfe <best_effort_wfe_or_timeout+0x5a>
10000c4e:	f000 f859 	bl	10000d04 <time_us_64>
10000c52:	0022      	movs	r2, r4
10000c54:	002b      	movs	r3, r5
10000c56:	1a12      	subs	r2, r2, r0
10000c58:	418b      	sbcs	r3, r1
10000c5a:	2b00      	cmp	r3, #0
10000c5c:	da05      	bge.n	10000c6a <best_effort_wfe_or_timeout+0xc6>
10000c5e:	4a1e      	ldr	r2, [pc, #120]	@ (10000cd8 <best_effort_wfe_or_timeout+0x134>)
10000c60:	6a53      	ldr	r3, [r2, #36]	@ 0x24
10000c62:	454b      	cmp	r3, r9
10000c64:	d22a      	bcs.n	10000cbc <best_effort_wfe_or_timeout+0x118>
10000c66:	2000      	movs	r0, #0
10000c68:	e7d6      	b.n	10000c18 <best_effort_wfe_or_timeout+0x74>
10000c6a:	2300      	movs	r3, #0
10000c6c:	9301      	str	r3, [sp, #4]
10000c6e:	4b1b      	ldr	r3, [pc, #108]	@ (10000cdc <best_effort_wfe_or_timeout+0x138>)
10000c70:	0022      	movs	r2, r4
10000c72:	9300      	str	r3, [sp, #0]
10000c74:	4658      	mov	r0, fp
10000c76:	002b      	movs	r3, r5
10000c78:	f7ff fe84 	bl	10000984 <alarm_pool_add_alarm_at_force_in_context>
10000c7c:	1e01      	subs	r1, r0, #0
10000c7e:	ddee      	ble.n	10000c5e <best_effort_wfe_or_timeout+0xba>
10000c80:	4653      	mov	r3, sl
10000c82:	601c      	str	r4, [r3, #0]
10000c84:	605d      	str	r5, [r3, #4]
10000c86:	4b14      	ldr	r3, [pc, #80]	@ (10000cd8 <best_effort_wfe_or_timeout+0x134>)
10000c88:	6a5a      	ldr	r2, [r3, #36]	@ 0x24
10000c8a:	454a      	cmp	r2, r9
10000c8c:	d314      	bcc.n	10000cb8 <best_effort_wfe_or_timeout+0x114>
10000c8e:	6a9b      	ldr	r3, [r3, #40]	@ 0x28
10000c90:	42a3      	cmp	r3, r4
10000c92:	d30f      	bcc.n	10000cb4 <best_effort_wfe_or_timeout+0x110>
10000c94:	4658      	mov	r0, fp
10000c96:	f7ff fecd 	bl	10000a34 <alarm_pool_cancel_alarm>
10000c9a:	4a0f      	ldr	r2, [pc, #60]	@ (10000cd8 <best_effort_wfe_or_timeout+0x134>)
10000c9c:	2000      	movs	r0, #0
10000c9e:	6a53      	ldr	r3, [r2, #36]	@ 0x24
10000ca0:	454b      	cmp	r3, r9
10000ca2:	d3b9      	bcc.n	10000c18 <best_effort_wfe_or_timeout+0x74>
10000ca4:	6a92      	ldr	r2, [r2, #40]	@ 0x28
10000ca6:	1b5b      	subs	r3, r3, r5
10000ca8:	1e59      	subs	r1, r3, #1
10000caa:	418b      	sbcs	r3, r1
10000cac:	42a2      	cmp	r2, r4
10000cae:	4140      	adcs	r0, r0
10000cb0:	4318      	orrs	r0, r3
10000cb2:	e7b1      	b.n	10000c18 <best_effort_wfe_or_timeout+0x74>
10000cb4:	454a      	cmp	r2, r9
10000cb6:	d1ed      	bne.n	10000c94 <best_effort_wfe_or_timeout+0xf0>
10000cb8:	bf20      	wfe
10000cba:	e7eb      	b.n	10000c94 <best_effort_wfe_or_timeout+0xf0>
10000cbc:	2000      	movs	r0, #0
10000cbe:	6a92      	ldr	r2, [r2, #40]	@ 0x28
10000cc0:	1b5b      	subs	r3, r3, r5
10000cc2:	42a2      	cmp	r2, r4
10000cc4:	4140      	adcs	r0, r0
10000cc6:	1e5a      	subs	r2, r3, #1
10000cc8:	4193      	sbcs	r3, r2
10000cca:	4318      	orrs	r0, r3
10000ccc:	e7a4      	b.n	10000c18 <best_effort_wfe_or_timeout+0x74>
10000cce:	46c0      	nop			@ (mov r8, r8)
10000cd0:	200001e8 	.word	0x200001e8
10000cd4:	200001f0 	.word	0x200001f0
10000cd8:	40054000 	.word	0x40054000
10000cdc:	10000579 	.word	0x10000579

10000ce0 <timer_hardware_alarm_claim>:
10000ce0:	b510      	push	{r4, lr}
10000ce2:	4a02      	ldr	r2, [pc, #8]	@ (10000cec <timer_hardware_alarm_claim+0xc>)
10000ce4:	4802      	ldr	r0, [pc, #8]	@ (10000cf0 <timer_hardware_alarm_claim+0x10>)
10000ce6:	f7ff fb8d 	bl	10000404 <hw_claim_or_assert>
10000cea:	bd10      	pop	{r4, pc}
10000cec:	10003f30 	.word	0x10003f30
10000cf0:	200005b8 	.word	0x200005b8

10000cf4 <timer_time_us_64>:
10000cf4:	0003      	movs	r3, r0
10000cf6:	6a41      	ldr	r1, [r0, #36]	@ 0x24
10000cf8:	000a      	movs	r2, r1
10000cfa:	6a98      	ldr	r0, [r3, #40]	@ 0x28
10000cfc:	6a59      	ldr	r1, [r3, #36]	@ 0x24
10000cfe:	428a      	cmp	r2, r1
10000d00:	d1fa      	bne.n	10000cf8 <timer_time_us_64+0x4>
10000d02:	4770      	bx	lr

10000d04 <time_us_64>:
10000d04:	4b03      	ldr	r3, [pc, #12]	@ (10000d14 <time_us_64+0x10>)
10000d06:	6a59      	ldr	r1, [r3, #36]	@ 0x24
10000d08:	000a      	movs	r2, r1
10000d0a:	6a98      	ldr	r0, [r3, #40]	@ 0x28
10000d0c:	6a59      	ldr	r1, [r3, #36]	@ 0x24
10000d0e:	4291      	cmp	r1, r2
10000d10:	d1fa      	bne.n	10000d08 <time_us_64+0x4>
10000d12:	4770      	bx	lr
10000d14:	40054000 	.word	0x40054000

10000d18 <busy_wait_us>:
10000d18:	b570      	push	{r4, r5, r6, lr}
10000d1a:	0004      	movs	r4, r0
10000d1c:	000d      	movs	r5, r1
10000d1e:	4a17      	ldr	r2, [pc, #92]	@ (10000d7c <busy_wait_us+0x64>)
10000d20:	6a53      	ldr	r3, [r2, #36]	@ 0x24
10000d22:	0019      	movs	r1, r3
10000d24:	6a96      	ldr	r6, [r2, #40]	@ 0x28
10000d26:	6a53      	ldr	r3, [r2, #36]	@ 0x24
10000d28:	428b      	cmp	r3, r1
10000d2a:	d1fa      	bne.n	10000d22 <busy_wait_us+0xa>
10000d2c:	0030      	movs	r0, r6
10000d2e:	0019      	movs	r1, r3
10000d30:	1824      	adds	r4, r4, r0
10000d32:	414d      	adcs	r5, r1
10000d34:	42ab      	cmp	r3, r5
10000d36:	d816      	bhi.n	10000d66 <busy_wait_us+0x4e>
10000d38:	d013      	beq.n	10000d62 <busy_wait_us+0x4a>
10000d3a:	4b10      	ldr	r3, [pc, #64]	@ (10000d7c <busy_wait_us+0x64>)
10000d3c:	002a      	movs	r2, r5
10000d3e:	6a5b      	ldr	r3, [r3, #36]	@ 0x24
10000d40:	429d      	cmp	r5, r3
10000d42:	d903      	bls.n	10000d4c <busy_wait_us+0x34>
10000d44:	490d      	ldr	r1, [pc, #52]	@ (10000d7c <busy_wait_us+0x64>)
10000d46:	6a4b      	ldr	r3, [r1, #36]	@ 0x24
10000d48:	4293      	cmp	r3, r2
10000d4a:	d3fc      	bcc.n	10000d46 <busy_wait_us+0x2e>
10000d4c:	4293      	cmp	r3, r2
10000d4e:	d107      	bne.n	10000d60 <busy_wait_us+0x48>
10000d50:	4a0a      	ldr	r2, [pc, #40]	@ (10000d7c <busy_wait_us+0x64>)
10000d52:	e002      	b.n	10000d5a <busy_wait_us+0x42>
10000d54:	6a51      	ldr	r1, [r2, #36]	@ 0x24
10000d56:	4299      	cmp	r1, r3
10000d58:	d102      	bne.n	10000d60 <busy_wait_us+0x48>
10000d5a:	6a91      	ldr	r1, [r2, #40]	@ 0x28
10000d5c:	42a1      	cmp	r1, r4
10000d5e:	d3f9      	bcc.n	10000d54 <busy_wait_us+0x3c>
10000d60:	bd70      	pop	{r4, r5, r6, pc}
10000d62:	42a6      	cmp	r6, r4
10000d64:	d9e9      	bls.n	10000d3a <busy_wait_us+0x22>
10000d66:	4b05      	ldr	r3, [pc, #20]	@ (10000d7c <busy_wait_us+0x64>)
10000d68:	6a5b      	ldr	r3, [r3, #36]	@ 0x24
10000d6a:	001c      	movs	r4, r3
10000d6c:	1c5a      	adds	r2, r3, #1
10000d6e:	d0ef      	beq.n	10000d50 <busy_wait_us+0x38>
10000d70:	2201      	movs	r2, #1
10000d72:	2401      	movs	r4, #1
10000d74:	4264      	negs	r4, r4
10000d76:	17e5      	asrs	r5, r4, #31
10000d78:	4252      	negs	r2, r2
10000d7a:	e7e3      	b.n	10000d44 <busy_wait_us+0x2c>
10000d7c:	40054000 	.word	0x40054000

10000d80 <busy_wait_until>:
10000d80:	4a06      	ldr	r2, [pc, #24]	@ (10000d9c <busy_wait_until+0x1c>)
10000d82:	6a53      	ldr	r3, [r2, #36]	@ 0x24
10000d84:	4299      	cmp	r1, r3
10000d86:	d8fc      	bhi.n	10000d82 <busy_wait_until+0x2>
10000d88:	d107      	bne.n	10000d9a <busy_wait_until+0x1a>
10000d8a:	4b04      	ldr	r3, [pc, #16]	@ (10000d9c <busy_wait_until+0x1c>)
10000d8c:	e002      	b.n	10000d94 <busy_wait_until+0x14>
10000d8e:	6a5a      	ldr	r2, [r3, #36]	@ 0x24
10000d90:	4291      	cmp	r1, r2
10000d92:	d102      	bne.n	10000d9a <busy_wait_until+0x1a>
10000d94:	6a9a      	ldr	r2, [r3, #40]	@ 0x28
10000d96:	4290      	cmp	r0, r2
10000d98:	d8f9      	bhi.n	10000d8e <busy_wait_until+0xe>
10000d9a:	4770      	bx	lr
10000d9c:	40054000 	.word	0x40054000

10000da0 <clock_configure_int_divider>:
10000da0:	b5f8      	push	{r3, r4, r5, r6, r7, lr}
10000da2:	46de      	mov	lr, fp
10000da4:	464e      	mov	r6, r9
10000da6:	4657      	mov	r7, sl
10000da8:	4645      	mov	r5, r8
10000daa:	b5e0      	push	{r5, r6, r7, lr}
10000dac:	468b      	mov	fp, r1
10000dae:	0005      	movs	r5, r0
10000db0:	990a      	ldr	r1, [sp, #40]	@ 0x28
10000db2:	0018      	movs	r0, r3
10000db4:	0016      	movs	r6, r2
10000db6:	f000 fadb 	bl	10001370 <__wrap___aeabi_uidiv>
10000dba:	9b0a      	ldr	r3, [sp, #40]	@ 0x28
10000dbc:	006c      	lsls	r4, r5, #1
10000dbe:	021f      	lsls	r7, r3, #8
10000dc0:	4b32      	ldr	r3, [pc, #200]	@ (10000e8c <clock_configure_int_divider+0xec>)
10000dc2:	1964      	adds	r4, r4, r5
10000dc4:	469c      	mov	ip, r3
10000dc6:	00a4      	lsls	r4, r4, #2
10000dc8:	4464      	add	r4, ip
10000dca:	6863      	ldr	r3, [r4, #4]
10000dcc:	4681      	mov	r9, r0
10000dce:	429f      	cmp	r7, r3
10000dd0:	d900      	bls.n	10000dd4 <clock_configure_int_divider+0x34>
10000dd2:	6067      	str	r7, [r4, #4]
10000dd4:	1f2b      	subs	r3, r5, #4
10000dd6:	b2db      	uxtb	r3, r3
10000dd8:	4698      	mov	r8, r3
10000dda:	2b01      	cmp	r3, #1
10000ddc:	d930      	bls.n	10000e40 <clock_configure_int_divider+0xa0>
10000dde:	23c0      	movs	r3, #192	@ 0xc0
10000de0:	2280      	movs	r2, #128	@ 0x80
10000de2:	019b      	lsls	r3, r3, #6
10000de4:	18e3      	adds	r3, r4, r3
10000de6:	0112      	lsls	r2, r2, #4
10000de8:	601a      	str	r2, [r3, #0]
10000dea:	4b29      	ldr	r3, [pc, #164]	@ (10000e90 <clock_configure_int_divider+0xf0>)
10000dec:	00ad      	lsls	r5, r5, #2
10000dee:	5959      	ldr	r1, [r3, r5]
10000df0:	469a      	mov	sl, r3
10000df2:	2900      	cmp	r1, #0
10000df4:	d11b      	bne.n	10000e2e <clock_configure_int_divider+0x8e>
10000df6:	0173      	lsls	r3, r6, #5
10000df8:	26e0      	movs	r6, #224	@ 0xe0
10000dfa:	6822      	ldr	r2, [r4, #0]
10000dfc:	4053      	eors	r3, r2
10000dfe:	401e      	ands	r6, r3
10000e00:	2380      	movs	r3, #128	@ 0x80
10000e02:	4642      	mov	r2, r8
10000e04:	015b      	lsls	r3, r3, #5
10000e06:	18e3      	adds	r3, r4, r3
10000e08:	601e      	str	r6, [r3, #0]
10000e0a:	2a01      	cmp	r2, #1
10000e0c:	d930      	bls.n	10000e70 <clock_configure_int_divider+0xd0>
10000e0e:	2380      	movs	r3, #128	@ 0x80
10000e10:	2280      	movs	r2, #128	@ 0x80
10000e12:	019b      	lsls	r3, r3, #6
10000e14:	18e3      	adds	r3, r4, r3
10000e16:	0112      	lsls	r2, r2, #4
10000e18:	601a      	str	r2, [r3, #0]
10000e1a:	4653      	mov	r3, sl
10000e1c:	464a      	mov	r2, r9
10000e1e:	6067      	str	r7, [r4, #4]
10000e20:	515a      	str	r2, [r3, r5]
10000e22:	bcf0      	pop	{r4, r5, r6, r7}
10000e24:	46bb      	mov	fp, r7
10000e26:	46b2      	mov	sl, r6
10000e28:	46a9      	mov	r9, r5
10000e2a:	46a0      	mov	r8, r4
10000e2c:	bdf8      	pop	{r3, r4, r5, r6, r7, pc}
10000e2e:	6958      	ldr	r0, [r3, #20]
10000e30:	f000 fa9e 	bl	10001370 <__wrap___aeabi_uidiv>
10000e34:	3001      	adds	r0, #1
10000e36:	0043      	lsls	r3, r0, #1
10000e38:	181b      	adds	r3, r3, r0
10000e3a:	3b03      	subs	r3, #3
10000e3c:	d2fd      	bcs.n	10000e3a <clock_configure_int_divider+0x9a>
10000e3e:	e7da      	b.n	10000df6 <clock_configure_int_divider+0x56>
10000e40:	465b      	mov	r3, fp
10000e42:	2b01      	cmp	r3, #1
10000e44:	d1cb      	bne.n	10000dde <clock_configure_int_divider+0x3e>
10000e46:	23c0      	movs	r3, #192	@ 0xc0
10000e48:	2203      	movs	r2, #3
10000e4a:	019b      	lsls	r3, r3, #6
10000e4c:	18e3      	adds	r3, r4, r3
10000e4e:	601a      	str	r2, [r3, #0]
10000e50:	3a02      	subs	r2, #2
10000e52:	68a3      	ldr	r3, [r4, #8]
10000e54:	421a      	tst	r2, r3
10000e56:	d0fc      	beq.n	10000e52 <clock_configure_int_divider+0xb2>
10000e58:	0173      	lsls	r3, r6, #5
10000e5a:	26e0      	movs	r6, #224	@ 0xe0
10000e5c:	6822      	ldr	r2, [r4, #0]
10000e5e:	00ad      	lsls	r5, r5, #2
10000e60:	4053      	eors	r3, r2
10000e62:	401e      	ands	r6, r3
10000e64:	2380      	movs	r3, #128	@ 0x80
10000e66:	4a0a      	ldr	r2, [pc, #40]	@ (10000e90 <clock_configure_int_divider+0xf0>)
10000e68:	015b      	lsls	r3, r3, #5
10000e6a:	4692      	mov	sl, r2
10000e6c:	18e3      	adds	r3, r4, r3
10000e6e:	601e      	str	r6, [r3, #0]
10000e70:	465a      	mov	r2, fp
10000e72:	6821      	ldr	r1, [r4, #0]
10000e74:	4051      	eors	r1, r2
10000e76:	2203      	movs	r2, #3
10000e78:	400a      	ands	r2, r1
10000e7a:	601a      	str	r2, [r3, #0]
10000e7c:	2201      	movs	r2, #1
10000e7e:	465b      	mov	r3, fp
10000e80:	409a      	lsls	r2, r3
10000e82:	68a3      	ldr	r3, [r4, #8]
10000e84:	421a      	tst	r2, r3
10000e86:	d0fc      	beq.n	10000e82 <clock_configure_int_divider+0xe2>
10000e88:	e7c1      	b.n	10000e0e <clock_configure_int_divider+0x6e>
10000e8a:	46c0      	nop			@ (mov r8, r8)
10000e8c:	40008000 	.word	0x40008000
10000e90:	200005bc 	.word	0x200005bc

10000e94 <clock_configure_undivided>:
10000e94:	b5f0      	push	{r4, r5, r6, r7, lr}
10000e96:	4646      	mov	r6, r8
10000e98:	464f      	mov	r7, r9
10000e9a:	46d6      	mov	lr, sl
10000e9c:	b5c0      	push	{r6, r7, lr}
10000e9e:	001f      	movs	r7, r3
10000ea0:	4b34      	ldr	r3, [pc, #208]	@ (10000f74 <clock_configure_undivided+0xe0>)
10000ea2:	0044      	lsls	r4, r0, #1
10000ea4:	469c      	mov	ip, r3
10000ea6:	1824      	adds	r4, r4, r0
10000ea8:	00a4      	lsls	r4, r4, #2
10000eaa:	4464      	add	r4, ip
10000eac:	6863      	ldr	r3, [r4, #4]
10000eae:	4688      	mov	r8, r1
10000eb0:	0016      	movs	r6, r2
10000eb2:	2bff      	cmp	r3, #255	@ 0xff
10000eb4:	d802      	bhi.n	10000ebc <clock_configure_undivided+0x28>
10000eb6:	2380      	movs	r3, #128	@ 0x80
10000eb8:	005b      	lsls	r3, r3, #1
10000eba:	6063      	str	r3, [r4, #4]
10000ebc:	1f03      	subs	r3, r0, #4
10000ebe:	b2db      	uxtb	r3, r3
10000ec0:	469a      	mov	sl, r3
10000ec2:	2b01      	cmp	r3, #1
10000ec4:	d930      	bls.n	10000f28 <clock_configure_undivided+0x94>
10000ec6:	23c0      	movs	r3, #192	@ 0xc0
10000ec8:	2280      	movs	r2, #128	@ 0x80
10000eca:	019b      	lsls	r3, r3, #6
10000ecc:	18e3      	adds	r3, r4, r3
10000ece:	0112      	lsls	r2, r2, #4
10000ed0:	601a      	str	r2, [r3, #0]
10000ed2:	4b29      	ldr	r3, [pc, #164]	@ (10000f78 <clock_configure_undivided+0xe4>)
10000ed4:	0085      	lsls	r5, r0, #2
10000ed6:	5959      	ldr	r1, [r3, r5]
10000ed8:	4699      	mov	r9, r3
10000eda:	2900      	cmp	r1, #0
10000edc:	d11b      	bne.n	10000f16 <clock_configure_undivided+0x82>
10000ede:	0173      	lsls	r3, r6, #5
10000ee0:	26e0      	movs	r6, #224	@ 0xe0
10000ee2:	6822      	ldr	r2, [r4, #0]
10000ee4:	4053      	eors	r3, r2
10000ee6:	401e      	ands	r6, r3
10000ee8:	2380      	movs	r3, #128	@ 0x80
10000eea:	4652      	mov	r2, sl
10000eec:	015b      	lsls	r3, r3, #5
10000eee:	18e3      	adds	r3, r4, r3
10000ef0:	601e      	str	r6, [r3, #0]
10000ef2:	2a01      	cmp	r2, #1
10000ef4:	d930      	bls.n	10000f58 <clock_configure_undivided+0xc4>
10000ef6:	2380      	movs	r3, #128	@ 0x80
10000ef8:	2280      	movs	r2, #128	@ 0x80
10000efa:	019b      	lsls	r3, r3, #6
10000efc:	18e3      	adds	r3, r4, r3
10000efe:	0112      	lsls	r2, r2, #4
10000f00:	601a      	str	r2, [r3, #0]
10000f02:	2380      	movs	r3, #128	@ 0x80
10000f04:	005b      	lsls	r3, r3, #1
10000f06:	6063      	str	r3, [r4, #4]
10000f08:	464b      	mov	r3, r9
10000f0a:	515f      	str	r7, [r3, r5]
10000f0c:	bce0      	pop	{r5, r6, r7}
10000f0e:	46ba      	mov	sl, r7
10000f10:	46b1      	mov	r9, r6
10000f12:	46a8      	mov	r8, r5
10000f14:	bdf0      	pop	{r4, r5, r6, r7, pc}
10000f16:	6958      	ldr	r0, [r3, #20]
10000f18:	f000 fa2a 	bl	10001370 <__wrap___aeabi_uidiv>
10000f1c:	3001      	adds	r0, #1
10000f1e:	0043      	lsls	r3, r0, #1
10000f20:	181b      	adds	r3, r3, r0
10000f22:	3b03      	subs	r3, #3
10000f24:	d2fd      	bcs.n	10000f22 <clock_configure_undivided+0x8e>
10000f26:	e7da      	b.n	10000ede <clock_configure_undivided+0x4a>
10000f28:	4643      	mov	r3, r8
10000f2a:	2b01      	cmp	r3, #1
10000f2c:	d1cb      	bne.n	10000ec6 <clock_configure_undivided+0x32>
10000f2e:	23c0      	movs	r3, #192	@ 0xc0
10000f30:	2203      	movs	r2, #3
10000f32:	019b      	lsls	r3, r3, #6
10000f34:	18e3      	adds	r3, r4, r3
10000f36:	601a      	str	r2, [r3, #0]
10000f38:	3a02      	subs	r2, #2
10000f3a:	68a3      	ldr	r3, [r4, #8]
10000f3c:	421a      	tst	r2, r3
10000f3e:	d0fc      	beq.n	10000f3a <clock_configure_undivided+0xa6>
10000f40:	0173      	lsls	r3, r6, #5
10000f42:	26e0      	movs	r6, #224	@ 0xe0
10000f44:	6822      	ldr	r2, [r4, #0]
10000f46:	0085      	lsls	r5, r0, #2
10000f48:	4053      	eors	r3, r2
10000f4a:	401e      	ands	r6, r3
10000f4c:	2380      	movs	r3, #128	@ 0x80
10000f4e:	4a0a      	ldr	r2, [pc, #40]	@ (10000f78 <clock_configure_undivided+0xe4>)
10000f50:	015b      	lsls	r3, r3, #5
10000f52:	4691      	mov	r9, r2
10000f54:	18e3      	adds	r3, r4, r3
10000f56:	601e      	str	r6, [r3, #0]
10000f58:	4642      	mov	r2, r8
10000f5a:	6821      	ldr	r1, [r4, #0]
10000f5c:	4051      	eors	r1, r2
10000f5e:	2203      	movs	r2, #3
10000f60:	400a      	ands	r2, r1
10000f62:	601a      	str	r2, [r3, #0]
10000f64:	2301      	movs	r3, #1
10000f66:	4642      	mov	r2, r8
10000f68:	4093      	lsls	r3, r2
10000f6a:	68a2      	ldr	r2, [r4, #8]
10000f6c:	4213      	tst	r3, r2
10000f6e:	d0fc      	beq.n	10000f6a <clock_configure_undivided+0xd6>
10000f70:	e7c1      	b.n	10000ef6 <clock_configure_undivided+0x62>
10000f72:	46c0      	nop			@ (mov r8, r8)
10000f74:	40008000 	.word	0x40008000
10000f78:	200005bc 	.word	0x200005bc

10000f7c <clock_get_hz>:
10000f7c:	4b01      	ldr	r3, [pc, #4]	@ (10000f84 <clock_get_hz+0x8>)
10000f7e:	0080      	lsls	r0, r0, #2
10000f80:	58c0      	ldr	r0, [r0, r3]
10000f82:	4770      	bx	lr
10000f84:	200005bc 	.word	0x200005bc

10000f88 <pll_init>:
10000f88:	b5f8      	push	{r3, r4, r5, r6, r7, lr}
10000f8a:	0004      	movs	r4, r0
10000f8c:	4821      	ldr	r0, [pc, #132]	@ (10001014 <pll_init+0x8c>)
10000f8e:	001e      	movs	r6, r3
10000f90:	0017      	movs	r7, r2
10000f92:	000d      	movs	r5, r1
10000f94:	f000 f9ec 	bl	10001370 <__wrap___aeabi_uidiv>
10000f98:	0001      	movs	r1, r0
10000f9a:	0038      	movs	r0, r7
10000f9c:	f000 f9e8 	bl	10001370 <__wrap___aeabi_uidiv>
10000fa0:	9b06      	ldr	r3, [sp, #24]
10000fa2:	0436      	lsls	r6, r6, #16
10000fa4:	031b      	lsls	r3, r3, #12
10000fa6:	431e      	orrs	r6, r3
10000fa8:	6823      	ldr	r3, [r4, #0]
10000faa:	2b00      	cmp	r3, #0
10000fac:	db20      	blt.n	10000ff0 <pll_init+0x68>
10000fae:	4b1a      	ldr	r3, [pc, #104]	@ (10001018 <pll_init+0x90>)
10000fb0:	491a      	ldr	r1, [pc, #104]	@ (1000101c <pll_init+0x94>)
10000fb2:	18e3      	adds	r3, r4, r3
10000fb4:	1e5a      	subs	r2, r3, #1
10000fb6:	4193      	sbcs	r3, r2
10000fb8:	2280      	movs	r2, #128	@ 0x80
10000fba:	0192      	lsls	r2, r2, #6
10000fbc:	4694      	mov	ip, r2
10000fbe:	425b      	negs	r3, r3
10000fc0:	0b1b      	lsrs	r3, r3, #12
10000fc2:	4a17      	ldr	r2, [pc, #92]	@ (10001020 <pll_init+0x98>)
10000fc4:	031b      	lsls	r3, r3, #12
10000fc6:	4463      	add	r3, ip
10000fc8:	6013      	str	r3, [r2, #0]
10000fca:	4a16      	ldr	r2, [pc, #88]	@ (10001024 <pll_init+0x9c>)
10000fcc:	6013      	str	r3, [r2, #0]
10000fce:	001f      	movs	r7, r3
10000fd0:	680a      	ldr	r2, [r1, #0]
10000fd2:	4397      	bics	r7, r2
10000fd4:	d1fb      	bne.n	10000fce <pll_init+0x46>
10000fd6:	4b14      	ldr	r3, [pc, #80]	@ (10001028 <pll_init+0xa0>)
10000fd8:	6025      	str	r5, [r4, #0]
10000fda:	18e2      	adds	r2, r4, r3
10000fdc:	2321      	movs	r3, #33	@ 0x21
10000fde:	60a0      	str	r0, [r4, #8]
10000fe0:	6013      	str	r3, [r2, #0]
10000fe2:	6823      	ldr	r3, [r4, #0]
10000fe4:	2b00      	cmp	r3, #0
10000fe6:	dafc      	bge.n	10000fe2 <pll_init+0x5a>
10000fe8:	2308      	movs	r3, #8
10000fea:	60e6      	str	r6, [r4, #12]
10000fec:	6013      	str	r3, [r2, #0]
10000fee:	bdf8      	pop	{r3, r4, r5, r6, r7, pc}
10000ff0:	233f      	movs	r3, #63	@ 0x3f
10000ff2:	6822      	ldr	r2, [r4, #0]
10000ff4:	4013      	ands	r3, r2
10000ff6:	42ab      	cmp	r3, r5
10000ff8:	d1d9      	bne.n	10000fae <pll_init+0x26>
10000ffa:	68a3      	ldr	r3, [r4, #8]
10000ffc:	051b      	lsls	r3, r3, #20
10000ffe:	0d1b      	lsrs	r3, r3, #20
10001000:	4283      	cmp	r3, r0
10001002:	d1d4      	bne.n	10000fae <pll_init+0x26>
10001004:	22ee      	movs	r2, #238	@ 0xee
10001006:	68e3      	ldr	r3, [r4, #12]
10001008:	02d2      	lsls	r2, r2, #11
1000100a:	4013      	ands	r3, r2
1000100c:	42b3      	cmp	r3, r6
1000100e:	d1ce      	bne.n	10000fae <pll_init+0x26>
10001010:	e7ed      	b.n	10000fee <pll_init+0x66>
10001012:	46c0      	nop			@ (mov r8, r8)
10001014:	00b71b00 	.word	0x00b71b00
10001018:	bffd4000 	.word	0xbffd4000
1000101c:	4000c008 	.word	0x4000c008
10001020:	4000e000 	.word	0x4000e000
10001024:	4000f000 	.word	0x4000f000
10001028:	00003004 	.word	0x00003004

1000102c <tick_start>:
1000102c:	2380      	movs	r3, #128	@ 0x80
1000102e:	4a02      	ldr	r2, [pc, #8]	@ (10001038 <tick_start+0xc>)
10001030:	009b      	lsls	r3, r3, #2
10001032:	430b      	orrs	r3, r1
10001034:	62d3      	str	r3, [r2, #44]	@ 0x2c
10001036:	4770      	bx	lr
10001038:	40058000 	.word	0x40058000

1000103c <rom_func_lookup>:
1000103c:	2300      	movs	r3, #0
1000103e:	b510      	push	{r4, lr}
10001040:	0001      	movs	r1, r0
10001042:	8a98      	ldrh	r0, [r3, #20]
10001044:	8b1b      	ldrh	r3, [r3, #24]
10001046:	4798      	blx	r3
10001048:	bd10      	pop	{r4, pc}
1000104a:	46c0      	nop			@ (mov r8, r8)

1000104c <rom_data_lookup>:
1000104c:	2316      	movs	r3, #22
1000104e:	b510      	push	{r4, lr}
10001050:	0001      	movs	r1, r0
10001052:	8818      	ldrh	r0, [r3, #0]
10001054:	3302      	adds	r3, #2
10001056:	881b      	ldrh	r3, [r3, #0]
10001058:	4798      	blx	r3
1000105a:	bd10      	pop	{r4, pc}

1000105c <rom_funcs_lookup>:
1000105c:	b5f8      	push	{r3, r4, r5, r6, r7, lr}
1000105e:	4647      	mov	r7, r8
10001060:	46ce      	mov	lr, r9
10001062:	b580      	push	{r7, lr}
10001064:	1e0f      	subs	r7, r1, #0
10001066:	d018      	beq.n	1000109a <rom_funcs_lookup+0x3e>
10001068:	2314      	movs	r3, #20
1000106a:	4699      	mov	r9, r3
1000106c:	3304      	adds	r3, #4
1000106e:	0004      	movs	r4, r0
10001070:	2500      	movs	r5, #0
10001072:	2601      	movs	r6, #1
10001074:	4698      	mov	r8, r3
10001076:	464b      	mov	r3, r9
10001078:	8818      	ldrh	r0, [r3, #0]
1000107a:	4643      	mov	r3, r8
1000107c:	6821      	ldr	r1, [r4, #0]
1000107e:	881b      	ldrh	r3, [r3, #0]
10001080:	4798      	blx	r3
10001082:	c401      	stmia	r4!, {r0}
10001084:	1e43      	subs	r3, r0, #1
10001086:	4198      	sbcs	r0, r3
10001088:	3501      	adds	r5, #1
1000108a:	4006      	ands	r6, r0
1000108c:	42af      	cmp	r7, r5
1000108e:	d1f2      	bne.n	10001076 <rom_funcs_lookup+0x1a>
10001090:	0030      	movs	r0, r6
10001092:	bcc0      	pop	{r6, r7}
10001094:	46b9      	mov	r9, r7
10001096:	46b0      	mov	r8, r6
10001098:	bdf8      	pop	{r3, r4, r5, r6, r7, pc}
1000109a:	2601      	movs	r6, #1
1000109c:	e7f8      	b.n	10001090 <rom_funcs_lookup+0x34>
1000109e:	46c0      	nop			@ (mov r8, r8)

100010a0 <xosc_init>:
100010a0:	23aa      	movs	r3, #170	@ 0xaa
100010a2:	4a06      	ldr	r2, [pc, #24]	@ (100010bc <xosc_init+0x1c>)
100010a4:	011b      	lsls	r3, r3, #4
100010a6:	6013      	str	r3, [r2, #0]
100010a8:	238d      	movs	r3, #141	@ 0x8d
100010aa:	005b      	lsls	r3, r3, #1
100010ac:	60d3      	str	r3, [r2, #12]
100010ae:	4904      	ldr	r1, [pc, #16]	@ (100010c0 <xosc_init+0x20>)
100010b0:	4b04      	ldr	r3, [pc, #16]	@ (100010c4 <xosc_init+0x24>)
100010b2:	6019      	str	r1, [r3, #0]
100010b4:	6853      	ldr	r3, [r2, #4]
100010b6:	2b00      	cmp	r3, #0
100010b8:	dafc      	bge.n	100010b4 <xosc_init+0x14>
100010ba:	4770      	bx	lr
100010bc:	40024000 	.word	0x40024000
100010c0:	00fab000 	.word	0x00fab000
100010c4:	40026000 	.word	0x40026000

100010c8 <first_per_core_initializer>:
100010c8:	4770      	bx	lr
100010ca:	46c0      	nop			@ (mov r8, r8)

100010cc <hard_assertion_failure>:
100010cc:	b510      	push	{r4, lr}
100010ce:	4801      	ldr	r0, [pc, #4]	@ (100010d4 <hard_assertion_failure+0x8>)
100010d0:	f7ff f980 	bl	100003d4 <panic>
100010d4:	10003f54 	.word	0x10003f54

100010d8 <runtime_run_initializers>:
100010d8:	b570      	push	{r4, r5, r6, lr}
100010da:	4d07      	ldr	r5, [pc, #28]	@ (100010f8 <runtime_run_initializers+0x20>)
100010dc:	4e07      	ldr	r6, [pc, #28]	@ (100010fc <runtime_run_initializers+0x24>)
100010de:	42b5      	cmp	r5, r6
100010e0:	d209      	bcs.n	100010f6 <runtime_run_initializers+0x1e>
100010e2:	2400      	movs	r4, #0
100010e4:	3e01      	subs	r6, #1
100010e6:	1b76      	subs	r6, r6, r5
100010e8:	08b6      	lsrs	r6, r6, #2
100010ea:	cd08      	ldmia	r5!, {r3}
100010ec:	4798      	blx	r3
100010ee:	0023      	movs	r3, r4
100010f0:	3401      	adds	r4, #1
100010f2:	42b3      	cmp	r3, r6
100010f4:	d1f9      	bne.n	100010ea <runtime_run_initializers+0x12>
100010f6:	bd70      	pop	{r4, r5, r6, pc}
100010f8:	10003ec8 	.word	0x10003ec8
100010fc:	10003f04 	.word	0x10003f04

10001100 <runtime_init_early_resets>:
10001100:	4b05      	ldr	r3, [pc, #20]	@ (10001118 <runtime_init_early_resets+0x18>)
10001102:	4a06      	ldr	r2, [pc, #24]	@ (1000111c <runtime_init_early_resets+0x1c>)
10001104:	4906      	ldr	r1, [pc, #24]	@ (10001120 <runtime_init_early_resets+0x20>)
10001106:	601a      	str	r2, [r3, #0]
10001108:	4a06      	ldr	r2, [pc, #24]	@ (10001124 <runtime_init_early_resets+0x24>)
1000110a:	4b07      	ldr	r3, [pc, #28]	@ (10001128 <runtime_init_early_resets+0x28>)
1000110c:	601a      	str	r2, [r3, #0]
1000110e:	0010      	movs	r0, r2
10001110:	680b      	ldr	r3, [r1, #0]
10001112:	4398      	bics	r0, r3
10001114:	d1fb      	bne.n	1000110e <runtime_init_early_resets+0xe>
10001116:	4770      	bx	lr
10001118:	4000e000 	.word	0x4000e000
1000111c:	fefbcdbf 	.word	0xfefbcdbf
10001120:	4000c008 	.word	0x4000c008
10001124:	003c7ffe 	.word	0x003c7ffe
10001128:	4000f000 	.word	0x4000f000

1000112c <runtime_init_usb_power_down>:
1000112c:	4b04      	ldr	r3, [pc, #16]	@ (10001140 <runtime_init_usb_power_down+0x14>)
1000112e:	6cdb      	ldr	r3, [r3, #76]	@ 0x4c
10001130:	2b00      	cmp	r3, #0
10001132:	d103      	bne.n	1000113c <runtime_init_usb_power_down+0x10>
10001134:	2280      	movs	r2, #128	@ 0x80
10001136:	4b03      	ldr	r3, [pc, #12]	@ (10001144 <runtime_init_usb_power_down+0x18>)
10001138:	02d2      	lsls	r2, r2, #11
1000113a:	601a      	str	r2, [r3, #0]
1000113c:	4770      	bx	lr
1000113e:	46c0      	nop			@ (mov r8, r8)
10001140:	50110000 	.word	0x50110000
10001144:	5011204c 	.word	0x5011204c

10001148 <runtime_init_post_clock_resets>:
10001148:	4a04      	ldr	r2, [pc, #16]	@ (1000115c <runtime_init_post_clock_resets+0x14>)
1000114a:	4b05      	ldr	r3, [pc, #20]	@ (10001160 <runtime_init_post_clock_resets+0x18>)
1000114c:	601a      	str	r2, [r3, #0]
1000114e:	4a05      	ldr	r2, [pc, #20]	@ (10001164 <runtime_init_post_clock_resets+0x1c>)
10001150:	6813      	ldr	r3, [r2, #0]
10001152:	01db      	lsls	r3, r3, #7
10001154:	3380      	adds	r3, #128	@ 0x80
10001156:	d1fb      	bne.n	10001150 <runtime_init_post_clock_resets+0x8>
10001158:	4770      	bx	lr
1000115a:	46c0      	nop			@ (mov r8, r8)
1000115c:	01ffffff 	.word	0x01ffffff
10001160:	4000f000 	.word	0x4000f000
10001164:	4000c008 	.word	0x4000c008

10001168 <runtime_init_rp2040_gpio_ie_disable>:
10001168:	2240      	movs	r2, #64	@ 0x40
1000116a:	4b03      	ldr	r3, [pc, #12]	@ (10001178 <runtime_init_rp2040_gpio_ie_disable+0x10>)
1000116c:	679a      	str	r2, [r3, #120]	@ 0x78
1000116e:	675a      	str	r2, [r3, #116]	@ 0x74
10001170:	671a      	str	r2, [r3, #112]	@ 0x70
10001172:	66da      	str	r2, [r3, #108]	@ 0x6c
10001174:	4770      	bx	lr
10001176:	46c0      	nop			@ (mov r8, r8)
10001178:	4001f000 	.word	0x4001f000

1000117c <runtime_init_spin_locks_reset>:
1000117c:	b510      	push	{r4, lr}
1000117e:	f7ff f96f 	bl	10000460 <spin_locks_reset>
10001182:	bd10      	pop	{r4, pc}

10001184 <runtime_init_install_ram_vector_table>:
10001184:	b5f8      	push	{r3, r4, r5, r6, r7, lr}
10001186:	4927      	ldr	r1, [pc, #156]	@ (10001224 <runtime_init_install_ram_vector_table+0xa0>)
10001188:	4c27      	ldr	r4, [pc, #156]	@ (10001228 <runtime_init_install_ram_vector_table+0xa4>)
1000118a:	4d28      	ldr	r5, [pc, #160]	@ (1000122c <runtime_init_install_ram_vector_table+0xa8>)
1000118c:	1a64      	subs	r4, r4, r1
1000118e:	08a4      	lsrs	r4, r4, #2
10001190:	0022      	movs	r2, r4
10001192:	2c30      	cmp	r4, #48	@ 0x30
10001194:	d900      	bls.n	10001198 <runtime_init_install_ram_vector_table+0x14>
10001196:	2230      	movs	r2, #48	@ 0x30
10001198:	0028      	movs	r0, r5
1000119a:	0092      	lsls	r2, r2, #2
1000119c:	f000 ff76 	bl	1000208c <__wrap___aeabi_memcpy>
100011a0:	2c2f      	cmp	r4, #47	@ 0x2f
100011a2:	d83b      	bhi.n	1000121c <runtime_init_install_ram_vector_table+0x98>
100011a4:	2030      	movs	r0, #48	@ 0x30
100011a6:	212f      	movs	r1, #47	@ 0x2f
100011a8:	00a7      	lsls	r7, r4, #2
100011aa:	19eb      	adds	r3, r5, r7
100011ac:	075b      	lsls	r3, r3, #29
100011ae:	4a20      	ldr	r2, [pc, #128]	@ (10001230 <runtime_init_install_ram_vector_table+0xac>)
100011b0:	1b00      	subs	r0, r0, r4
100011b2:	0fdb      	lsrs	r3, r3, #31
100011b4:	1b09      	subs	r1, r1, r4
100011b6:	2905      	cmp	r1, #5
100011b8:	d916      	bls.n	100011e8 <runtime_init_install_ram_vector_table+0x64>
100011ba:	0026      	movs	r6, r4
100011bc:	2b00      	cmp	r3, #0
100011be:	d001      	beq.n	100011c4 <runtime_init_install_ram_vector_table+0x40>
100011c0:	51ea      	str	r2, [r5, r7]
100011c2:	1c66      	adds	r6, r4, #1
100011c4:	1ac0      	subs	r0, r0, r3
100011c6:	18e3      	adds	r3, r4, r3
100011c8:	009b      	lsls	r3, r3, #2
100011ca:	0841      	lsrs	r1, r0, #1
100011cc:	18eb      	adds	r3, r5, r3
100011ce:	00c9      	lsls	r1, r1, #3
100011d0:	18c9      	adds	r1, r1, r3
100011d2:	601a      	str	r2, [r3, #0]
100011d4:	605a      	str	r2, [r3, #4]
100011d6:	3308      	adds	r3, #8
100011d8:	428b      	cmp	r3, r1
100011da:	d1fa      	bne.n	100011d2 <runtime_init_install_ram_vector_table+0x4e>
100011dc:	2301      	movs	r3, #1
100011de:	4203      	tst	r3, r0
100011e0:	d01c      	beq.n	1000121c <runtime_init_install_ram_vector_table+0x98>
100011e2:	4398      	bics	r0, r3
100011e4:	1984      	adds	r4, r0, r6
100011e6:	00a7      	lsls	r7, r4, #2
100011e8:	51ea      	str	r2, [r5, r7]
100011ea:	1c63      	adds	r3, r4, #1
100011ec:	2c2f      	cmp	r4, #47	@ 0x2f
100011ee:	d015      	beq.n	1000121c <runtime_init_install_ram_vector_table+0x98>
100011f0:	009b      	lsls	r3, r3, #2
100011f2:	50ea      	str	r2, [r5, r3]
100011f4:	1ca3      	adds	r3, r4, #2
100011f6:	2c2e      	cmp	r4, #46	@ 0x2e
100011f8:	d010      	beq.n	1000121c <runtime_init_install_ram_vector_table+0x98>
100011fa:	009b      	lsls	r3, r3, #2
100011fc:	50ea      	str	r2, [r5, r3]
100011fe:	1ce3      	adds	r3, r4, #3
10001200:	2c2d      	cmp	r4, #45	@ 0x2d
10001202:	d00b      	beq.n	1000121c <runtime_init_install_ram_vector_table+0x98>
10001204:	009b      	lsls	r3, r3, #2
10001206:	50ea      	str	r2, [r5, r3]
10001208:	1d23      	adds	r3, r4, #4
1000120a:	2c2c      	cmp	r4, #44	@ 0x2c
1000120c:	d006      	beq.n	1000121c <runtime_init_install_ram_vector_table+0x98>
1000120e:	009b      	lsls	r3, r3, #2
10001210:	50ea      	str	r2, [r5, r3]
10001212:	1d63      	adds	r3, r4, #5
10001214:	2c2b      	cmp	r4, #43	@ 0x2b
10001216:	d001      	beq.n	1000121c <runtime_init_install_ram_vector_table+0x98>
10001218:	009b      	lsls	r3, r3, #2
1000121a:	50ea      	str	r2, [r5, r3]
1000121c:	4b05      	ldr	r3, [pc, #20]	@ (10001234 <runtime_init_install_ram_vector_table+0xb0>)
1000121e:	609d      	str	r5, [r3, #8]
10001220:	bdf8      	pop	{r3, r4, r5, r6, r7, pc}
10001222:	46c0      	nop			@ (mov r8, r8)
10001224:	10000100 	.word	0x10000100
10001228:	100001c0 	.word	0x100001c0
1000122c:	20000000 	.word	0x20000000
10001230:	100001c1 	.word	0x100001c1
10001234:	e000ed00 	.word	0xe000ed00

10001238 <runtime_init_clocks>:
10001238:	2300      	movs	r3, #0
1000123a:	b510      	push	{r4, lr}
1000123c:	4c29      	ldr	r4, [pc, #164]	@ (100012e4 <runtime_init_clocks+0xac>)
1000123e:	b082      	sub	sp, #8
10001240:	67a3      	str	r3, [r4, #120]	@ 0x78
10001242:	f7ff ff2d 	bl	100010a0 <xosc_init>
10001246:	2201      	movs	r2, #1
10001248:	4b27      	ldr	r3, [pc, #156]	@ (100012e8 <runtime_init_clocks+0xb0>)
1000124a:	601a      	str	r2, [r3, #0]
1000124c:	6c63      	ldr	r3, [r4, #68]	@ 0x44
1000124e:	2b01      	cmp	r3, #1
10001250:	d1fc      	bne.n	1000124c <runtime_init_clocks+0x14>
10001252:	2203      	movs	r2, #3
10001254:	4b25      	ldr	r3, [pc, #148]	@ (100012ec <runtime_init_clocks+0xb4>)
10001256:	601a      	str	r2, [r3, #0]
10001258:	4a22      	ldr	r2, [pc, #136]	@ (100012e4 <runtime_init_clocks+0xac>)
1000125a:	6b93      	ldr	r3, [r2, #56]	@ 0x38
1000125c:	2b01      	cmp	r3, #1
1000125e:	d1fc      	bne.n	1000125a <runtime_init_clocks+0x22>
10001260:	3301      	adds	r3, #1
10001262:	9300      	str	r3, [sp, #0]
10001264:	2101      	movs	r1, #1
10001266:	4a22      	ldr	r2, [pc, #136]	@ (100012f0 <runtime_init_clocks+0xb8>)
10001268:	4822      	ldr	r0, [pc, #136]	@ (100012f4 <runtime_init_clocks+0xbc>)
1000126a:	3304      	adds	r3, #4
1000126c:	f7ff fe8c 	bl	10000f88 <pll_init>
10001270:	2305      	movs	r3, #5
10001272:	2101      	movs	r1, #1
10001274:	9300      	str	r3, [sp, #0]
10001276:	4a20      	ldr	r2, [pc, #128]	@ (100012f8 <runtime_init_clocks+0xc0>)
10001278:	4820      	ldr	r0, [pc, #128]	@ (100012fc <runtime_init_clocks+0xc4>)
1000127a:	f7ff fe85 	bl	10000f88 <pll_init>
1000127e:	2200      	movs	r2, #0
10001280:	2102      	movs	r1, #2
10001282:	2004      	movs	r0, #4
10001284:	4b1e      	ldr	r3, [pc, #120]	@ (10001300 <runtime_init_clocks+0xc8>)
10001286:	f7ff fe05 	bl	10000e94 <clock_configure_undivided>
1000128a:	2200      	movs	r2, #0
1000128c:	2101      	movs	r1, #1
1000128e:	2005      	movs	r0, #5
10001290:	4b1c      	ldr	r3, [pc, #112]	@ (10001304 <runtime_init_clocks+0xcc>)
10001292:	f7ff fdff 	bl	10000e94 <clock_configure_undivided>
10001296:	2200      	movs	r2, #0
10001298:	2100      	movs	r1, #0
1000129a:	2007      	movs	r0, #7
1000129c:	4b1a      	ldr	r3, [pc, #104]	@ (10001308 <runtime_init_clocks+0xd0>)
1000129e:	f7ff fdf9 	bl	10000e94 <clock_configure_undivided>
100012a2:	2200      	movs	r2, #0
100012a4:	2100      	movs	r1, #0
100012a6:	2008      	movs	r0, #8
100012a8:	4b17      	ldr	r3, [pc, #92]	@ (10001308 <runtime_init_clocks+0xd0>)
100012aa:	f7ff fdf3 	bl	10000e94 <clock_configure_undivided>
100012ae:	2380      	movs	r3, #128	@ 0x80
100012b0:	00db      	lsls	r3, r3, #3
100012b2:	9300      	str	r3, [sp, #0]
100012b4:	2200      	movs	r2, #0
100012b6:	2100      	movs	r1, #0
100012b8:	2009      	movs	r0, #9
100012ba:	4b13      	ldr	r3, [pc, #76]	@ (10001308 <runtime_init_clocks+0xd0>)
100012bc:	f7ff fd70 	bl	10000da0 <clock_configure_int_divider>
100012c0:	2200      	movs	r2, #0
100012c2:	4b10      	ldr	r3, [pc, #64]	@ (10001304 <runtime_init_clocks+0xcc>)
100012c4:	2100      	movs	r1, #0
100012c6:	2006      	movs	r0, #6
100012c8:	f7ff fde4 	bl	10000e94 <clock_configure_undivided>
100012cc:	2004      	movs	r0, #4
100012ce:	f7ff fe55 	bl	10000f7c <clock_get_hz>
100012d2:	490e      	ldr	r1, [pc, #56]	@ (1000130c <runtime_init_clocks+0xd4>)
100012d4:	f000 f84c 	bl	10001370 <__wrap___aeabi_uidiv>
100012d8:	0001      	movs	r1, r0
100012da:	2000      	movs	r0, #0
100012dc:	f7ff fea6 	bl	1000102c <tick_start>
100012e0:	b002      	add	sp, #8
100012e2:	bd10      	pop	{r4, pc}
100012e4:	40008000 	.word	0x40008000
100012e8:	4000b03c 	.word	0x4000b03c
100012ec:	4000b030 	.word	0x4000b030
100012f0:	59682f00 	.word	0x59682f00
100012f4:	40028000 	.word	0x40028000
100012f8:	47868c00 	.word	0x47868c00
100012fc:	4002c000 	.word	0x4002c000
10001300:	00b71b00 	.word	0x00b71b00
10001304:	07735940 	.word	0x07735940
10001308:	02dc6c00 	.word	0x02dc6c00
1000130c:	000f4240 	.word	0x000f4240

10001310 <__aeabi_bits_init>:
10001310:	4801      	ldr	r0, [pc, #4]	@ (10001318 <__aeabi_bits_init+0x8>)
10001312:	2104      	movs	r1, #4
10001314:	4b01      	ldr	r3, [pc, #4]	@ (1000131c <__aeabi_bits_init+0xc>)
10001316:	4718      	bx	r3
10001318:	20000210 	.word	0x20000210
1000131c:	1000105d 	.word	0x1000105d

10001320 <__wrap___aeabi_idiv>:
10001320:	4a12      	ldr	r2, [pc, #72]	@ (1000136c <divmod_s32s32_savestate+0x18>)
10001322:	6f93      	ldr	r3, [r2, #120]	@ 0x78
10001324:	089b      	lsrs	r3, r3, #2
10001326:	d215      	bcs.n	10001354 <divmod_s32s32_savestate>

10001328 <divmod_s32s32_core>:
10001328:	6690      	str	r0, [r2, #104]	@ 0x68
1000132a:	66d1      	str	r1, [r2, #108]	@ 0x6c
1000132c:	2900      	cmp	r1, #0
1000132e:	d005      	beq.n	1000133c <divmod_s32s32_core+0x14>
10001330:	e7ff      	b.n	10001332 <divmod_s32s32_core+0xa>
10001332:	e7ff      	b.n	10001334 <divmod_s32s32_core+0xc>
10001334:	e7ff      	b.n	10001336 <divmod_s32s32_core+0xe>
10001336:	6f51      	ldr	r1, [r2, #116]	@ 0x74
10001338:	6f10      	ldr	r0, [r2, #112]	@ 0x70
1000133a:	4770      	bx	lr
1000133c:	b504      	push	{r2, lr}
1000133e:	2180      	movs	r1, #128	@ 0x80
10001340:	0609      	lsls	r1, r1, #24
10001342:	17c2      	asrs	r2, r0, #31
10001344:	4051      	eors	r1, r2
10001346:	2800      	cmp	r0, #0
10001348:	d000      	beq.n	1000134c <divmod_s32s32_core+0x24>
1000134a:	43c8      	mvns	r0, r1
1000134c:	f002 fdb4 	bl	10003eb8 <____aeabi_idiv0_veneer>
10001350:	2100      	movs	r1, #0
10001352:	bd04      	pop	{r2, pc}

10001354 <divmod_s32s32_savestate>:
10001354:	b5f0      	push	{r4, r5, r6, r7, lr}
10001356:	6e14      	ldr	r4, [r2, #96]	@ 0x60
10001358:	6e55      	ldr	r5, [r2, #100]	@ 0x64
1000135a:	6f57      	ldr	r7, [r2, #116]	@ 0x74
1000135c:	6f16      	ldr	r6, [r2, #112]	@ 0x70
1000135e:	f7ff ffe3 	bl	10001328 <divmod_s32s32_core>
10001362:	6614      	str	r4, [r2, #96]	@ 0x60
10001364:	6655      	str	r5, [r2, #100]	@ 0x64
10001366:	6757      	str	r7, [r2, #116]	@ 0x74
10001368:	6716      	str	r6, [r2, #112]	@ 0x70
1000136a:	bdf0      	pop	{r4, r5, r6, r7, pc}
1000136c:	d0000000 	.word	0xd0000000

10001370 <__wrap___aeabi_uidiv>:
10001370:	4a11      	ldr	r2, [pc, #68]	@ (100013b8 <divmod_u32u32_savestate+0x18>)
10001372:	6f93      	ldr	r3, [r2, #120]	@ 0x78
10001374:	089b      	lsrs	r3, r3, #2
10001376:	d213      	bcs.n	100013a0 <divmod_u32u32_savestate>

10001378 <divmod_u32u32_core>:
10001378:	6610      	str	r0, [r2, #96]	@ 0x60
1000137a:	6651      	str	r1, [r2, #100]	@ 0x64
1000137c:	2900      	cmp	r1, #0
1000137e:	d005      	beq.n	1000138c <divmod_u32u32_core+0x14>
10001380:	e7ff      	b.n	10001382 <divmod_u32u32_core+0xa>
10001382:	e7ff      	b.n	10001384 <divmod_u32u32_core+0xc>
10001384:	e7ff      	b.n	10001386 <divmod_u32u32_core+0xe>
10001386:	6f51      	ldr	r1, [r2, #116]	@ 0x74
10001388:	6f10      	ldr	r0, [r2, #112]	@ 0x70
1000138a:	4770      	bx	lr
1000138c:	b504      	push	{r2, lr}
1000138e:	2800      	cmp	r0, #0
10001390:	d001      	beq.n	10001396 <divmod_u32u32_core+0x1e>
10001392:	2000      	movs	r0, #0
10001394:	43c0      	mvns	r0, r0
10001396:	f002 fd8f 	bl	10003eb8 <____aeabi_idiv0_veneer>
1000139a:	2100      	movs	r1, #0
1000139c:	bd04      	pop	{r2, pc}
1000139e:	46c0      	nop			@ (mov r8, r8)

100013a0 <divmod_u32u32_savestate>:
100013a0:	b5f0      	push	{r4, r5, r6, r7, lr}
100013a2:	6e14      	ldr	r4, [r2, #96]	@ 0x60
100013a4:	6e55      	ldr	r5, [r2, #100]	@ 0x64
100013a6:	6f57      	ldr	r7, [r2, #116]	@ 0x74
100013a8:	6f16      	ldr	r6, [r2, #112]	@ 0x70
100013aa:	f7ff ffe5 	bl	10001378 <divmod_u32u32_core>
100013ae:	6614      	str	r4, [r2, #96]	@ 0x60
100013b0:	6655      	str	r5, [r2, #100]	@ 0x64
100013b2:	6757      	str	r7, [r2, #116]	@ 0x74
100013b4:	6716      	str	r6, [r2, #112]	@ 0x70
100013b6:	bdf0      	pop	{r4, r5, r6, r7, pc}
100013b8:	d0000000 	.word	0xd0000000

100013bc <__wrap___aeabi_ldivmod>:
100013bc:	4694      	mov	ip, r2
100013be:	4a4a      	ldr	r2, [pc, #296]	@ (100014e8 <udiv0+0x1a>)
100013c0:	6f92      	ldr	r2, [r2, #120]	@ 0x78
100013c2:	0892      	lsrs	r2, r2, #2
100013c4:	4662      	mov	r2, ip
100013c6:	d201      	bcs.n	100013cc <divmod_s64s64_savestate>
100013c8:	e028      	b.n	1000141c <divmod_s64s64_unsafe>
100013ca:	46c0      	nop			@ (mov r8, r8)

100013cc <divmod_s64s64_savestate>:
100013cc:	b5f0      	push	{r4, r5, r6, r7, lr}
100013ce:	4e46      	ldr	r6, [pc, #280]	@ (100014e8 <udiv0+0x1a>)
100013d0:	6e34      	ldr	r4, [r6, #96]	@ 0x60
100013d2:	6e75      	ldr	r5, [r6, #100]	@ 0x64
100013d4:	6f77      	ldr	r7, [r6, #116]	@ 0x74
100013d6:	6f36      	ldr	r6, [r6, #112]	@ 0x70
100013d8:	f000 f820 	bl	1000141c <divmod_s64s64_unsafe>
100013dc:	4694      	mov	ip, r2
100013de:	4a42      	ldr	r2, [pc, #264]	@ (100014e8 <udiv0+0x1a>)
100013e0:	6614      	str	r4, [r2, #96]	@ 0x60
100013e2:	6655      	str	r5, [r2, #100]	@ 0x64
100013e4:	6757      	str	r7, [r2, #116]	@ 0x74
100013e6:	6716      	str	r6, [r2, #112]	@ 0x70
100013e8:	4662      	mov	r2, ip
100013ea:	bdf0      	pop	{r4, r5, r6, r7, pc}

100013ec <__wrap___aeabi_uldivmod>:
100013ec:	4694      	mov	ip, r2
100013ee:	4a3e      	ldr	r2, [pc, #248]	@ (100014e8 <udiv0+0x1a>)
100013f0:	6f92      	ldr	r2, [r2, #120]	@ 0x78
100013f2:	0892      	lsrs	r2, r2, #2
100013f4:	4662      	mov	r2, ip
100013f6:	d201      	bcs.n	100013fc <divmod_u64u64_savestate>
100013f8:	e054      	b.n	100014a4 <divmod_u64u64_unsafe>
100013fa:	46c0      	nop			@ (mov r8, r8)

100013fc <divmod_u64u64_savestate>:
100013fc:	b5f0      	push	{r4, r5, r6, r7, lr}
100013fe:	4e3a      	ldr	r6, [pc, #232]	@ (100014e8 <udiv0+0x1a>)
10001400:	6e34      	ldr	r4, [r6, #96]	@ 0x60
10001402:	6e75      	ldr	r5, [r6, #100]	@ 0x64
10001404:	6f77      	ldr	r7, [r6, #116]	@ 0x74
10001406:	6f36      	ldr	r6, [r6, #112]	@ 0x70
10001408:	f000 f84c 	bl	100014a4 <divmod_u64u64_unsafe>
1000140c:	4694      	mov	ip, r2
1000140e:	4a36      	ldr	r2, [pc, #216]	@ (100014e8 <udiv0+0x1a>)
10001410:	6614      	str	r4, [r2, #96]	@ 0x60
10001412:	6655      	str	r5, [r2, #100]	@ 0x64
10001414:	6757      	str	r7, [r2, #116]	@ 0x74
10001416:	6716      	str	r6, [r2, #112]	@ 0x70
10001418:	4662      	mov	r2, ip
1000141a:	bdf0      	pop	{r4, r5, r6, r7, pc}

1000141c <divmod_s64s64_unsafe>:
1000141c:	2b00      	cmp	r3, #0
1000141e:	db24      	blt.n	1000146a <l46_1+0x26>
10001420:	d011      	beq.n	10001446 <l46_1+0x2>
10001422:	2900      	cmp	r1, #0
10001424:	da3e      	bge.n	100014a4 <divmod_u64u64_unsafe>
10001426:	b500      	push	{lr}
10001428:	43c9      	mvns	r1, r1
1000142a:	4240      	negs	r0, r0
1000142c:	d100      	bne.n	10001430 <l44_1>
1000142e:	3101      	adds	r1, #1

10001430 <l44_1>:
10001430:	f000 f838 	bl	100014a4 <divmod_u64u64_unsafe>
10001434:	43c9      	mvns	r1, r1
10001436:	4240      	negs	r0, r0
10001438:	d100      	bne.n	1000143c <l45_1>
1000143a:	3101      	adds	r1, #1

1000143c <l45_1>:
1000143c:	43db      	mvns	r3, r3
1000143e:	4252      	negs	r2, r2
10001440:	d100      	bne.n	10001444 <l46_1>
10001442:	3301      	adds	r3, #1

10001444 <l46_1>:
10001444:	bd00      	pop	{pc}
10001446:	2a00      	cmp	r2, #0
10001448:	d1eb      	bne.n	10001422 <divmod_s64s64_unsafe+0x6>
1000144a:	2800      	cmp	r0, #0
1000144c:	d101      	bne.n	10001452 <l46_1+0xe>
1000144e:	2900      	cmp	r1, #0
10001450:	d005      	beq.n	1000145e <l46_1+0x1a>
10001452:	2000      	movs	r0, #0
10001454:	0fc9      	lsrs	r1, r1, #31
10001456:	07c9      	lsls	r1, r1, #31
10001458:	d101      	bne.n	1000145e <l46_1+0x1a>
1000145a:	43c0      	mvns	r0, r0
1000145c:	0841      	lsrs	r1, r0, #1
1000145e:	b500      	push	{lr}
10001460:	f002 fd12 	bl	10003e88 <____aeabi_ldiv0_veneer>
10001464:	2200      	movs	r2, #0
10001466:	2300      	movs	r3, #0
10001468:	bd00      	pop	{pc}
1000146a:	b500      	push	{lr}
1000146c:	2900      	cmp	r1, #0
1000146e:	db0a      	blt.n	10001486 <l48_1+0x2>
10001470:	43db      	mvns	r3, r3
10001472:	4252      	negs	r2, r2
10001474:	d100      	bne.n	10001478 <l47_1>
10001476:	3301      	adds	r3, #1

10001478 <l47_1>:
10001478:	f000 f814 	bl	100014a4 <divmod_u64u64_unsafe>
1000147c:	43c9      	mvns	r1, r1
1000147e:	4240      	negs	r0, r0
10001480:	d100      	bne.n	10001484 <l48_1>
10001482:	3101      	adds	r1, #1

10001484 <l48_1>:
10001484:	bd00      	pop	{pc}
10001486:	43c9      	mvns	r1, r1
10001488:	4240      	negs	r0, r0
1000148a:	d100      	bne.n	1000148e <l49_1>
1000148c:	3101      	adds	r1, #1

1000148e <l49_1>:
1000148e:	43db      	mvns	r3, r3
10001490:	4252      	negs	r2, r2
10001492:	d100      	bne.n	10001496 <l50_1>
10001494:	3301      	adds	r3, #1

10001496 <l50_1>:
10001496:	f000 f805 	bl	100014a4 <divmod_u64u64_unsafe>
1000149a:	43db      	mvns	r3, r3
1000149c:	4252      	negs	r2, r2
1000149e:	d100      	bne.n	100014a2 <l51_1>
100014a0:	3301      	adds	r3, #1

100014a2 <l51_1>:
100014a2:	bd00      	pop	{pc}

100014a4 <divmod_u64u64_unsafe>:
100014a4:	2900      	cmp	r1, #0
100014a6:	d123      	bne.n	100014f0 <y64>
100014a8:	2b00      	cmp	r3, #0
100014aa:	d118      	bne.n	100014de <udiv0+0x10>
100014ac:	2a00      	cmp	r2, #0
100014ae:	d00c      	beq.n	100014ca <divmod_u64u64_unsafe+0x26>
100014b0:	46bc      	mov	ip, r7
100014b2:	4f0d      	ldr	r7, [pc, #52]	@ (100014e8 <udiv0+0x1a>)
100014b4:	6638      	str	r0, [r7, #96]	@ 0x60
100014b6:	667a      	str	r2, [r7, #100]	@ 0x64
100014b8:	2100      	movs	r1, #0
100014ba:	2300      	movs	r3, #0
100014bc:	e7ff      	b.n	100014be <divmod_u64u64_unsafe+0x1a>
100014be:	e7ff      	b.n	100014c0 <divmod_u64u64_unsafe+0x1c>
100014c0:	e7ff      	b.n	100014c2 <divmod_u64u64_unsafe+0x1e>
100014c2:	6f7a      	ldr	r2, [r7, #116]	@ 0x74
100014c4:	6f38      	ldr	r0, [r7, #112]	@ 0x70
100014c6:	4667      	mov	r7, ip
100014c8:	4770      	bx	lr
100014ca:	2800      	cmp	r0, #0
100014cc:	d001      	beq.n	100014d2 <udiv0+0x4>

100014ce <udiv0>:
100014ce:	4807      	ldr	r0, [pc, #28]	@ (100014ec <udiv0+0x1e>)
100014d0:	0001      	movs	r1, r0
100014d2:	b500      	push	{lr}
100014d4:	f002 fcd8 	bl	10003e88 <____aeabi_ldiv0_veneer>
100014d8:	2200      	movs	r2, #0
100014da:	2300      	movs	r3, #0
100014dc:	bd00      	pop	{pc}
100014de:	0002      	movs	r2, r0
100014e0:	000b      	movs	r3, r1
100014e2:	2000      	movs	r0, #0
100014e4:	2100      	movs	r1, #0
100014e6:	4770      	bx	lr
100014e8:	d0000000 	.word	0xd0000000
100014ec:	ffffffff 	.word	0xffffffff

100014f0 <y64>:
100014f0:	2b00      	cmp	r3, #0
100014f2:	d000      	beq.n	100014f6 <y64+0x6>
100014f4:	e0bf      	b.n	10001676 <y64_x48>
100014f6:	0c13      	lsrs	r3, r2, #16
100014f8:	d128      	bne.n	1000154c <y64_x32>
100014fa:	2a00      	cmp	r2, #0
100014fc:	d0e7      	beq.n	100014ce <udiv0>
100014fe:	b480      	push	{r7}
10001500:	4f11      	ldr	r7, [pc, #68]	@ (10001548 <y64+0x58>)
10001502:	6639      	str	r1, [r7, #96]	@ 0x60
10001504:	667a      	str	r2, [r7, #100]	@ 0x64
10001506:	e7ff      	b.n	10001508 <y64+0x18>
10001508:	e7ff      	b.n	1000150a <y64+0x1a>
1000150a:	b430      	push	{r4, r5}
1000150c:	0c04      	lsrs	r4, r0, #16
1000150e:	6f7b      	ldr	r3, [r7, #116]	@ 0x74
10001510:	6f39      	ldr	r1, [r7, #112]	@ 0x70
10001512:	041b      	lsls	r3, r3, #16
10001514:	4323      	orrs	r3, r4
10001516:	663b      	str	r3, [r7, #96]	@ 0x60
10001518:	667a      	str	r2, [r7, #100]	@ 0x64
1000151a:	e7ff      	b.n	1000151c <y64+0x2c>
1000151c:	e7ff      	b.n	1000151e <y64+0x2e>
1000151e:	e7ff      	b.n	10001520 <y64+0x30>
10001520:	46c0      	nop			@ (mov r8, r8)
10001522:	b284      	uxth	r4, r0
10001524:	6f7b      	ldr	r3, [r7, #116]	@ 0x74
10001526:	6f3d      	ldr	r5, [r7, #112]	@ 0x70
10001528:	041b      	lsls	r3, r3, #16
1000152a:	4323      	orrs	r3, r4
1000152c:	663b      	str	r3, [r7, #96]	@ 0x60
1000152e:	667a      	str	r2, [r7, #100]	@ 0x64
10001530:	e7ff      	b.n	10001532 <y64+0x42>
10001532:	e7ff      	b.n	10001534 <y64+0x44>
10001534:	46c0      	nop			@ (mov r8, r8)
10001536:	2300      	movs	r3, #0
10001538:	042c      	lsls	r4, r5, #16
1000153a:	0c2d      	lsrs	r5, r5, #16
1000153c:	6f7a      	ldr	r2, [r7, #116]	@ 0x74
1000153e:	6f38      	ldr	r0, [r7, #112]	@ 0x70
10001540:	1900      	adds	r0, r0, r4
10001542:	4169      	adcs	r1, r5
10001544:	bcb0      	pop	{r4, r5, r7}
10001546:	4770      	bx	lr
10001548:	d0000000 	.word	0xd0000000

1000154c <y64_x32>:
1000154c:	b5f0      	push	{r4, r5, r6, r7, lr}
1000154e:	4694      	mov	ip, r2
10001550:	2500      	movs	r5, #0
10001552:	0e14      	lsrs	r4, r2, #24
10001554:	d101      	bne.n	1000155a <y64_x32+0xe>
10001556:	0212      	lsls	r2, r2, #8
10001558:	3508      	adds	r5, #8
1000155a:	0f14      	lsrs	r4, r2, #28
1000155c:	d101      	bne.n	10001562 <y64_x32+0x16>
1000155e:	0112      	lsls	r2, r2, #4
10001560:	3504      	adds	r5, #4
10001562:	0f94      	lsrs	r4, r2, #30
10001564:	d101      	bne.n	1000156a <y64_x32+0x1e>
10001566:	0092      	lsls	r2, r2, #2
10001568:	3502      	adds	r5, #2
1000156a:	0fd4      	lsrs	r4, r2, #31
1000156c:	d101      	bne.n	10001572 <y64_x32+0x26>
1000156e:	0052      	lsls	r2, r2, #1
10001570:	3501      	adds	r5, #1
10001572:	0bd4      	lsrs	r4, r2, #15
10001574:	3401      	adds	r4, #1
10001576:	4f25      	ldr	r7, [pc, #148]	@ (1000160c <y64_x32+0xc0>)
10001578:	667c      	str	r4, [r7, #100]	@ 0x64
1000157a:	4c25      	ldr	r4, [pc, #148]	@ (10001610 <y64_x32+0xc4>)
1000157c:	663c      	str	r4, [r7, #96]	@ 0x60
1000157e:	0c0e      	lsrs	r6, r1, #16
10001580:	b293      	uxth	r3, r2
10001582:	e7ff      	b.n	10001584 <y64_x32+0x38>
10001584:	e7ff      	b.n	10001586 <y64_x32+0x3a>
10001586:	e7ff      	b.n	10001588 <y64_x32+0x3c>
10001588:	6f3c      	ldr	r4, [r7, #112]	@ 0x70
1000158a:	4366      	muls	r6, r4
1000158c:	0c36      	lsrs	r6, r6, #16
1000158e:	0377      	lsls	r7, r6, #13
10001590:	46be      	mov	lr, r7
10001592:	4373      	muls	r3, r6
10001594:	0bdf      	lsrs	r7, r3, #15
10001596:	045b      	lsls	r3, r3, #17
10001598:	1ac0      	subs	r0, r0, r3
1000159a:	41b9      	sbcs	r1, r7
1000159c:	0c13      	lsrs	r3, r2, #16
1000159e:	4373      	muls	r3, r6
100015a0:	18db      	adds	r3, r3, r3
100015a2:	1ac9      	subs	r1, r1, r3
100015a4:	08ce      	lsrs	r6, r1, #3
100015a6:	4366      	muls	r6, r4
100015a8:	0c36      	lsrs	r6, r6, #16
100015aa:	44b6      	add	lr, r6
100015ac:	b293      	uxth	r3, r2
100015ae:	4373      	muls	r3, r6
100015b0:	0f1f      	lsrs	r7, r3, #28
100015b2:	011b      	lsls	r3, r3, #4
100015b4:	1ac0      	subs	r0, r0, r3
100015b6:	41b9      	sbcs	r1, r7
100015b8:	0c13      	lsrs	r3, r2, #16
100015ba:	4373      	muls	r3, r6
100015bc:	0b1f      	lsrs	r7, r3, #12
100015be:	051b      	lsls	r3, r3, #20
100015c0:	1ac0      	subs	r0, r0, r3
100015c2:	41b9      	sbcs	r1, r7
100015c4:	0d86      	lsrs	r6, r0, #22
100015c6:	028f      	lsls	r7, r1, #10
100015c8:	433e      	orrs	r6, r7
100015ca:	4366      	muls	r6, r4
100015cc:	0c36      	lsrs	r6, r6, #16
100015ce:	2d09      	cmp	r5, #9
100015d0:	db24      	blt.n	1000161c <last0>
100015d2:	0a52      	lsrs	r2, r2, #9
100015d4:	4372      	muls	r2, r6
100015d6:	1a80      	subs	r0, r0, r2
100015d8:	0377      	lsls	r7, r6, #13
100015da:	0a46      	lsrs	r6, r0, #9
100015dc:	4366      	muls	r6, r4
100015de:	0c36      	lsrs	r6, r6, #16
100015e0:	2316      	movs	r3, #22
100015e2:	1b5b      	subs	r3, r3, r5
100015e4:	40de      	lsrs	r6, r3
100015e6:	40df      	lsrs	r7, r3
100015e8:	19bf      	adds	r7, r7, r6
100015ea:	4664      	mov	r4, ip
100015ec:	4366      	muls	r6, r4
100015ee:	1b82      	subs	r2, r0, r6
100015f0:	4670      	mov	r0, lr
100015f2:	3504      	adds	r5, #4
100015f4:	3306      	adds	r3, #6
100015f6:	0001      	movs	r1, r0
100015f8:	40d9      	lsrs	r1, r3
100015fa:	40a8      	lsls	r0, r5
100015fc:	19c0      	adds	r0, r0, r7
100015fe:	d300      	bcc.n	10001602 <y64_x32+0xb6>
10001600:	3101      	adds	r1, #1
10001602:	42a2      	cmp	r2, r4
10001604:	d206      	bcs.n	10001614 <y64_x32+0xc8>
10001606:	2300      	movs	r3, #0
10001608:	bdf0      	pop	{r4, r5, r6, r7, pc}
1000160a:	0000      	.short	0x0000
1000160c:	d0000000 	.word	0xd0000000
10001610:	ffffffff 	.word	0xffffffff
10001614:	1b12      	subs	r2, r2, r4
10001616:	3001      	adds	r0, #1
10001618:	d3f3      	bcc.n	10001602 <y64_x32+0xb6>
1000161a:	e7f1      	b.n	10001600 <y64_x32+0xb4>

1000161c <last0>:
1000161c:	2709      	movs	r7, #9
1000161e:	1b7f      	subs	r7, r7, r5
10001620:	40fe      	lsrs	r6, r7
10001622:	4664      	mov	r4, ip
10001624:	b2a2      	uxth	r2, r4
10001626:	4372      	muls	r2, r6
10001628:	1a80      	subs	r0, r0, r2
1000162a:	d200      	bcs.n	1000162e <last0+0x12>
1000162c:	3901      	subs	r1, #1
1000162e:	0c22      	lsrs	r2, r4, #16
10001630:	4372      	muls	r2, r6
10001632:	0c13      	lsrs	r3, r2, #16
10001634:	0412      	lsls	r2, r2, #16
10001636:	1a82      	subs	r2, r0, r2
10001638:	4199      	sbcs	r1, r3
1000163a:	000b      	movs	r3, r1
1000163c:	4670      	mov	r0, lr
1000163e:	3504      	adds	r5, #4
10001640:	3713      	adds	r7, #19
10001642:	0001      	movs	r1, r0
10001644:	40f9      	lsrs	r1, r7
10001646:	40a8      	lsls	r0, r5
10001648:	1980      	adds	r0, r0, r6
1000164a:	d300      	bcc.n	1000164e <last0+0x32>
1000164c:	3101      	adds	r1, #1
1000164e:	2b00      	cmp	r3, #0
10001650:	d102      	bne.n	10001658 <last0+0x3c>
10001652:	42a2      	cmp	r2, r4
10001654:	d20a      	bcs.n	1000166c <last0+0x50>
10001656:	bdf0      	pop	{r4, r5, r6, r7, pc}
10001658:	3001      	adds	r0, #1
1000165a:	d300      	bcc.n	1000165e <last0+0x42>
1000165c:	3101      	adds	r1, #1
1000165e:	1b12      	subs	r2, r2, r4
10001660:	d2fa      	bcs.n	10001658 <last0+0x3c>
10001662:	3b01      	subs	r3, #1
10001664:	d1f8      	bne.n	10001658 <last0+0x3c>
10001666:	42a2      	cmp	r2, r4
10001668:	d200      	bcs.n	1000166c <last0+0x50>
1000166a:	bdf0      	pop	{r4, r5, r6, r7, pc}
1000166c:	3001      	adds	r0, #1
1000166e:	d300      	bcc.n	10001672 <last0+0x56>
10001670:	3101      	adds	r1, #1
10001672:	1b12      	subs	r2, r2, r4
10001674:	e7f7      	b.n	10001666 <last0+0x4a>

10001676 <y64_x48>:
10001676:	b5f0      	push	{r4, r5, r6, r7, lr}
10001678:	0c1c      	lsrs	r4, r3, #16
1000167a:	d000      	beq.n	1000167e <y64_x48+0x8>
1000167c:	e080      	b.n	10001780 <y64_x64>
1000167e:	b40c      	push	{r2, r3}
10001680:	2500      	movs	r5, #0
10001682:	0a1c      	lsrs	r4, r3, #8
10001684:	d104      	bne.n	10001690 <y64_x48+0x1a>
10001686:	021b      	lsls	r3, r3, #8
10001688:	0e16      	lsrs	r6, r2, #24
1000168a:	4333      	orrs	r3, r6
1000168c:	0212      	lsls	r2, r2, #8
1000168e:	3508      	adds	r5, #8
10001690:	0b1c      	lsrs	r4, r3, #12
10001692:	d104      	bne.n	1000169e <y64_x48+0x28>
10001694:	011b      	lsls	r3, r3, #4
10001696:	0f16      	lsrs	r6, r2, #28
10001698:	4333      	orrs	r3, r6
1000169a:	0112      	lsls	r2, r2, #4
1000169c:	3504      	adds	r5, #4
1000169e:	0b9c      	lsrs	r4, r3, #14
100016a0:	d104      	bne.n	100016ac <y64_x48+0x36>
100016a2:	009b      	lsls	r3, r3, #2
100016a4:	0f96      	lsrs	r6, r2, #30
100016a6:	4333      	orrs	r3, r6
100016a8:	0092      	lsls	r2, r2, #2
100016aa:	3502      	adds	r5, #2
100016ac:	0bdc      	lsrs	r4, r3, #15
100016ae:	d102      	bne.n	100016b6 <y64_x48+0x40>
100016b0:	1892      	adds	r2, r2, r2
100016b2:	415b      	adcs	r3, r3
100016b4:	3501      	adds	r5, #1
100016b6:	001c      	movs	r4, r3
100016b8:	1897      	adds	r7, r2, r2
100016ba:	4164      	adcs	r4, r4
100016bc:	3401      	adds	r4, #1
100016be:	4f46      	ldr	r7, [pc, #280]	@ (100017d8 <y64_x64+0x58>)
100016c0:	667c      	str	r4, [r7, #100]	@ 0x64
100016c2:	4c46      	ldr	r4, [pc, #280]	@ (100017dc <y64_x64+0x5c>)
100016c4:	663c      	str	r4, [r7, #96]	@ 0x60
100016c6:	0c0e      	lsrs	r6, r1, #16
100016c8:	e7ff      	b.n	100016ca <y64_x48+0x54>
100016ca:	e7ff      	b.n	100016cc <y64_x48+0x56>
100016cc:	e7ff      	b.n	100016ce <y64_x48+0x58>
100016ce:	46c0      	nop			@ (mov r8, r8)
100016d0:	6f3c      	ldr	r4, [r7, #112]	@ 0x70
100016d2:	4366      	muls	r6, r4
100016d4:	0c36      	lsrs	r6, r6, #16
100016d6:	0377      	lsls	r7, r6, #13
100016d8:	46be      	mov	lr, r7
100016da:	b297      	uxth	r7, r2
100016dc:	4377      	muls	r7, r6
100016de:	1bc0      	subs	r0, r0, r7
100016e0:	d200      	bcs.n	100016e4 <y64_x48+0x6e>
100016e2:	3901      	subs	r1, #1
100016e4:	1bc0      	subs	r0, r0, r7
100016e6:	d200      	bcs.n	100016ea <y64_x48+0x74>
100016e8:	3901      	subs	r1, #1
100016ea:	b29f      	uxth	r7, r3
100016ec:	4377      	muls	r7, r6
100016ee:	1bc9      	subs	r1, r1, r7
100016f0:	1bc9      	subs	r1, r1, r7
100016f2:	0c17      	lsrs	r7, r2, #16
100016f4:	4377      	muls	r7, r6
100016f6:	047e      	lsls	r6, r7, #17
100016f8:	0bff      	lsrs	r7, r7, #15
100016fa:	1b80      	subs	r0, r0, r6
100016fc:	41b9      	sbcs	r1, r7
100016fe:	08ce      	lsrs	r6, r1, #3
10001700:	4366      	muls	r6, r4
10001702:	0c36      	lsrs	r6, r6, #16
10001704:	2d0c      	cmp	r5, #12
10001706:	db33      	blt.n	10001770 <last1>
10001708:	44b6      	add	lr, r6
1000170a:	0b12      	lsrs	r2, r2, #12
1000170c:	051f      	lsls	r7, r3, #20
1000170e:	433a      	orrs	r2, r7
10001710:	0b1b      	lsrs	r3, r3, #12
10001712:	b297      	uxth	r7, r2
10001714:	4377      	muls	r7, r6
10001716:	1bc0      	subs	r0, r0, r7
10001718:	d200      	bcs.n	1000171c <y64_x48+0xa6>
1000171a:	3901      	subs	r1, #1
1000171c:	b29f      	uxth	r7, r3
1000171e:	4377      	muls	r7, r6
10001720:	1bc9      	subs	r1, r1, r7
10001722:	0c17      	lsrs	r7, r2, #16
10001724:	4377      	muls	r7, r6
10001726:	043e      	lsls	r6, r7, #16
10001728:	0c3f      	lsrs	r7, r7, #16
1000172a:	1b80      	subs	r0, r0, r6
1000172c:	41b9      	sbcs	r1, r7
1000172e:	0d86      	lsrs	r6, r0, #22
10001730:	028f      	lsls	r7, r1, #10
10001732:	433e      	orrs	r6, r7
10001734:	4366      	muls	r6, r4
10001736:	2729      	movs	r7, #41	@ 0x29
10001738:	1b7f      	subs	r7, r7, r5
1000173a:	40fe      	lsrs	r6, r7
1000173c:	3d0c      	subs	r5, #12
1000173e:	4677      	mov	r7, lr
10001740:	40af      	lsls	r7, r5
10001742:	19bf      	adds	r7, r7, r6
10001744:	bc30      	pop	{r4, r5}
10001746:	b2a2      	uxth	r2, r4
10001748:	b2ab      	uxth	r3, r5
1000174a:	4372      	muls	r2, r6
1000174c:	4373      	muls	r3, r6
1000174e:	1a80      	subs	r0, r0, r2
10001750:	4199      	sbcs	r1, r3
10001752:	0c22      	lsrs	r2, r4, #16
10001754:	4372      	muls	r2, r6
10001756:	0c13      	lsrs	r3, r2, #16
10001758:	0412      	lsls	r2, r2, #16
1000175a:	1a80      	subs	r0, r0, r2
1000175c:	4199      	sbcs	r1, r3
1000175e:	0002      	movs	r2, r0
10001760:	000b      	movs	r3, r1
10001762:	3701      	adds	r7, #1
10001764:	1b00      	subs	r0, r0, r4
10001766:	41a9      	sbcs	r1, r5
10001768:	d2f9      	bcs.n	1000175e <y64_x48+0xe8>
1000176a:	1e78      	subs	r0, r7, #1
1000176c:	2100      	movs	r1, #0
1000176e:	bdf0      	pop	{r4, r5, r6, r7, pc}

10001770 <last1>:
10001770:	270c      	movs	r7, #12
10001772:	1b7f      	subs	r7, r7, r5
10001774:	40fe      	lsrs	r6, r7
10001776:	4677      	mov	r7, lr
10001778:	0b7f      	lsrs	r7, r7, #13
1000177a:	40af      	lsls	r7, r5
1000177c:	19ff      	adds	r7, r7, r7
1000177e:	e7e0      	b.n	10001742 <y64_x48+0xcc>

10001780 <y64_x64>:
10001780:	2400      	movs	r4, #0
10001782:	1c5d      	adds	r5, r3, #1
10001784:	d007      	beq.n	10001796 <y64_x64+0x16>
10001786:	4f14      	ldr	r7, [pc, #80]	@ (100017d8 <y64_x64+0x58>)
10001788:	667d      	str	r5, [r7, #100]	@ 0x64
1000178a:	6639      	str	r1, [r7, #96]	@ 0x60
1000178c:	e7ff      	b.n	1000178e <y64_x64+0xe>
1000178e:	e7ff      	b.n	10001790 <y64_x64+0x10>
10001790:	e7ff      	b.n	10001792 <y64_x64+0x12>
10001792:	e7ff      	b.n	10001794 <y64_x64+0x14>
10001794:	6f3c      	ldr	r4, [r7, #112]	@ 0x70
10001796:	b295      	uxth	r5, r2
10001798:	b29e      	uxth	r6, r3
1000179a:	4365      	muls	r5, r4
1000179c:	4366      	muls	r6, r4
1000179e:	1b40      	subs	r0, r0, r5
100017a0:	41b1      	sbcs	r1, r6
100017a2:	0c15      	lsrs	r5, r2, #16
100017a4:	0c1e      	lsrs	r6, r3, #16
100017a6:	4365      	muls	r5, r4
100017a8:	4366      	muls	r6, r4
100017aa:	0436      	lsls	r6, r6, #16
100017ac:	0c2f      	lsrs	r7, r5, #16
100017ae:	433e      	orrs	r6, r7
100017b0:	042d      	lsls	r5, r5, #16
100017b2:	1b40      	subs	r0, r0, r5
100017b4:	41b1      	sbcs	r1, r6
100017b6:	4299      	cmp	r1, r3
100017b8:	d204      	bcs.n	100017c4 <y64_x64+0x44>
100017ba:	0002      	movs	r2, r0
100017bc:	000b      	movs	r3, r1
100017be:	0020      	movs	r0, r4
100017c0:	2100      	movs	r1, #0
100017c2:	bdf0      	pop	{r4, r5, r6, r7, pc}
100017c4:	d101      	bne.n	100017ca <y64_x64+0x4a>
100017c6:	4290      	cmp	r0, r2
100017c8:	d3f7      	bcc.n	100017ba <y64_x64+0x3a>
100017ca:	1a80      	subs	r0, r0, r2
100017cc:	4199      	sbcs	r1, r3
100017ce:	3401      	adds	r4, #1
100017d0:	4299      	cmp	r1, r3
100017d2:	d3f2      	bcc.n	100017ba <y64_x64+0x3a>
100017d4:	e7f6      	b.n	100017c4 <y64_x64+0x44>
100017d6:	0000      	.short	0x0000
100017d8:	d0000000 	.word	0xd0000000
100017dc:	ffffffff 	.word	0xffffffff

100017e0 <__wrap___aeabi_drsub>:
100017e0:	4048      	eors	r0, r1
100017e2:	4041      	eors	r1, r0
100017e4:	4048      	eors	r0, r1

100017e6 <__wrap___aeabi_dsub>:
100017e6:	b418      	push	{r3, r4}
100017e8:	4b1b      	ldr	r3, [pc, #108]	@ (10001858 <__wrap___aeabi_dmul+0x12>)
100017ea:	685b      	ldr	r3, [r3, #4]
100017ec:	46fc      	mov	ip, pc
100017ee:	9301      	str	r3, [sp, #4]
100017f0:	bd08      	pop	{r3, pc}
100017f2:	df04      	.short	0xdf04
100017f4:	10001a8b 	.word	0x10001a8b

100017f8 <__wrap___aeabi_dadd>:
100017f8:	b418      	push	{r3, r4}
100017fa:	4b17      	ldr	r3, [pc, #92]	@ (10001858 <__wrap___aeabi_dmul+0x12>)
100017fc:	681b      	ldr	r3, [r3, #0]
100017fe:	46fc      	mov	ip, pc
10001800:	9301      	str	r3, [sp, #4]
10001802:	bd08      	pop	{r3, pc}
10001804:	1a95df00 	.word	0x1a95df00
10001808:	1000      	.short	0x1000

1000180a <__wrap___aeabi_ddiv>:
1000180a:	4694      	mov	ip, r2
1000180c:	4a13      	ldr	r2, [pc, #76]	@ (1000185c <__wrap___aeabi_dmul+0x16>)
1000180e:	6f92      	ldr	r2, [r2, #120]	@ 0x78
10001810:	0892      	lsrs	r2, r2, #2
10001812:	d209      	bcs.n	10001828 <ddiv_save_state>
10001814:	4662      	mov	r2, ip

10001816 <ddiv_shim_call>:
10001816:	b418      	push	{r3, r4}
10001818:	4b0f      	ldr	r3, [pc, #60]	@ (10001858 <__wrap___aeabi_dmul+0x12>)
1000181a:	68db      	ldr	r3, [r3, #12]
1000181c:	46fc      	mov	ip, pc
1000181e:	9301      	str	r3, [sp, #4]
10001820:	bd08      	pop	{r3, pc}
10001822:	df0c      	.short	0xdf0c
10001824:	10001d4d 	.word	0x10001d4d

10001828 <ddiv_save_state>:
10001828:	4a0c      	ldr	r2, [pc, #48]	@ (1000185c <__wrap___aeabi_dmul+0x16>)
1000182a:	b5f0      	push	{r4, r5, r6, r7, lr}
1000182c:	6e14      	ldr	r4, [r2, #96]	@ 0x60
1000182e:	6e55      	ldr	r5, [r2, #100]	@ 0x64
10001830:	6f57      	ldr	r7, [r2, #116]	@ 0x74
10001832:	6f16      	ldr	r6, [r2, #112]	@ 0x70
10001834:	4662      	mov	r2, ip
10001836:	f7ff ffee 	bl	10001816 <ddiv_shim_call>
1000183a:	4a08      	ldr	r2, [pc, #32]	@ (1000185c <__wrap___aeabi_dmul+0x16>)
1000183c:	6614      	str	r4, [r2, #96]	@ 0x60
1000183e:	6655      	str	r5, [r2, #100]	@ 0x64
10001840:	6757      	str	r7, [r2, #116]	@ 0x74
10001842:	6716      	str	r6, [r2, #112]	@ 0x70
10001844:	bdf0      	pop	{r4, r5, r6, r7, pc}

10001846 <__wrap___aeabi_dmul>:
10001846:	b418      	push	{r3, r4}
10001848:	4b03      	ldr	r3, [pc, #12]	@ (10001858 <__wrap___aeabi_dmul+0x12>)
1000184a:	689b      	ldr	r3, [r3, #8]
1000184c:	46fc      	mov	ip, pc
1000184e:	9301      	str	r3, [sp, #4]
10001850:	bd08      	pop	{r3, pc}
10001852:	df08      	.short	0xdf08
10001854:	10001bf1 	.word	0x10001bf1
10001858:	200003b8 	.word	0x200003b8
1000185c:	d0000000 	.word	0xd0000000

10001860 <__wrap___aeabi_cdrcmple>:
10001860:	b5ff      	push	{r0, r1, r2, r3, r4, r5, r6, r7, lr}
10001862:	4050      	eors	r0, r2
10001864:	4042      	eors	r2, r0
10001866:	4050      	eors	r0, r2
10001868:	4059      	eors	r1, r3
1000186a:	404b      	eors	r3, r1
1000186c:	4059      	eors	r1, r3
1000186e:	e000      	b.n	10001872 <__aeabi_dfcmple_guts>

10001870 <__wrap___aeabi_cdcmpeq>:
10001870:	b5ff      	push	{r0, r1, r2, r3, r4, r5, r6, r7, lr}

10001872 <__aeabi_dfcmple_guts>:
10001872:	4f15      	ldr	r7, [pc, #84]	@ (100018c8 <__aeabi_dfcmple_guts+0x56>)
10001874:	004c      	lsls	r4, r1, #1
10001876:	0d64      	lsrs	r4, r4, #21
10001878:	d003      	beq.n	10001882 <__aeabi_dfcmple_guts+0x10>
1000187a:	42bc      	cmp	r4, r7
1000187c:	d104      	bne.n	10001888 <__aeabi_dfcmple_guts+0x16>
1000187e:	030c      	lsls	r4, r1, #12
10001880:	d814      	bhi.n	100018ac <__aeabi_dfcmple_guts+0x3a>
10001882:	2000      	movs	r0, #0
10001884:	0d09      	lsrs	r1, r1, #20
10001886:	0509      	lsls	r1, r1, #20
10001888:	005c      	lsls	r4, r3, #1
1000188a:	0d64      	lsrs	r4, r4, #21
1000188c:	d003      	beq.n	10001896 <__aeabi_dfcmple_guts+0x24>
1000188e:	42bc      	cmp	r4, r7
10001890:	d104      	bne.n	1000189c <__aeabi_dfcmple_guts+0x2a>
10001892:	031c      	lsls	r4, r3, #12
10001894:	d80a      	bhi.n	100018ac <__aeabi_dfcmple_guts+0x3a>
10001896:	2200      	movs	r2, #0
10001898:	0d1b      	lsrs	r3, r3, #20
1000189a:	051b      	lsls	r3, r3, #20
1000189c:	2601      	movs	r6, #1
1000189e:	404b      	eors	r3, r1
100018a0:	d409      	bmi.n	100018b6 <__aeabi_dfcmple_guts+0x44>
100018a2:	404b      	eors	r3, r1
100018a4:	d503      	bpl.n	100018ae <__aeabi_dfcmple_guts+0x3c>
100018a6:	428b      	cmp	r3, r1
100018a8:	d100      	bne.n	100018ac <__aeabi_dfcmple_guts+0x3a>
100018aa:	4282      	cmp	r2, r0
100018ac:	bdff      	pop	{r0, r1, r2, r3, r4, r5, r6, r7, pc}
100018ae:	4299      	cmp	r1, r3
100018b0:	d1fc      	bne.n	100018ac <__aeabi_dfcmple_guts+0x3a>
100018b2:	4290      	cmp	r0, r2
100018b4:	bdff      	pop	{r0, r1, r2, r3, r4, r5, r6, r7, pc}
100018b6:	430b      	orrs	r3, r1
100018b8:	18db      	adds	r3, r3, r3
100018ba:	4303      	orrs	r3, r0
100018bc:	4313      	orrs	r3, r2
100018be:	d0f5      	beq.n	100018ac <__aeabi_dfcmple_guts+0x3a>
100018c0:	43c9      	mvns	r1, r1
100018c2:	1849      	adds	r1, r1, r1
100018c4:	bdff      	pop	{r0, r1, r2, r3, r4, r5, r6, r7, pc}
100018c6:	0000      	.short	0x0000
100018c8:	000007ff 	.word	0x000007ff

100018cc <__wrap___aeabi_dcmplt>:
100018cc:	b500      	push	{lr}
100018ce:	f7ff ffcf 	bl	10001870 <__wrap___aeabi_cdcmpeq>
100018d2:	4180      	sbcs	r0, r0
100018d4:	bd00      	pop	{pc}
100018d6:	46c0      	nop			@ (mov r8, r8)

100018d8 <__wrap___aeabi_dcmple>:
100018d8:	b500      	push	{lr}
100018da:	f7ff ffc9 	bl	10001870 <__wrap___aeabi_cdcmpeq>
100018de:	d901      	bls.n	100018e4 <__wrap___aeabi_dcmple+0xc>
100018e0:	2000      	movs	r0, #0
100018e2:	bd00      	pop	{pc}
100018e4:	2001      	movs	r0, #1
100018e6:	bd00      	pop	{pc}

100018e8 <__wrap___aeabi_dcmpge>:
100018e8:	b500      	push	{lr}
100018ea:	f7ff ffb9 	bl	10001860 <__wrap___aeabi_cdrcmple>
100018ee:	d901      	bls.n	100018f4 <__wrap___aeabi_dcmpge+0xc>
100018f0:	2000      	movs	r0, #0
100018f2:	bd00      	pop	{pc}
100018f4:	2001      	movs	r0, #1
100018f6:	bd00      	pop	{pc}

100018f8 <__wrap___aeabi_dcmpgt>:
100018f8:	b500      	push	{lr}
100018fa:	f7ff ffb1 	bl	10001860 <__wrap___aeabi_cdrcmple>
100018fe:	4180      	sbcs	r0, r0
10001900:	bd00      	pop	{pc}

10001902 <__wrap___aeabi_dcmpun>:
10001902:	2001      	movs	r0, #1
10001904:	0540      	lsls	r0, r0, #21
10001906:	004a      	lsls	r2, r1, #1
10001908:	1812      	adds	r2, r2, r0
1000190a:	d804      	bhi.n	10001916 <__wrap___aeabi_dcmpun+0x14>
1000190c:	005a      	lsls	r2, r3, #1
1000190e:	1812      	adds	r2, r2, r0
10001910:	d801      	bhi.n	10001916 <__wrap___aeabi_dcmpun+0x14>
10001912:	2000      	movs	r0, #0
10001914:	4770      	bx	lr
10001916:	2001      	movs	r0, #1
10001918:	4770      	bx	lr
	...

1000191c <__wrap___aeabi_ui2d>:
1000191c:	2100      	movs	r1, #0
1000191e:	2800      	cmp	r0, #0
10001920:	d105      	bne.n	1000192e <__wrap___aeabi_i2d+0xa>
10001922:	4770      	bx	lr

10001924 <__wrap___aeabi_i2d>:
10001924:	17c1      	asrs	r1, r0, #31
10001926:	4048      	eors	r0, r1
10001928:	1a40      	subs	r0, r0, r1
1000192a:	d0fa      	beq.n	10001922 <__wrap___aeabi_ui2d+0x6>
1000192c:	07c9      	lsls	r1, r1, #31
1000192e:	b513      	push	{r0, r1, r4, lr}
10001930:	4b06      	ldr	r3, [pc, #24]	@ (1000194c <__wrap___aeabi_i2d+0x28>)
10001932:	681b      	ldr	r3, [r3, #0]
10001934:	4798      	blx	r3
10001936:	bc0c      	pop	{r2, r3}
10001938:	1c44      	adds	r4, r0, #1
1000193a:	40a2      	lsls	r2, r4
1000193c:	0510      	lsls	r0, r2, #20
1000193e:	0b12      	lsrs	r2, r2, #12
10001940:	4903      	ldr	r1, [pc, #12]	@ (10001950 <__wrap___aeabi_i2d+0x2c>)
10001942:	1b09      	subs	r1, r1, r4
10001944:	0509      	lsls	r1, r1, #20
10001946:	4319      	orrs	r1, r3
10001948:	4311      	orrs	r1, r2
1000194a:	bd10      	pop	{r4, pc}
1000194c:	20000600 	.word	0x20000600
10001950:	0000041f 	.word	0x0000041f

10001954 <__wrap___aeabi_d2iz>:
10001954:	b510      	push	{r4, lr}
10001956:	004c      	lsls	r4, r1, #1
10001958:	0d62      	lsrs	r2, r4, #21
1000195a:	2380      	movs	r3, #128	@ 0x80
1000195c:	18d2      	adds	r2, r2, r3
1000195e:	00db      	lsls	r3, r3, #3
10001960:	1ad2      	subs	r2, r2, r3
10001962:	055b      	lsls	r3, r3, #21
10001964:	2a7e      	cmp	r2, #126	@ 0x7e
10001966:	dd10      	ble.n	1000198a <__wrap___aeabi_d2iz+0x36>
10001968:	3a9e      	subs	r2, #158	@ 0x9e
1000196a:	da13      	bge.n	10001994 <__wrap___aeabi_d2iz+0x40>
1000196c:	17cc      	asrs	r4, r1, #31
1000196e:	0309      	lsls	r1, r1, #12
10001970:	0849      	lsrs	r1, r1, #1
10001972:	4319      	orrs	r1, r3
10001974:	4252      	negs	r2, r2
10001976:	40d1      	lsrs	r1, r2
10001978:	0064      	lsls	r4, r4, #1
1000197a:	3401      	adds	r4, #1
1000197c:	3215      	adds	r2, #21
1000197e:	2a20      	cmp	r2, #32
10001980:	da05      	bge.n	1000198e <__wrap___aeabi_d2iz+0x3a>
10001982:	40d0      	lsrs	r0, r2
10001984:	4308      	orrs	r0, r1
10001986:	4360      	muls	r0, r4
10001988:	bd10      	pop	{r4, pc}
1000198a:	2000      	movs	r0, #0
1000198c:	bd10      	pop	{r4, pc}
1000198e:	4608      	mov	r0, r1
10001990:	4360      	muls	r0, r4
10001992:	bd10      	pop	{r4, pc}
10001994:	0fc8      	lsrs	r0, r1, #31
10001996:	18c0      	adds	r0, r0, r3
10001998:	3801      	subs	r0, #1
1000199a:	bd10      	pop	{r4, pc}

1000199c <__wrap___aeabi_d2uiz>:
1000199c:	b418      	push	{r3, r4}
1000199e:	4b04      	ldr	r3, [pc, #16]	@ (100019b0 <__wrap___aeabi_d2uiz+0x14>)
100019a0:	6a5b      	ldr	r3, [r3, #36]	@ 0x24
100019a2:	46fc      	mov	ip, pc
100019a4:	9301      	str	r3, [sp, #4]
100019a6:	bd08      	pop	{r3, pc}
100019a8:	1efddf24 	.word	0x1efddf24
100019ac:	00001000 	.word	0x00001000
100019b0:	200003b8 	.word	0x200003b8

100019b4 <__aeabi_double_init>:
100019b4:	2313      	movs	r3, #19
100019b6:	b570      	push	{r4, r5, r6, lr}
100019b8:	781d      	ldrb	r5, [r3, #0]
100019ba:	2d01      	cmp	r5, #1
100019bc:	d019      	beq.n	100019f2 <__aeabi_double_init+0x3e>
100019be:	dd14      	ble.n	100019ea <__aeabi_double_init+0x36>
100019c0:	481f      	ldr	r0, [pc, #124]	@ (10001a40 <__aeabi_double_init+0x8c>)
100019c2:	f7ff fb43 	bl	1000104c <rom_data_lookup>
100019c6:	0006      	movs	r6, r0
100019c8:	481e      	ldr	r0, [pc, #120]	@ (10001a44 <__aeabi_double_init+0x90>)
100019ca:	f7ff fb3f 	bl	1000104c <rom_data_lookup>
100019ce:	4c1e      	ldr	r4, [pc, #120]	@ (10001a48 <__aeabi_double_init+0x94>)
100019d0:	2280      	movs	r2, #128	@ 0x80
100019d2:	0031      	movs	r1, r6
100019d4:	0020      	movs	r0, r4
100019d6:	f000 fb59 	bl	1000208c <__wrap___aeabi_memcpy>
100019da:	2d02      	cmp	r5, #2
100019dc:	d02d      	beq.n	10001a3a <__aeabi_double_init+0x86>
100019de:	481b      	ldr	r0, [pc, #108]	@ (10001a4c <__aeabi_double_init+0x98>)
100019e0:	f7ff fb2c 	bl	1000103c <rom_func_lookup>
100019e4:	4b1a      	ldr	r3, [pc, #104]	@ (10001a50 <__aeabi_double_init+0x9c>)
100019e6:	6018      	str	r0, [r3, #0]
100019e8:	bd70      	pop	{r4, r5, r6, pc}
100019ea:	4b1a      	ldr	r3, [pc, #104]	@ (10001a54 <__aeabi_double_init+0xa0>)
100019ec:	4c16      	ldr	r4, [pc, #88]	@ (10001a48 <__aeabi_double_init+0x94>)
100019ee:	64a3      	str	r3, [r4, #72]	@ 0x48
100019f0:	e7f5      	b.n	100019de <__aeabi_double_init+0x2a>
100019f2:	4b18      	ldr	r3, [pc, #96]	@ (10001a54 <__aeabi_double_init+0xa0>)
100019f4:	4c14      	ldr	r4, [pc, #80]	@ (10001a48 <__aeabi_double_init+0x94>)
100019f6:	6023      	str	r3, [r4, #0]
100019f8:	6063      	str	r3, [r4, #4]
100019fa:	60a3      	str	r3, [r4, #8]
100019fc:	60e3      	str	r3, [r4, #12]
100019fe:	6123      	str	r3, [r4, #16]
10001a00:	6163      	str	r3, [r4, #20]
10001a02:	61a3      	str	r3, [r4, #24]
10001a04:	61e3      	str	r3, [r4, #28]
10001a06:	6223      	str	r3, [r4, #32]
10001a08:	6263      	str	r3, [r4, #36]	@ 0x24
10001a0a:	62a3      	str	r3, [r4, #40]	@ 0x28
10001a0c:	62e3      	str	r3, [r4, #44]	@ 0x2c
10001a0e:	6323      	str	r3, [r4, #48]	@ 0x30
10001a10:	6363      	str	r3, [r4, #52]	@ 0x34
10001a12:	63a3      	str	r3, [r4, #56]	@ 0x38
10001a14:	63e3      	str	r3, [r4, #60]	@ 0x3c
10001a16:	6423      	str	r3, [r4, #64]	@ 0x40
10001a18:	6463      	str	r3, [r4, #68]	@ 0x44
10001a1a:	64a3      	str	r3, [r4, #72]	@ 0x48
10001a1c:	64e3      	str	r3, [r4, #76]	@ 0x4c
10001a1e:	6523      	str	r3, [r4, #80]	@ 0x50
10001a20:	6563      	str	r3, [r4, #84]	@ 0x54
10001a22:	65a3      	str	r3, [r4, #88]	@ 0x58
10001a24:	65e3      	str	r3, [r4, #92]	@ 0x5c
10001a26:	6623      	str	r3, [r4, #96]	@ 0x60
10001a28:	6663      	str	r3, [r4, #100]	@ 0x64
10001a2a:	66a3      	str	r3, [r4, #104]	@ 0x68
10001a2c:	66e3      	str	r3, [r4, #108]	@ 0x6c
10001a2e:	6723      	str	r3, [r4, #112]	@ 0x70
10001a30:	6763      	str	r3, [r4, #116]	@ 0x74
10001a32:	67a3      	str	r3, [r4, #120]	@ 0x78
10001a34:	67e3      	str	r3, [r4, #124]	@ 0x7c
10001a36:	64a3      	str	r3, [r4, #72]	@ 0x48
10001a38:	e7d1      	b.n	100019de <__aeabi_double_init+0x2a>
10001a3a:	4b06      	ldr	r3, [pc, #24]	@ (10001a54 <__aeabi_double_init+0xa0>)
10001a3c:	64a3      	str	r3, [r4, #72]	@ 0x48
10001a3e:	e7ce      	b.n	100019de <__aeabi_double_init+0x2a>
10001a40:	00004453 	.word	0x00004453
10001a44:	00004653 	.word	0x00004653
10001a48:	200003b8 	.word	0x200003b8
10001a4c:	0000334c 	.word	0x0000334c
10001a50:	20000600 	.word	0x20000600
10001a54:	10001a59 	.word	0x10001a59

10001a58 <double_table_shim_on_use_helper>:
10001a58:	b507      	push	{r0, r1, r2, lr}
10001a5a:	4660      	mov	r0, ip
10001a5c:	8801      	ldrh	r1, [r0, #0]
10001a5e:	0a0a      	lsrs	r2, r1, #8
10001a60:	3002      	adds	r0, #2
10001a62:	2adf      	cmp	r2, #223	@ 0xdf
10001a64:	d1fa      	bne.n	10001a5c <double_table_shim_on_use_helper+0x4>
10001a66:	b2c9      	uxtb	r1, r1
10001a68:	0882      	lsrs	r2, r0, #2
10001a6a:	d304      	bcc.n	10001a76 <double_table_shim_on_use_helper+0x1e>
10001a6c:	8802      	ldrh	r2, [r0, #0]
10001a6e:	8840      	ldrh	r0, [r0, #2]
10001a70:	0400      	lsls	r0, r0, #16
10001a72:	4310      	orrs	r0, r2
10001a74:	e000      	b.n	10001a78 <double_table_shim_on_use_helper+0x20>
10001a76:	6800      	ldr	r0, [r0, #0]
10001a78:	4a01      	ldr	r2, [pc, #4]	@ (10001a80 <double_table_shim_on_use_helper+0x28>)
10001a7a:	5050      	str	r0, [r2, r1]
10001a7c:	9003      	str	r0, [sp, #12]
10001a7e:	bd07      	pop	{r0, r1, r2, pc}
10001a80:	200003b8 	.word	0x200003b8

10001a84 <drsub_shim>:
10001a84:	b40f      	push	{r0, r1, r2, r3}
10001a86:	bc03      	pop	{r0, r1}
10001a88:	bc0c      	pop	{r2, r3}

10001a8a <dsub_shim>:
10001a8a:	b5f0      	push	{r4, r5, r6, r7, lr}
10001a8c:	2401      	movs	r4, #1
10001a8e:	07e4      	lsls	r4, r4, #31
10001a90:	4063      	eors	r3, r4
10001a92:	e000      	b.n	10001a96 <da_entry>

10001a94 <dadd_shim>:
10001a94:	b5f0      	push	{r4, r5, r6, r7, lr}

10001a96 <da_entry>:
10001a96:	0d0c      	lsrs	r4, r1, #20
10001a98:	0fcf      	lsrs	r7, r1, #31
10001a9a:	1e66      	subs	r6, r4, #1
10001a9c:	0536      	lsls	r6, r6, #20
10001a9e:	1b89      	subs	r1, r1, r6
10001aa0:	0564      	lsls	r4, r4, #21
10001aa2:	d303      	bcc.n	10001aac <l8_1>
10001aa4:	43c9      	mvns	r1, r1
10001aa6:	4240      	negs	r0, r0
10001aa8:	d300      	bcc.n	10001aac <l8_1>
10001aaa:	3101      	adds	r1, #1

10001aac <l8_1>:
10001aac:	0d64      	lsrs	r4, r4, #21
10001aae:	d003      	beq.n	10001ab8 <l8_2>
10001ab0:	1c66      	adds	r6, r4, #1
10001ab2:	0af6      	lsrs	r6, r6, #11
10001ab4:	d007      	beq.n	10001ac6 <l8_3>
10001ab6:	1be4      	subs	r4, r4, r7

10001ab8 <l8_2>:
10001ab8:	2000      	movs	r0, #0
10001aba:	007f      	lsls	r7, r7, #1
10001abc:	1c79      	adds	r1, r7, #1
10001abe:	0789      	lsls	r1, r1, #30
10001ac0:	1289      	asrs	r1, r1, #10
10001ac2:	3c80      	subs	r4, #128	@ 0x80
10001ac4:	0324      	lsls	r4, r4, #12

10001ac6 <l8_3>:
10001ac6:	0d1d      	lsrs	r5, r3, #20
10001ac8:	0fdf      	lsrs	r7, r3, #31
10001aca:	1e6e      	subs	r6, r5, #1
10001acc:	0536      	lsls	r6, r6, #20
10001ace:	1b9b      	subs	r3, r3, r6
10001ad0:	056d      	lsls	r5, r5, #21
10001ad2:	d303      	bcc.n	10001adc <l9_1>
10001ad4:	43db      	mvns	r3, r3
10001ad6:	4252      	negs	r2, r2
10001ad8:	d300      	bcc.n	10001adc <l9_1>
10001ada:	3301      	adds	r3, #1

10001adc <l9_1>:
10001adc:	0d6d      	lsrs	r5, r5, #21
10001ade:	d003      	beq.n	10001ae8 <l9_2>
10001ae0:	1c6e      	adds	r6, r5, #1
10001ae2:	0af6      	lsrs	r6, r6, #11
10001ae4:	d007      	beq.n	10001af6 <l9_3>
10001ae6:	1bed      	subs	r5, r5, r7

10001ae8 <l9_2>:
10001ae8:	2200      	movs	r2, #0
10001aea:	007f      	lsls	r7, r7, #1
10001aec:	1c7b      	adds	r3, r7, #1
10001aee:	079b      	lsls	r3, r3, #30
10001af0:	129b      	asrs	r3, r3, #10
10001af2:	3d80      	subs	r5, #128	@ 0x80
10001af4:	032d      	lsls	r5, r5, #12

10001af6 <l9_3>:
10001af6:	1b2f      	subs	r7, r5, r4
10001af8:	1b66      	subs	r6, r4, r5
10001afa:	d458      	bmi.n	10001bae <da_ygtx>
10001afc:	46a4      	mov	ip, r4
10001afe:	2e20      	cmp	r6, #32
10001b00:	da46      	bge.n	10001b90 <da_xrgty>
10001b02:	3720      	adds	r7, #32
10001b04:	0014      	movs	r4, r2
10001b06:	40bc      	lsls	r4, r7

10001b08 <da_xgty0>:
10001b08:	001d      	movs	r5, r3
10001b0a:	40bd      	lsls	r5, r7
10001b0c:	40f2      	lsrs	r2, r6
10001b0e:	4133      	asrs	r3, r6
10001b10:	432a      	orrs	r2, r5

10001b12 <da_add>:
10001b12:	1880      	adds	r0, r0, r2
10001b14:	4159      	adcs	r1, r3

10001b16 <da_pack>:
10001b16:	0fcb      	lsrs	r3, r1, #31
10001b18:	d005      	beq.n	10001b26 <da_pack+0x10>
10001b1a:	43c9      	mvns	r1, r1
10001b1c:	43c0      	mvns	r0, r0
10001b1e:	2200      	movs	r2, #0
10001b20:	4264      	negs	r4, r4
10001b22:	4150      	adcs	r0, r2
10001b24:	4151      	adcs	r1, r2
10001b26:	4662      	mov	r2, ip
10001b28:	0d4d      	lsrs	r5, r1, #21
10001b2a:	d128      	bne.n	10001b7e <da_0>
10001b2c:	0d0d      	lsrs	r5, r1, #20
10001b2e:	d107      	bne.n	10001b40 <da_1>
10001b30:	2800      	cmp	r0, #0
10001b32:	d01f      	beq.n	10001b74 <da_5>

10001b34 <da_2>:
10001b34:	1924      	adds	r4, r4, r4
10001b36:	4140      	adcs	r0, r0
10001b38:	4149      	adcs	r1, r1
10001b3a:	3a01      	subs	r2, #1
10001b3c:	0d0d      	lsrs	r5, r1, #20
10001b3e:	d0f9      	beq.n	10001b34 <da_2>

10001b40 <da_1>:
10001b40:	0064      	lsls	r4, r4, #1
10001b42:	d306      	bcc.n	10001b52 <da_3>

10001b44 <da_4>:
10001b44:	3001      	adds	r0, #1
10001b46:	d300      	bcc.n	10001b4a <da_4+0x6>
10001b48:	3101      	adds	r1, #1
10001b4a:	2c00      	cmp	r4, #0
10001b4c:	d101      	bne.n	10001b52 <da_3>
10001b4e:	0840      	lsrs	r0, r0, #1
10001b50:	0040      	lsls	r0, r0, #1

10001b52 <da_3>:
10001b52:	3a01      	subs	r2, #1
10001b54:	d40b      	bmi.n	10001b6e <da_6>
10001b56:	1c94      	adds	r4, r2, #2
10001b58:	0ae4      	lsrs	r4, r4, #11
10001b5a:	d104      	bne.n	10001b66 <da_7>
10001b5c:	0512      	lsls	r2, r2, #20
10001b5e:	4411      	add	r1, r2
10001b60:	07db      	lsls	r3, r3, #31
10001b62:	4419      	add	r1, r3
10001b64:	bdf0      	pop	{r4, r5, r6, r7, pc}

10001b66 <da_7>:
10001b66:	07d9      	lsls	r1, r3, #31
10001b68:	4b20      	ldr	r3, [pc, #128]	@ (10001bec <da_xmgty+0x4>)
10001b6a:	4319      	orrs	r1, r3
10001b6c:	e000      	b.n	10001b70 <da_6+0x2>

10001b6e <da_6>:
10001b6e:	07d9      	lsls	r1, r3, #31
10001b70:	2000      	movs	r0, #0
10001b72:	bdf0      	pop	{r4, r5, r6, r7, pc}

10001b74 <da_5>:
10001b74:	2900      	cmp	r1, #0
10001b76:	d1dd      	bne.n	10001b34 <da_2>
10001b78:	2c00      	cmp	r4, #0
10001b7a:	d1db      	bne.n	10001b34 <da_2>
10001b7c:	bdf0      	pop	{r4, r5, r6, r7, pc}

10001b7e <da_0>:
10001b7e:	3201      	adds	r2, #1
10001b80:	07c6      	lsls	r6, r0, #31
10001b82:	0840      	lsrs	r0, r0, #1
10001b84:	07cd      	lsls	r5, r1, #31
10001b86:	4328      	orrs	r0, r5
10001b88:	0849      	lsrs	r1, r1, #1
10001b8a:	2e00      	cmp	r6, #0
10001b8c:	d0e1      	beq.n	10001b52 <da_3>
10001b8e:	e7d9      	b.n	10001b44 <da_4>

10001b90 <da_xrgty>:
10001b90:	2e3c      	cmp	r6, #60	@ 0x3c
10001b92:	da29      	bge.n	10001be8 <da_xmgty>
10001b94:	3e20      	subs	r6, #32
10001b96:	3740      	adds	r7, #64	@ 0x40
10001b98:	0014      	movs	r4, r2
10001b9a:	40bc      	lsls	r4, r7
10001b9c:	d000      	beq.n	10001ba0 <da_xrgty+0x10>
10001b9e:	2401      	movs	r4, #1
10001ba0:	40f2      	lsrs	r2, r6
10001ba2:	4314      	orrs	r4, r2
10001ba4:	001a      	movs	r2, r3
10001ba6:	40bb      	lsls	r3, r7
10001ba8:	431c      	orrs	r4, r3
10001baa:	17d3      	asrs	r3, r2, #31
10001bac:	e7ac      	b.n	10001b08 <da_xgty0>

10001bae <da_ygtx>:
10001bae:	46ac      	mov	ip, r5
10001bb0:	2f20      	cmp	r7, #32
10001bb2:	da08      	bge.n	10001bc6 <da_yrgtx>
10001bb4:	3620      	adds	r6, #32
10001bb6:	0004      	movs	r4, r0
10001bb8:	40b4      	lsls	r4, r6

10001bba <da_ygtx0>:
10001bba:	000d      	movs	r5, r1
10001bbc:	40b5      	lsls	r5, r6
10001bbe:	40f8      	lsrs	r0, r7
10001bc0:	4139      	asrs	r1, r7
10001bc2:	4328      	orrs	r0, r5
10001bc4:	e7a5      	b.n	10001b12 <da_add>

10001bc6 <da_yrgtx>:
10001bc6:	2f3c      	cmp	r7, #60	@ 0x3c
10001bc8:	da0c      	bge.n	10001be4 <da_ymgtx>
10001bca:	3f20      	subs	r7, #32
10001bcc:	3640      	adds	r6, #64	@ 0x40
10001bce:	0004      	movs	r4, r0
10001bd0:	40b4      	lsls	r4, r6
10001bd2:	d000      	beq.n	10001bd6 <da_yrgtx+0x10>
10001bd4:	2401      	movs	r4, #1
10001bd6:	40f8      	lsrs	r0, r7
10001bd8:	4304      	orrs	r4, r0
10001bda:	0008      	movs	r0, r1
10001bdc:	40b1      	lsls	r1, r6
10001bde:	430c      	orrs	r4, r1
10001be0:	17c1      	asrs	r1, r0, #31
10001be2:	e7ea      	b.n	10001bba <da_ygtx0>

10001be4 <da_ymgtx>:
10001be4:	0010      	movs	r0, r2
10001be6:	0019      	movs	r1, r3

10001be8 <da_xmgty>:
10001be8:	2400      	movs	r4, #0
10001bea:	e794      	b.n	10001b16 <da_pack>
10001bec:	7ff00000 	.word	0x7ff00000

10001bf0 <dmul_shim>:
10001bf0:	b5f0      	push	{r4, r5, r6, r7, lr}
10001bf2:	0d0c      	lsrs	r4, r1, #20
10001bf4:	1e66      	subs	r6, r4, #1
10001bf6:	0536      	lsls	r6, r6, #20
10001bf8:	1b89      	subs	r1, r1, r6
10001bfa:	0ae6      	lsrs	r6, r4, #11
10001bfc:	0564      	lsls	r4, r4, #21
10001bfe:	0d64      	lsrs	r4, r4, #21
10001c00:	d002      	beq.n	10001c08 <l12_1>
10001c02:	1c65      	adds	r5, r4, #1
10001c04:	0aed      	lsrs	r5, r5, #11
10001c06:	d004      	beq.n	10001c12 <l12_2>

10001c08 <l12_1>:
10001c08:	2000      	movs	r0, #0
10001c0a:	2101      	movs	r1, #1
10001c0c:	0509      	lsls	r1, r1, #20
10001c0e:	3c80      	subs	r4, #128	@ 0x80
10001c10:	0324      	lsls	r4, r4, #12

10001c12 <l12_2>:
10001c12:	46a4      	mov	ip, r4
10001c14:	0d1c      	lsrs	r4, r3, #20
10001c16:	1e67      	subs	r7, r4, #1
10001c18:	053f      	lsls	r7, r7, #20
10001c1a:	1bdb      	subs	r3, r3, r7
10001c1c:	0ae7      	lsrs	r7, r4, #11
10001c1e:	0564      	lsls	r4, r4, #21
10001c20:	0d64      	lsrs	r4, r4, #21
10001c22:	d002      	beq.n	10001c2a <l13_1>
10001c24:	1c65      	adds	r5, r4, #1
10001c26:	0aed      	lsrs	r5, r5, #11
10001c28:	d004      	beq.n	10001c34 <l13_2>

10001c2a <l13_1>:
10001c2a:	2200      	movs	r2, #0
10001c2c:	2301      	movs	r3, #1
10001c2e:	051b      	lsls	r3, r3, #20
10001c30:	3c80      	subs	r4, #128	@ 0x80
10001c32:	0324      	lsls	r4, r4, #12

10001c34 <l13_2>:
10001c34:	4077      	eors	r7, r6
10001c36:	4464      	add	r4, ip
10001c38:	b497      	push	{r0, r1, r2, r4, r7}
10001c3a:	b284      	uxth	r4, r0
10001c3c:	b296      	uxth	r6, r2
10001c3e:	4374      	muls	r4, r6
10001c40:	0c07      	lsrs	r7, r0, #16
10001c42:	437e      	muls	r6, r7
10001c44:	0c15      	lsrs	r5, r2, #16
10001c46:	436f      	muls	r7, r5
10001c48:	b280      	uxth	r0, r0
10001c4a:	4368      	muls	r0, r5
10001c4c:	1836      	adds	r6, r6, r0
10001c4e:	d302      	bcc.n	10001c56 <l14_1>
10001c50:	2001      	movs	r0, #1
10001c52:	0400      	lsls	r0, r0, #16
10001c54:	183f      	adds	r7, r7, r0

10001c56 <l14_1>:
10001c56:	0430      	lsls	r0, r6, #16
10001c58:	0c35      	lsrs	r5, r6, #16
10001c5a:	1900      	adds	r0, r0, r4
10001c5c:	417d      	adcs	r5, r7
10001c5e:	4684      	mov	ip, r0
10001c60:	b288      	uxth	r0, r1
10001c62:	b29a      	uxth	r2, r3
10001c64:	4350      	muls	r0, r2
10001c66:	0c0c      	lsrs	r4, r1, #16
10001c68:	4362      	muls	r2, r4
10001c6a:	0c1f      	lsrs	r7, r3, #16
10001c6c:	437c      	muls	r4, r7
10001c6e:	b28e      	uxth	r6, r1
10001c70:	437e      	muls	r6, r7
10001c72:	1992      	adds	r2, r2, r6
10001c74:	d302      	bcc.n	10001c7c <l15_1>
10001c76:	2601      	movs	r6, #1
10001c78:	0436      	lsls	r6, r6, #16
10001c7a:	19a4      	adds	r4, r4, r6

10001c7c <l15_1>:
10001c7c:	0416      	lsls	r6, r2, #16
10001c7e:	0c17      	lsrs	r7, r2, #16
10001c80:	1836      	adds	r6, r6, r0
10001c82:	4167      	adcs	r7, r4
10001c84:	bc01      	pop	{r0}
10001c86:	b281      	uxth	r1, r0
10001c88:	b29a      	uxth	r2, r3
10001c8a:	4351      	muls	r1, r2
10001c8c:	0c04      	lsrs	r4, r0, #16
10001c8e:	4362      	muls	r2, r4
10001c90:	0c1b      	lsrs	r3, r3, #16
10001c92:	435c      	muls	r4, r3
10001c94:	b280      	uxth	r0, r0
10001c96:	4358      	muls	r0, r3
10001c98:	1812      	adds	r2, r2, r0
10001c9a:	d302      	bcc.n	10001ca2 <l16_1>
10001c9c:	2001      	movs	r0, #1
10001c9e:	0400      	lsls	r0, r0, #16
10001ca0:	1824      	adds	r4, r4, r0

10001ca2 <l16_1>:
10001ca2:	0410      	lsls	r0, r2, #16
10001ca4:	0c13      	lsrs	r3, r2, #16
10001ca6:	1840      	adds	r0, r0, r1
10001ca8:	4163      	adcs	r3, r4
10001caa:	182d      	adds	r5, r5, r0
10001cac:	415e      	adcs	r6, r3
10001cae:	2000      	movs	r0, #0
10001cb0:	4147      	adcs	r7, r0
10001cb2:	bc06      	pop	{r1, r2}
10001cb4:	b288      	uxth	r0, r1
10001cb6:	b293      	uxth	r3, r2
10001cb8:	4358      	muls	r0, r3
10001cba:	0c0c      	lsrs	r4, r1, #16
10001cbc:	4363      	muls	r3, r4
10001cbe:	0c12      	lsrs	r2, r2, #16
10001cc0:	4354      	muls	r4, r2
10001cc2:	b289      	uxth	r1, r1
10001cc4:	4351      	muls	r1, r2
10001cc6:	185b      	adds	r3, r3, r1
10001cc8:	d302      	bcc.n	10001cd0 <l17_1>
10001cca:	2101      	movs	r1, #1
10001ccc:	0409      	lsls	r1, r1, #16
10001cce:	1864      	adds	r4, r4, r1

10001cd0 <l17_1>:
10001cd0:	0419      	lsls	r1, r3, #16
10001cd2:	0c1a      	lsrs	r2, r3, #16
10001cd4:	1809      	adds	r1, r1, r0
10001cd6:	4162      	adcs	r2, r4
10001cd8:	186d      	adds	r5, r5, r1
10001cda:	4156      	adcs	r6, r2
10001cdc:	2000      	movs	r0, #0
10001cde:	4147      	adcs	r7, r0
10001ce0:	bc18      	pop	{r3, r4}
10001ce2:	02f9      	lsls	r1, r7, #11
10001ce4:	0d72      	lsrs	r2, r6, #21
10001ce6:	4311      	orrs	r1, r2
10001ce8:	02f0      	lsls	r0, r6, #11
10001cea:	0d6a      	lsrs	r2, r5, #21
10001cec:	4310      	orrs	r0, r2
10001cee:	02ed      	lsls	r5, r5, #11
10001cf0:	0d0a      	lsrs	r2, r1, #20
10001cf2:	d103      	bne.n	10001cfc <l17_1+0x2c>
10001cf4:	196d      	adds	r5, r5, r5
10001cf6:	4140      	adcs	r0, r0
10001cf8:	4149      	adcs	r1, r1
10001cfa:	3b01      	subs	r3, #1
10001cfc:	4e12      	ldr	r6, [pc, #72]	@ (10001d48 <dm_1+0xa>)
10001cfe:	1b9b      	subs	r3, r3, r6
10001d00:	0076      	lsls	r6, r6, #1
10001d02:	42b3      	cmp	r3, r6
10001d04:	d20e      	bcs.n	10001d24 <dm_0>
10001d06:	006d      	lsls	r5, r5, #1
10001d08:	d307      	bcc.n	10001d1a <l17_1+0x4a>
10001d0a:	3001      	adds	r0, #1
10001d0c:	2600      	movs	r6, #0
10001d0e:	4171      	adcs	r1, r6
10001d10:	4666      	mov	r6, ip
10001d12:	4335      	orrs	r5, r6
10001d14:	d101      	bne.n	10001d1a <l17_1+0x4a>
10001d16:	0840      	lsrs	r0, r0, #1
10001d18:	0040      	lsls	r0, r0, #1
10001d1a:	051b      	lsls	r3, r3, #20
10001d1c:	18c9      	adds	r1, r1, r3

10001d1e <dm_2>:
10001d1e:	07e4      	lsls	r4, r4, #31
10001d20:	4421      	add	r1, r4
10001d22:	bdf0      	pop	{r4, r5, r6, r7, pc}

10001d24 <dm_0>:
10001d24:	da0b      	bge.n	10001d3e <dm_1>
10001d26:	3301      	adds	r3, #1
10001d28:	d106      	bne.n	10001d38 <dm_0+0x14>
10001d2a:	3001      	adds	r0, #1
10001d2c:	d104      	bne.n	10001d38 <dm_0+0x14>
10001d2e:	3101      	adds	r1, #1
10001d30:	0d4f      	lsrs	r7, r1, #21
10001d32:	d001      	beq.n	10001d38 <dm_0+0x14>
10001d34:	0849      	lsrs	r1, r1, #1
10001d36:	e7f2      	b.n	10001d1e <dm_2>
10001d38:	07e1      	lsls	r1, r4, #31
10001d3a:	2000      	movs	r0, #0
10001d3c:	bdf0      	pop	{r4, r5, r6, r7, pc}

10001d3e <dm_1>:
10001d3e:	3601      	adds	r6, #1
10001d40:	0531      	lsls	r1, r6, #20
10001d42:	2000      	movs	r0, #0
10001d44:	e7eb      	b.n	10001d1e <dm_2>
10001d46:	0000      	.short	0x0000
10001d48:	000003ff 	.word	0x000003ff

10001d4c <ddiv_shim>:
10001d4c:	b5f0      	push	{r4, r5, r6, r7, lr}

10001d4e <ddiv0>:
10001d4e:	0d1c      	lsrs	r4, r3, #20
10001d50:	1e67      	subs	r7, r4, #1
10001d52:	053f      	lsls	r7, r7, #20
10001d54:	1bdb      	subs	r3, r3, r7
10001d56:	0ae7      	lsrs	r7, r4, #11
10001d58:	0564      	lsls	r4, r4, #21
10001d5a:	0d64      	lsrs	r4, r4, #21
10001d5c:	d002      	beq.n	10001d64 <l20_1>
10001d5e:	1c66      	adds	r6, r4, #1
10001d60:	0af6      	lsrs	r6, r6, #11
10001d62:	d004      	beq.n	10001d6e <l20_2>

10001d64 <l20_1>:
10001d64:	2200      	movs	r2, #0
10001d66:	2301      	movs	r3, #1
10001d68:	051b      	lsls	r3, r3, #20
10001d6a:	3c80      	subs	r4, #128	@ 0x80
10001d6c:	0324      	lsls	r4, r4, #12

10001d6e <l20_2>:
10001d6e:	25d0      	movs	r5, #208	@ 0xd0
10001d70:	062d      	lsls	r5, r5, #24
10001d72:	2600      	movs	r6, #0
10001d74:	43f6      	mvns	r6, r6
10001d76:	662e      	str	r6, [r5, #96]	@ 0x60
10001d78:	091e      	lsrs	r6, r3, #4
10001d7a:	666e      	str	r6, [r5, #100]	@ 0x64
10001d7c:	0fce      	lsrs	r6, r1, #31
10001d7e:	19f6      	adds	r6, r6, r7
10001d80:	46b4      	mov	ip, r6
10001d82:	0049      	lsls	r1, r1, #1
10001d84:	0d4f      	lsrs	r7, r1, #21
10001d86:	d002      	beq.n	10001d8e <l20_2+0x20>
10001d88:	1c7e      	adds	r6, r7, #1
10001d8a:	0af6      	lsrs	r6, r6, #11
10001d8c:	d003      	beq.n	10001d96 <l20_2+0x28>
10001d8e:	2000      	movs	r0, #0
10001d90:	2100      	movs	r1, #0
10001d92:	3f40      	subs	r7, #64	@ 0x40
10001d94:	033f      	lsls	r7, r7, #12
10001d96:	1b3e      	subs	r6, r7, r4
10001d98:	00b6      	lsls	r6, r6, #2
10001d9a:	44b4      	add	ip, r6
10001d9c:	3f01      	subs	r7, #1
10001d9e:	057f      	lsls	r7, r7, #21
10001da0:	1bc9      	subs	r1, r1, r7
10001da2:	0849      	lsrs	r1, r1, #1
10001da4:	6f2e      	ldr	r6, [r5, #112]	@ 0x70
10001da6:	3601      	adds	r6, #1
10001da8:	0876      	lsrs	r6, r6, #1
10001daa:	029c      	lsls	r4, r3, #10
10001dac:	0d95      	lsrs	r5, r2, #22
10001dae:	4325      	orrs	r5, r4
10001db0:	4375      	muls	r5, r6
10001db2:	13ed      	asrs	r5, r5, #15
10001db4:	4375      	muls	r5, r6
10001db6:	13ad      	asrs	r5, r5, #14
10001db8:	3501      	adds	r5, #1
10001dba:	106d      	asrs	r5, r5, #1
10001dbc:	03f6      	lsls	r6, r6, #15
10001dbe:	1b76      	subs	r6, r6, r5
10001dc0:	b40c      	push	{r2, r3}
10001dc2:	02cc      	lsls	r4, r1, #11
10001dc4:	0d45      	lsrs	r5, r0, #21
10001dc6:	432c      	orrs	r4, r5
10001dc8:	b2a2      	uxth	r2, r4
10001dca:	b2b3      	uxth	r3, r6
10001dcc:	435a      	muls	r2, r3
10001dce:	0c27      	lsrs	r7, r4, #16
10001dd0:	437b      	muls	r3, r7
10001dd2:	0c35      	lsrs	r5, r6, #16
10001dd4:	436f      	muls	r7, r5
10001dd6:	b2a4      	uxth	r4, r4
10001dd8:	436c      	muls	r4, r5
10001dda:	191b      	adds	r3, r3, r4
10001ddc:	d302      	bcc.n	10001de4 <l21_1>
10001dde:	2401      	movs	r4, #1
10001de0:	0424      	lsls	r4, r4, #16
10001de2:	193f      	adds	r7, r7, r4

10001de4 <l21_1>:
10001de4:	041c      	lsls	r4, r3, #16
10001de6:	0c1d      	lsrs	r5, r3, #16
10001de8:	18a4      	adds	r4, r4, r2
10001dea:	417d      	adcs	r5, r7
10001dec:	1924      	adds	r4, r4, r4
10001dee:	416d      	adcs	r5, r5
10001df0:	9a00      	ldr	r2, [sp, #0]
10001df2:	b291      	uxth	r1, r2
10001df4:	b2ac      	uxth	r4, r5
10001df6:	4361      	muls	r1, r4
10001df8:	0c17      	lsrs	r7, r2, #16
10001dfa:	437c      	muls	r4, r7
10001dfc:	0c2b      	lsrs	r3, r5, #16
10001dfe:	435f      	muls	r7, r3
10001e00:	b292      	uxth	r2, r2
10001e02:	435a      	muls	r2, r3
10001e04:	18a4      	adds	r4, r4, r2
10001e06:	d302      	bcc.n	10001e0e <l22_1>
10001e08:	2201      	movs	r2, #1
10001e0a:	0412      	lsls	r2, r2, #16
10001e0c:	18bf      	adds	r7, r7, r2

10001e0e <l22_1>:
10001e0e:	0422      	lsls	r2, r4, #16
10001e10:	0c23      	lsrs	r3, r4, #16
10001e12:	1852      	adds	r2, r2, r1
10001e14:	417b      	adcs	r3, r7
10001e16:	9c01      	ldr	r4, [sp, #4]
10001e18:	436c      	muls	r4, r5
10001e1a:	191b      	adds	r3, r3, r4
10001e1c:	0e52      	lsrs	r2, r2, #25
10001e1e:	01d9      	lsls	r1, r3, #7
10001e20:	430a      	orrs	r2, r1
10001e22:	0144      	lsls	r4, r0, #5
10001e24:	1aa0      	subs	r0, r4, r2
10001e26:	b281      	uxth	r1, r0
10001e28:	b2b2      	uxth	r2, r6
10001e2a:	4351      	muls	r1, r2
10001e2c:	1403      	asrs	r3, r0, #16
10001e2e:	435a      	muls	r2, r3
10001e30:	0c36      	lsrs	r6, r6, #16
10001e32:	4373      	muls	r3, r6
10001e34:	b287      	uxth	r7, r0
10001e36:	4377      	muls	r7, r6
10001e38:	17d6      	asrs	r6, r2, #31
10001e3a:	19d2      	adds	r2, r2, r7
10001e3c:	2700      	movs	r7, #0
10001e3e:	417e      	adcs	r6, r7
10001e40:	0436      	lsls	r6, r6, #16
10001e42:	199b      	adds	r3, r3, r6
10001e44:	0417      	lsls	r7, r2, #16
10001e46:	0c16      	lsrs	r6, r2, #16
10001e48:	187f      	adds	r7, r7, r1
10001e4a:	415e      	adcs	r6, r3
10001e4c:	1673      	asrs	r3, r6, #25
10001e4e:	18ed      	adds	r5, r5, r3
10001e50:	01f3      	lsls	r3, r6, #7
10001e52:	2600      	movs	r6, #0
10001e54:	3380      	adds	r3, #128	@ 0x80
10001e56:	4175      	adcs	r5, r6
10001e58:	0fa9      	lsrs	r1, r5, #30
10001e5a:	d106      	bne.n	10001e6a <dd_0>
10001e5c:	0064      	lsls	r4, r4, #1
10001e5e:	0a69      	lsrs	r1, r5, #9
10001e60:	05e8      	lsls	r0, r5, #23
10001e62:	0a5b      	lsrs	r3, r3, #9
10001e64:	4318      	orrs	r0, r3
10001e66:	d209      	bcs.n	10001e7c <dd_1>
10001e68:	e02f      	b.n	10001eca <dd_2>

10001e6a <dd_0>:
10001e6a:	2204      	movs	r2, #4
10001e6c:	4494      	add	ip, r2
10001e6e:	3380      	adds	r3, #128	@ 0x80
10001e70:	4175      	adcs	r5, r6
10001e72:	0aa9      	lsrs	r1, r5, #10
10001e74:	05a8      	lsls	r0, r5, #22
10001e76:	0a9b      	lsrs	r3, r3, #10
10001e78:	4318      	orrs	r0, r3
10001e7a:	d326      	bcc.n	10001eca <dd_2>

10001e7c <dd_1>:
10001e7c:	4140      	adcs	r0, r0
10001e7e:	4149      	adcs	r1, r1
10001e80:	0424      	lsls	r4, r4, #16
10001e82:	9a00      	ldr	r2, [sp, #0]
10001e84:	9b01      	ldr	r3, [sp, #4]
10001e86:	000d      	movs	r5, r1
10001e88:	4355      	muls	r5, r2
10001e8a:	1b64      	subs	r4, r4, r5
10001e8c:	4343      	muls	r3, r0
10001e8e:	1ae4      	subs	r4, r4, r3
10001e90:	b295      	uxth	r5, r2
10001e92:	b286      	uxth	r6, r0
10001e94:	4375      	muls	r5, r6
10001e96:	0c17      	lsrs	r7, r2, #16
10001e98:	437e      	muls	r6, r7
10001e9a:	0c03      	lsrs	r3, r0, #16
10001e9c:	435f      	muls	r7, r3
10001e9e:	b292      	uxth	r2, r2
10001ea0:	435a      	muls	r2, r3
10001ea2:	18b6      	adds	r6, r6, r2
10001ea4:	d302      	bcc.n	10001eac <l24_1>
10001ea6:	2201      	movs	r2, #1
10001ea8:	0412      	lsls	r2, r2, #16
10001eaa:	18bf      	adds	r7, r7, r2

10001eac <l24_1>:
10001eac:	0432      	lsls	r2, r6, #16
10001eae:	0c33      	lsrs	r3, r6, #16
10001eb0:	1952      	adds	r2, r2, r5
10001eb2:	417b      	adcs	r3, r7
10001eb4:	4252      	negs	r2, r2
10001eb6:	419c      	sbcs	r4, r3
10001eb8:	2c00      	cmp	r4, #0
10001eba:	d402      	bmi.n	10001ec2 <l24_1+0x16>
10001ebc:	2200      	movs	r2, #0
10001ebe:	3001      	adds	r0, #1
10001ec0:	4151      	adcs	r1, r2
10001ec2:	0840      	lsrs	r0, r0, #1
10001ec4:	07ca      	lsls	r2, r1, #31
10001ec6:	4310      	orrs	r0, r2
10001ec8:	0849      	lsrs	r1, r1, #1

10001eca <dd_2>:
10001eca:	b002      	add	sp, #8
10001ecc:	4662      	mov	r2, ip
10001ece:	07d7      	lsls	r7, r2, #31
10001ed0:	1092      	asrs	r2, r2, #2
10001ed2:	4b08      	ldr	r3, [pc, #32]	@ (10001ef4 <dd_4+0x6>)
10001ed4:	18d2      	adds	r2, r2, r3
10001ed6:	4b08      	ldr	r3, [pc, #32]	@ (10001ef8 <dd_4+0xa>)
10001ed8:	429a      	cmp	r2, r3
10001eda:	d203      	bcs.n	10001ee4 <dd_3>
10001edc:	0512      	lsls	r2, r2, #20
10001ede:	1889      	adds	r1, r1, r2

10001ee0 <dd_5>:
10001ee0:	19c9      	adds	r1, r1, r7
10001ee2:	bdf0      	pop	{r4, r5, r6, r7, pc}

10001ee4 <dd_3>:
10001ee4:	2000      	movs	r0, #0
10001ee6:	2a00      	cmp	r2, #0
10001ee8:	dc01      	bgt.n	10001eee <dd_4>
10001eea:	0039      	movs	r1, r7
10001eec:	bdf0      	pop	{r4, r5, r6, r7, pc}

10001eee <dd_4>:
10001eee:	3301      	adds	r3, #1
10001ef0:	0519      	lsls	r1, r3, #20
10001ef2:	e7f5      	b.n	10001ee0 <dd_5>
10001ef4:	000003fd 	.word	0x000003fd
10001ef8:	000007fe 	.word	0x000007fe

10001efc <double2uint_shim>:
10001efc:	2200      	movs	r2, #0

10001efe <double2ufix_shim>:
10001efe:	b500      	push	{lr}
10001f00:	3220      	adds	r2, #32
10001f02:	f000 f804 	bl	10001f0e <double2ufix64_shim>
10001f06:	0008      	movs	r0, r1
10001f08:	bd00      	pop	{pc}
	...

10001f0c <double2uint64_shim>:
10001f0c:	2200      	movs	r2, #0

10001f0e <double2ufix64_shim>:
10001f0e:	150b      	asrs	r3, r1, #20
10001f10:	d40a      	bmi.n	10001f28 <ret_dzero>

10001f12 <d2fix>:
10001f12:	b510      	push	{r4, lr}
10001f14:	4694      	mov	ip, r2
10001f16:	f000 f831 	bl	10001f7c <dunpacks>
10001f1a:	1414      	asrs	r4, r2, #16
10001f1c:	3401      	adds	r4, #1
10001f1e:	da00      	bge.n	10001f22 <d2fix+0x10>
10001f20:	2100      	movs	r1, #0
10001f22:	17cb      	asrs	r3, r1, #31
10001f24:	4c14      	ldr	r4, [pc, #80]	@ (10001f78 <d2fix_a+0x4a>)
10001f26:	4720      	bx	r4

10001f28 <ret_dzero>:
10001f28:	2000      	movs	r0, #0
10001f2a:	2100      	movs	r1, #0
10001f2c:	4770      	bx	lr

10001f2e <d2fix_a>:
10001f2e:	4462      	add	r2, ip
10001f30:	3a34      	subs	r2, #52	@ 0x34
10001f32:	d40c      	bmi.n	10001f4e <d2fix_a+0x20>
10001f34:	2a0c      	cmp	r2, #12
10001f36:	da07      	bge.n	10001f48 <d2fix_a+0x1a>
10001f38:	0004      	movs	r4, r0
10001f3a:	4091      	lsls	r1, r2
10001f3c:	4090      	lsls	r0, r2
10001f3e:	4252      	negs	r2, r2
10001f40:	3220      	adds	r2, #32
10001f42:	40d4      	lsrs	r4, r2
10001f44:	4321      	orrs	r1, r4
10001f46:	bd10      	pop	{r4, pc}
10001f48:	43d8      	mvns	r0, r3
10001f4a:	43d9      	mvns	r1, r3
10001f4c:	bd10      	pop	{r4, pc}
10001f4e:	3220      	adds	r2, #32
10001f50:	d407      	bmi.n	10001f62 <d2fix_a+0x34>
10001f52:	460c      	mov	r4, r1
10001f54:	4094      	lsls	r4, r2
10001f56:	4252      	negs	r2, r2
10001f58:	3220      	adds	r2, #32
10001f5a:	4111      	asrs	r1, r2
10001f5c:	40d0      	lsrs	r0, r2
10001f5e:	4320      	orrs	r0, r4
10001f60:	bd10      	pop	{r4, pc}
10001f62:	0008      	movs	r0, r1
10001f64:	17c9      	asrs	r1, r1, #31
10001f66:	3220      	adds	r2, #32
10001f68:	d403      	bmi.n	10001f72 <d2fix_a+0x44>
10001f6a:	4252      	negs	r2, r2
10001f6c:	3220      	adds	r2, #32
10001f6e:	4110      	asrs	r0, r2
10001f70:	bd10      	pop	{r4, pc}
10001f72:	0018      	movs	r0, r3
10001f74:	0019      	movs	r1, r3
10001f76:	bd10      	pop	{r4, pc}
10001f78:	10001f2f 	.word	0x10001f2f

10001f7c <dunpacks>:
10001f7c:	0d0a      	lsrs	r2, r1, #20
10001f7e:	0fcc      	lsrs	r4, r1, #31
10001f80:	1e53      	subs	r3, r2, #1
10001f82:	051b      	lsls	r3, r3, #20
10001f84:	1ac9      	subs	r1, r1, r3
10001f86:	0552      	lsls	r2, r2, #21
10001f88:	d303      	bcc.n	10001f92 <l60_1>
10001f8a:	43c9      	mvns	r1, r1
10001f8c:	4240      	negs	r0, r0
10001f8e:	d300      	bcc.n	10001f92 <l60_1>
10001f90:	3101      	adds	r1, #1

10001f92 <l60_1>:
10001f92:	0d52      	lsrs	r2, r2, #21
10001f94:	d003      	beq.n	10001f9e <l60_2>
10001f96:	1c53      	adds	r3, r2, #1
10001f98:	0adb      	lsrs	r3, r3, #11
10001f9a:	d007      	beq.n	10001fac <l60_3>
10001f9c:	1b12      	subs	r2, r2, r4

10001f9e <l60_2>:
10001f9e:	2000      	movs	r0, #0
10001fa0:	0064      	lsls	r4, r4, #1
10001fa2:	1c61      	adds	r1, r4, #1
10001fa4:	0789      	lsls	r1, r1, #30
10001fa6:	1289      	asrs	r1, r1, #10
10001fa8:	3a80      	subs	r2, #128	@ 0x80
10001faa:	0312      	lsls	r2, r2, #12

10001fac <l60_3>:
10001fac:	4b01      	ldr	r3, [pc, #4]	@ (10001fb4 <l60_3+0x8>)
10001fae:	1ad2      	subs	r2, r2, r3
10001fb0:	4770      	bx	lr
10001fb2:	0000      	.short	0x0000
10001fb4:	000003ff 	.word	0x000003ff

10001fb8 <__wrap___aeabi_lmul>:
10001fb8:	4351      	muls	r1, r2
10001fba:	4343      	muls	r3, r0
10001fbc:	18c9      	adds	r1, r1, r3
10001fbe:	468c      	mov	ip, r1
10001fc0:	0c11      	lsrs	r1, r2, #16
10001fc2:	b283      	uxth	r3, r0
10001fc4:	434b      	muls	r3, r1
10001fc6:	b410      	push	{r4}
10001fc8:	0c04      	lsrs	r4, r0, #16
10001fca:	4361      	muls	r1, r4
10001fcc:	b292      	uxth	r2, r2
10001fce:	b280      	uxth	r0, r0
10001fd0:	4350      	muls	r0, r2
10001fd2:	4362      	muls	r2, r4
10001fd4:	041c      	lsls	r4, r3, #16
10001fd6:	0c1b      	lsrs	r3, r3, #16
10001fd8:	1900      	adds	r0, r0, r4
10001fda:	bc10      	pop	{r4}
10001fdc:	4159      	adcs	r1, r3
10001fde:	0413      	lsls	r3, r2, #16
10001fe0:	0c12      	lsrs	r2, r2, #16
10001fe2:	18c0      	adds	r0, r0, r3
10001fe4:	4151      	adcs	r1, r2
10001fe6:	4461      	add	r1, ip
10001fe8:	4770      	bx	lr
	...

10001fec <__aeabi_float_init>:
10001fec:	2313      	movs	r3, #19
10001fee:	b510      	push	{r4, lr}
10001ff0:	4812      	ldr	r0, [pc, #72]	@ (1000203c <__aeabi_float_init+0x50>)
10001ff2:	781c      	ldrb	r4, [r3, #0]
10001ff4:	f7ff f82a 	bl	1000104c <rom_data_lookup>
10001ff8:	0001      	movs	r1, r0
10001ffa:	2c01      	cmp	r4, #1
10001ffc:	d00a      	beq.n	10002014 <__aeabi_float_init+0x28>
10001ffe:	dd03      	ble.n	10002008 <__aeabi_float_init+0x1c>
10002000:	2280      	movs	r2, #128	@ 0x80
10002002:	480f      	ldr	r0, [pc, #60]	@ (10002040 <__aeabi_float_init+0x54>)
10002004:	f000 f842 	bl	1000208c <__wrap___aeabi_memcpy>
10002008:	480e      	ldr	r0, [pc, #56]	@ (10002044 <__aeabi_float_init+0x58>)
1000200a:	f7ff f817 	bl	1000103c <rom_func_lookup>
1000200e:	4b0e      	ldr	r3, [pc, #56]	@ (10002048 <__aeabi_float_init+0x5c>)
10002010:	6018      	str	r0, [r3, #0]
10002012:	bd10      	pop	{r4, pc}
10002014:	4c0a      	ldr	r4, [pc, #40]	@ (10002040 <__aeabi_float_init+0x54>)
10002016:	2254      	movs	r2, #84	@ 0x54
10002018:	0020      	movs	r0, r4
1000201a:	f000 f837 	bl	1000208c <__wrap___aeabi_memcpy>
1000201e:	4b0b      	ldr	r3, [pc, #44]	@ (1000204c <__aeabi_float_init+0x60>)
10002020:	6563      	str	r3, [r4, #84]	@ 0x54
10002022:	65a3      	str	r3, [r4, #88]	@ 0x58
10002024:	65e3      	str	r3, [r4, #92]	@ 0x5c
10002026:	6623      	str	r3, [r4, #96]	@ 0x60
10002028:	6663      	str	r3, [r4, #100]	@ 0x64
1000202a:	66a3      	str	r3, [r4, #104]	@ 0x68
1000202c:	66e3      	str	r3, [r4, #108]	@ 0x6c
1000202e:	6723      	str	r3, [r4, #112]	@ 0x70
10002030:	6763      	str	r3, [r4, #116]	@ 0x74
10002032:	67a3      	str	r3, [r4, #120]	@ 0x78
10002034:	67e3      	str	r3, [r4, #124]	@ 0x7c
10002036:	6223      	str	r3, [r4, #32]
10002038:	61e3      	str	r3, [r4, #28]
1000203a:	e7e5      	b.n	10002008 <__aeabi_float_init+0x1c>
1000203c:	00004653 	.word	0x00004653
10002040:	200004b8 	.word	0x200004b8
10002044:	0000334c 	.word	0x0000334c
10002048:	20000600 	.word	0x20000600
1000204c:	10002051 	.word	0x10002051

10002050 <float_table_shim_on_use_helper>:
10002050:	b507      	push	{r0, r1, r2, lr}
10002052:	4660      	mov	r0, ip
10002054:	8801      	ldrh	r1, [r0, #0]
10002056:	0a0a      	lsrs	r2, r1, #8
10002058:	3002      	adds	r0, #2
1000205a:	2adf      	cmp	r2, #223	@ 0xdf
1000205c:	d1fa      	bne.n	10002054 <float_table_shim_on_use_helper+0x4>
1000205e:	b2c9      	uxtb	r1, r1
10002060:	0882      	lsrs	r2, r0, #2
10002062:	d304      	bcc.n	1000206e <float_table_shim_on_use_helper+0x1e>
10002064:	8802      	ldrh	r2, [r0, #0]
10002066:	8840      	ldrh	r0, [r0, #2]
10002068:	0400      	lsls	r0, r0, #16
1000206a:	4310      	orrs	r0, r2
1000206c:	e000      	b.n	10002070 <float_table_shim_on_use_helper+0x20>
1000206e:	6800      	ldr	r0, [r0, #0]
10002070:	4a01      	ldr	r2, [pc, #4]	@ (10002078 <float_table_shim_on_use_helper+0x28>)
10002072:	5050      	str	r0, [r2, r1]
10002074:	9003      	str	r0, [sp, #12]
10002076:	bd07      	pop	{r0, r1, r2, pc}
10002078:	200004b8 	.word	0x200004b8

1000207c <__aeabi_mem_init>:
1000207c:	4801      	ldr	r0, [pc, #4]	@ (10002084 <__aeabi_mem_init+0x8>)
1000207e:	2104      	movs	r1, #4
10002080:	4b01      	ldr	r3, [pc, #4]	@ (10002088 <__aeabi_mem_init+0xc>)
10002082:	4718      	bx	r3
10002084:	20000220 	.word	0x20000220
10002088:	1000105d 	.word	0x1000105d

1000208c <__wrap___aeabi_memcpy>:
1000208c:	4b01      	ldr	r3, [pc, #4]	@ (10002094 <__wrap___aeabi_memcpy+0x8>)
1000208e:	685b      	ldr	r3, [r3, #4]
10002090:	4718      	bx	r3
10002092:	0000      	.short	0x0000
10002094:	20000220 	.word	0x20000220

10002098 <_out_null>:
10002098:	4770      	bx	lr
1000209a:	46c0      	nop			@ (mov r8, r8)

1000209c <_out_rev>:
1000209c:	b5f8      	push	{r3, r4, r5, r6, r7, lr}
1000209e:	4657      	mov	r7, sl
100020a0:	46de      	mov	lr, fp
100020a2:	464e      	mov	r6, r9
100020a4:	4645      	mov	r5, r8
100020a6:	b5e0      	push	{r5, r6, r7, lr}
100020a8:	4699      	mov	r9, r3
100020aa:	9b0a      	ldr	r3, [sp, #40]	@ 0x28
100020ac:	0007      	movs	r7, r0
100020ae:	469a      	mov	sl, r3
100020b0:	9b0d      	ldr	r3, [sp, #52]	@ 0x34
100020b2:	4688      	mov	r8, r1
100020b4:	4693      	mov	fp, r2
100020b6:	9c0b      	ldr	r4, [sp, #44]	@ 0x2c
100020b8:	079b      	lsls	r3, r3, #30
100020ba:	d13b      	bne.n	10002134 <_out_rev+0x98>
100020bc:	9b0c      	ldr	r3, [sp, #48]	@ 0x30
100020be:	429c      	cmp	r4, r3
100020c0:	d23d      	bcs.n	1000213e <_out_rev+0xa2>
100020c2:	1b1e      	subs	r6, r3, r4
100020c4:	940b      	str	r4, [sp, #44]	@ 0x2c
100020c6:	0015      	movs	r5, r2
100020c8:	000c      	movs	r4, r1
100020ca:	445e      	add	r6, fp
100020cc:	002a      	movs	r2, r5
100020ce:	464b      	mov	r3, r9
100020d0:	3501      	adds	r5, #1
100020d2:	0021      	movs	r1, r4
100020d4:	2020      	movs	r0, #32
100020d6:	47b8      	blx	r7
100020d8:	42b5      	cmp	r5, r6
100020da:	d1f7      	bne.n	100020cc <_out_rev+0x30>
100020dc:	46a0      	mov	r8, r4
100020de:	9c0b      	ldr	r4, [sp, #44]	@ 0x2c
100020e0:	2c00      	cmp	r4, #0
100020e2:	d020      	beq.n	10002126 <_out_rev+0x8a>
100020e4:	4645      	mov	r5, r8
100020e6:	1936      	adds	r6, r6, r4
100020e8:	4653      	mov	r3, sl
100020ea:	1b32      	subs	r2, r6, r4
100020ec:	3c01      	subs	r4, #1
100020ee:	5d18      	ldrb	r0, [r3, r4]
100020f0:	0029      	movs	r1, r5
100020f2:	464b      	mov	r3, r9
100020f4:	47b8      	blx	r7
100020f6:	2c00      	cmp	r4, #0
100020f8:	d1f6      	bne.n	100020e8 <_out_rev+0x4c>
100020fa:	002b      	movs	r3, r5
100020fc:	0035      	movs	r5, r6
100020fe:	4698      	mov	r8, r3
10002100:	9b0d      	ldr	r3, [sp, #52]	@ 0x34
10002102:	079b      	lsls	r3, r3, #30
10002104:	d50f      	bpl.n	10002126 <_out_rev+0x8a>
10002106:	465b      	mov	r3, fp
10002108:	1aec      	subs	r4, r5, r3
1000210a:	9b0c      	ldr	r3, [sp, #48]	@ 0x30
1000210c:	42a3      	cmp	r3, r4
1000210e:	d90a      	bls.n	10002126 <_out_rev+0x8a>
10002110:	4646      	mov	r6, r8
10002112:	4698      	mov	r8, r3
10002114:	002a      	movs	r2, r5
10002116:	464b      	mov	r3, r9
10002118:	0031      	movs	r1, r6
1000211a:	2020      	movs	r0, #32
1000211c:	3401      	adds	r4, #1
1000211e:	47b8      	blx	r7
10002120:	3501      	adds	r5, #1
10002122:	4544      	cmp	r4, r8
10002124:	d3f6      	bcc.n	10002114 <_out_rev+0x78>
10002126:	0028      	movs	r0, r5
10002128:	bcf0      	pop	{r4, r5, r6, r7}
1000212a:	46bb      	mov	fp, r7
1000212c:	46b2      	mov	sl, r6
1000212e:	46a9      	mov	r9, r5
10002130:	46a0      	mov	r8, r4
10002132:	bdf8      	pop	{r3, r4, r5, r6, r7, pc}
10002134:	0016      	movs	r6, r2
10002136:	0015      	movs	r5, r2
10002138:	2c00      	cmp	r4, #0
1000213a:	d1d3      	bne.n	100020e4 <_out_rev+0x48>
1000213c:	e7e0      	b.n	10002100 <_out_rev+0x64>
1000213e:	0016      	movs	r6, r2
10002140:	0015      	movs	r5, r2
10002142:	2c00      	cmp	r4, #0
10002144:	d1ce      	bne.n	100020e4 <_out_rev+0x48>
10002146:	e7ee      	b.n	10002126 <_out_rev+0x8a>

10002148 <_ntoa_format>:
10002148:	b5f0      	push	{r4, r5, r6, r7, lr}
1000214a:	4645      	mov	r5, r8
1000214c:	46de      	mov	lr, fp
1000214e:	4657      	mov	r7, sl
10002150:	464e      	mov	r6, r9
10002152:	b5e0      	push	{r5, r6, r7, lr}
10002154:	b085      	sub	sp, #20
10002156:	469c      	mov	ip, r3
10002158:	ab10      	add	r3, sp, #64	@ 0x40
1000215a:	781b      	ldrb	r3, [r3, #0]
1000215c:	9f14      	ldr	r7, [sp, #80]	@ 0x50
1000215e:	4693      	mov	fp, r2
10002160:	4698      	mov	r8, r3
10002162:	9c0f      	ldr	r4, [sp, #60]	@ 0x3c
10002164:	9e12      	ldr	r6, [sp, #72]	@ 0x48
10002166:	9d13      	ldr	r5, [sp, #76]	@ 0x4c
10002168:	07bb      	lsls	r3, r7, #30
1000216a:	d44c      	bmi.n	10002206 <_ntoa_format+0xbe>
1000216c:	2d00      	cmp	r5, #0
1000216e:	d142      	bne.n	100021f6 <_ntoa_format+0xae>
10002170:	42b4      	cmp	r4, r6
10002172:	d248      	bcs.n	10002206 <_ntoa_format+0xbe>
10002174:	2301      	movs	r3, #1
10002176:	403b      	ands	r3, r7
10002178:	4699      	mov	r9, r3
1000217a:	9b0e      	ldr	r3, [sp, #56]	@ 0x38
1000217c:	3b01      	subs	r3, #1
1000217e:	469a      	mov	sl, r3
10002180:	2330      	movs	r3, #48	@ 0x30
10002182:	e004      	b.n	1000218e <_ntoa_format+0x46>
10002184:	4652      	mov	r2, sl
10002186:	3401      	adds	r4, #1
10002188:	5513      	strb	r3, [r2, r4]
1000218a:	42a6      	cmp	r6, r4
1000218c:	d901      	bls.n	10002192 <_ntoa_format+0x4a>
1000218e:	2c20      	cmp	r4, #32
10002190:	d1f8      	bne.n	10002184 <_ntoa_format+0x3c>
10002192:	464b      	mov	r3, r9
10002194:	2b00      	cmp	r3, #0
10002196:	d100      	bne.n	1000219a <_ntoa_format+0x52>
10002198:	e083      	b.n	100022a2 <_ntoa_format+0x15a>
1000219a:	9b0e      	ldr	r3, [sp, #56]	@ 0x38
1000219c:	3b01      	subs	r3, #1
1000219e:	4699      	mov	r9, r3
100021a0:	2330      	movs	r3, #48	@ 0x30
100021a2:	42a5      	cmp	r5, r4
100021a4:	d805      	bhi.n	100021b2 <_ntoa_format+0x6a>
100021a6:	e02e      	b.n	10002206 <_ntoa_format+0xbe>
100021a8:	464a      	mov	r2, r9
100021aa:	3401      	adds	r4, #1
100021ac:	5513      	strb	r3, [r2, r4]
100021ae:	42ac      	cmp	r4, r5
100021b0:	d029      	beq.n	10002206 <_ntoa_format+0xbe>
100021b2:	2c20      	cmp	r4, #32
100021b4:	d1f8      	bne.n	100021a8 <_ntoa_format+0x60>
100021b6:	06fb      	lsls	r3, r7, #27
100021b8:	d50c      	bpl.n	100021d4 <_ntoa_format+0x8c>
100021ba:	057b      	lsls	r3, r7, #21
100021bc:	d454      	bmi.n	10002268 <_ntoa_format+0x120>
100021be:	42a6      	cmp	r6, r4
100021c0:	d063      	beq.n	1000228a <_ntoa_format+0x142>
100021c2:	42a5      	cmp	r5, r4
100021c4:	d061      	beq.n	1000228a <_ntoa_format+0x142>
100021c6:	9b11      	ldr	r3, [sp, #68]	@ 0x44
100021c8:	2b10      	cmp	r3, #16
100021ca:	d050      	beq.n	1000226e <_ntoa_format+0x126>
100021cc:	2b02      	cmp	r3, #2
100021ce:	d057      	beq.n	10002280 <_ntoa_format+0x138>
100021d0:	2c20      	cmp	r4, #32
100021d2:	d132      	bne.n	1000223a <_ntoa_format+0xf2>
100021d4:	2320      	movs	r3, #32
100021d6:	9301      	str	r3, [sp, #4]
100021d8:	9b0e      	ldr	r3, [sp, #56]	@ 0x38
100021da:	465a      	mov	r2, fp
100021dc:	9300      	str	r3, [sp, #0]
100021de:	9703      	str	r7, [sp, #12]
100021e0:	4663      	mov	r3, ip
100021e2:	9502      	str	r5, [sp, #8]
100021e4:	f7ff ff5a 	bl	1000209c <_out_rev>
100021e8:	b005      	add	sp, #20
100021ea:	bcf0      	pop	{r4, r5, r6, r7}
100021ec:	46bb      	mov	fp, r7
100021ee:	46b2      	mov	sl, r6
100021f0:	46a9      	mov	r9, r5
100021f2:	46a0      	mov	r8, r4
100021f4:	bdf0      	pop	{r4, r5, r6, r7, pc}
100021f6:	2301      	movs	r3, #1
100021f8:	403b      	ands	r3, r7
100021fa:	4699      	mov	r9, r3
100021fc:	2301      	movs	r3, #1
100021fe:	423b      	tst	r3, r7
10002200:	d12a      	bne.n	10002258 <_ntoa_format+0x110>
10002202:	42b4      	cmp	r4, r6
10002204:	d3b9      	bcc.n	1000217a <_ntoa_format+0x32>
10002206:	06fb      	lsls	r3, r7, #27
10002208:	d51c      	bpl.n	10002244 <_ntoa_format+0xfc>
1000220a:	057b      	lsls	r3, r7, #21
1000220c:	d4db      	bmi.n	100021c6 <_ntoa_format+0x7e>
1000220e:	2c00      	cmp	r4, #0
10002210:	d1d5      	bne.n	100021be <_ntoa_format+0x76>
10002212:	9b11      	ldr	r3, [sp, #68]	@ 0x44
10002214:	2b10      	cmp	r3, #16
10002216:	d05b      	beq.n	100022d0 <_ntoa_format+0x188>
10002218:	9b11      	ldr	r3, [sp, #68]	@ 0x44
1000221a:	2b02      	cmp	r3, #2
1000221c:	d06b      	beq.n	100022f6 <_ntoa_format+0x1ae>
1000221e:	2330      	movs	r3, #48	@ 0x30
10002220:	2401      	movs	r4, #1
10002222:	9a0e      	ldr	r2, [sp, #56]	@ 0x38
10002224:	7013      	strb	r3, [r2, #0]
10002226:	4643      	mov	r3, r8
10002228:	2b00      	cmp	r3, #0
1000222a:	d110      	bne.n	1000224e <_ntoa_format+0x106>
1000222c:	077b      	lsls	r3, r7, #29
1000222e:	d53e      	bpl.n	100022ae <_ntoa_format+0x166>
10002230:	262b      	movs	r6, #43	@ 0x2b
10002232:	9a0e      	ldr	r2, [sp, #56]	@ 0x38
10002234:	1c63      	adds	r3, r4, #1
10002236:	5516      	strb	r6, [r2, r4]
10002238:	e7cd      	b.n	100021d6 <_ntoa_format+0x8e>
1000223a:	0023      	movs	r3, r4
1000223c:	3401      	adds	r4, #1
1000223e:	2630      	movs	r6, #48	@ 0x30
10002240:	9a0e      	ldr	r2, [sp, #56]	@ 0x38
10002242:	54d6      	strb	r6, [r2, r3]
10002244:	2c20      	cmp	r4, #32
10002246:	d0c5      	beq.n	100021d4 <_ntoa_format+0x8c>
10002248:	4643      	mov	r3, r8
1000224a:	2b00      	cmp	r3, #0
1000224c:	d0ee      	beq.n	1000222c <_ntoa_format+0xe4>
1000224e:	262d      	movs	r6, #45	@ 0x2d
10002250:	9a0e      	ldr	r2, [sp, #56]	@ 0x38
10002252:	1c63      	adds	r3, r4, #1
10002254:	5516      	strb	r6, [r2, r4]
10002256:	e7be      	b.n	100021d6 <_ntoa_format+0x8e>
10002258:	4643      	mov	r3, r8
1000225a:	2b00      	cmp	r3, #0
1000225c:	d02f      	beq.n	100022be <_ntoa_format+0x176>
1000225e:	3d01      	subs	r5, #1
10002260:	42b4      	cmp	r4, r6
10002262:	d200      	bcs.n	10002266 <_ntoa_format+0x11e>
10002264:	e789      	b.n	1000217a <_ntoa_format+0x32>
10002266:	e798      	b.n	1000219a <_ntoa_format+0x52>
10002268:	9b11      	ldr	r3, [sp, #68]	@ 0x44
1000226a:	2b10      	cmp	r3, #16
1000226c:	d1b2      	bne.n	100021d4 <_ntoa_format+0x8c>
1000226e:	06bb      	lsls	r3, r7, #26
10002270:	d537      	bpl.n	100022e2 <_ntoa_format+0x19a>
10002272:	2c20      	cmp	r4, #32
10002274:	d0ae      	beq.n	100021d4 <_ntoa_format+0x8c>
10002276:	2358      	movs	r3, #88	@ 0x58
10002278:	9a0e      	ldr	r2, [sp, #56]	@ 0x38
1000227a:	5513      	strb	r3, [r2, r4]
1000227c:	3401      	adds	r4, #1
1000227e:	e7a7      	b.n	100021d0 <_ntoa_format+0x88>
10002280:	2c20      	cmp	r4, #32
10002282:	d0a7      	beq.n	100021d4 <_ntoa_format+0x8c>
10002284:	0023      	movs	r3, r4
10002286:	3401      	adds	r4, #1
10002288:	e007      	b.n	1000229a <_ntoa_format+0x152>
1000228a:	1e63      	subs	r3, r4, #1
1000228c:	2c01      	cmp	r4, #1
1000228e:	d0c0      	beq.n	10002212 <_ntoa_format+0xca>
10002290:	9a11      	ldr	r2, [sp, #68]	@ 0x44
10002292:	2a10      	cmp	r2, #16
10002294:	d031      	beq.n	100022fa <_ntoa_format+0x1b2>
10002296:	2a02      	cmp	r2, #2
10002298:	d1d1      	bne.n	1000223e <_ntoa_format+0xf6>
1000229a:	2662      	movs	r6, #98	@ 0x62
1000229c:	9a0e      	ldr	r2, [sp, #56]	@ 0x38
1000229e:	54d6      	strb	r6, [r2, r3]
100022a0:	e796      	b.n	100021d0 <_ntoa_format+0x88>
100022a2:	06fb      	lsls	r3, r7, #27
100022a4:	d5ce      	bpl.n	10002244 <_ntoa_format+0xfc>
100022a6:	057b      	lsls	r3, r7, #21
100022a8:	d400      	bmi.n	100022ac <_ntoa_format+0x164>
100022aa:	e788      	b.n	100021be <_ntoa_format+0x76>
100022ac:	e78b      	b.n	100021c6 <_ntoa_format+0x7e>
100022ae:	0023      	movs	r3, r4
100022b0:	073e      	lsls	r6, r7, #28
100022b2:	d590      	bpl.n	100021d6 <_ntoa_format+0x8e>
100022b4:	2620      	movs	r6, #32
100022b6:	9a0e      	ldr	r2, [sp, #56]	@ 0x38
100022b8:	3301      	adds	r3, #1
100022ba:	5516      	strb	r6, [r2, r4]
100022bc:	e78b      	b.n	100021d6 <_ntoa_format+0x8e>
100022be:	230c      	movs	r3, #12
100022c0:	403b      	ands	r3, r7
100022c2:	1e5a      	subs	r2, r3, #1
100022c4:	4193      	sbcs	r3, r2
100022c6:	1aed      	subs	r5, r5, r3
100022c8:	42b4      	cmp	r4, r6
100022ca:	d200      	bcs.n	100022ce <_ntoa_format+0x186>
100022cc:	e755      	b.n	1000217a <_ntoa_format+0x32>
100022ce:	e764      	b.n	1000219a <_ntoa_format+0x52>
100022d0:	06bb      	lsls	r3, r7, #26
100022d2:	d40e      	bmi.n	100022f2 <_ntoa_format+0x1aa>
100022d4:	2378      	movs	r3, #120	@ 0x78
100022d6:	9a0e      	ldr	r2, [sp, #56]	@ 0x38
100022d8:	2402      	movs	r4, #2
100022da:	7013      	strb	r3, [r2, #0]
100022dc:	2330      	movs	r3, #48	@ 0x30
100022de:	7053      	strb	r3, [r2, #1]
100022e0:	e7a1      	b.n	10002226 <_ntoa_format+0xde>
100022e2:	2c20      	cmp	r4, #32
100022e4:	d100      	bne.n	100022e8 <_ntoa_format+0x1a0>
100022e6:	e775      	b.n	100021d4 <_ntoa_format+0x8c>
100022e8:	2378      	movs	r3, #120	@ 0x78
100022ea:	9a0e      	ldr	r2, [sp, #56]	@ 0x38
100022ec:	5513      	strb	r3, [r2, r4]
100022ee:	3401      	adds	r4, #1
100022f0:	e76e      	b.n	100021d0 <_ntoa_format+0x88>
100022f2:	2358      	movs	r3, #88	@ 0x58
100022f4:	e7ef      	b.n	100022d6 <_ntoa_format+0x18e>
100022f6:	3360      	adds	r3, #96	@ 0x60
100022f8:	e7ed      	b.n	100022d6 <_ntoa_format+0x18e>
100022fa:	9a0e      	ldr	r2, [sp, #56]	@ 0x38
100022fc:	1ea6      	subs	r6, r4, #2
100022fe:	4691      	mov	r9, r2
10002300:	444e      	add	r6, r9
10002302:	06ba      	lsls	r2, r7, #26
10002304:	d502      	bpl.n	1000230c <_ntoa_format+0x1c4>
10002306:	2258      	movs	r2, #88	@ 0x58
10002308:	7032      	strb	r2, [r6, #0]
1000230a:	e798      	b.n	1000223e <_ntoa_format+0xf6>
1000230c:	2278      	movs	r2, #120	@ 0x78
1000230e:	7032      	strb	r2, [r6, #0]
10002310:	e795      	b.n	1000223e <_ntoa_format+0xf6>
10002312:	46c0      	nop			@ (mov r8, r8)

10002314 <_out_char>:
10002314:	b510      	push	{r4, lr}
10002316:	2800      	cmp	r0, #0
10002318:	d100      	bne.n	1000231c <_out_char+0x8>
1000231a:	bd10      	pop	{r4, pc}
1000231c:	f001 fcac 	bl	10003c78 <__wrap_putchar>
10002320:	e7fb      	b.n	1000231a <_out_char+0x6>
10002322:	46c0      	nop			@ (mov r8, r8)

10002324 <_out_fct>:
10002324:	000b      	movs	r3, r1
10002326:	b510      	push	{r4, lr}
10002328:	2800      	cmp	r0, #0
1000232a:	d002      	beq.n	10002332 <_out_fct+0xe>
1000232c:	6849      	ldr	r1, [r1, #4]
1000232e:	681b      	ldr	r3, [r3, #0]
10002330:	4798      	blx	r3
10002332:	bd10      	pop	{r4, pc}

10002334 <_ftoa>:
10002334:	b5f0      	push	{r4, r5, r6, r7, lr}
10002336:	4657      	mov	r7, sl
10002338:	46de      	mov	lr, fp
1000233a:	464e      	mov	r6, r9
1000233c:	4645      	mov	r5, r8
1000233e:	b5e0      	push	{r5, r6, r7, lr}
10002340:	b095      	sub	sp, #84	@ 0x54
10002342:	4683      	mov	fp, r0
10002344:	000f      	movs	r7, r1
10002346:	4692      	mov	sl, r2
10002348:	4698      	mov	r8, r3
1000234a:	9a1e      	ldr	r2, [sp, #120]	@ 0x78
1000234c:	9b1f      	ldr	r3, [sp, #124]	@ 0x7c
1000234e:	0010      	movs	r0, r2
10002350:	0019      	movs	r1, r3
10002352:	9e20      	ldr	r6, [sp, #128]	@ 0x80
10002354:	f7ff fad5 	bl	10001902 <__wrap___aeabi_dcmpun>
10002358:	2800      	cmp	r0, #0
1000235a:	d000      	beq.n	1000235e <_ftoa+0x2a>
1000235c:	e1ea      	b.n	10002734 <_ftoa+0x400>
1000235e:	981e      	ldr	r0, [sp, #120]	@ 0x78
10002360:	991f      	ldr	r1, [sp, #124]	@ 0x7c
10002362:	2201      	movs	r2, #1
10002364:	4bc5      	ldr	r3, [pc, #788]	@ (1000267c <_ftoa+0x348>)
10002366:	4252      	negs	r2, r2
10002368:	f7ff fab0 	bl	100018cc <__wrap___aeabi_dcmplt>
1000236c:	2800      	cmp	r0, #0
1000236e:	d000      	beq.n	10002372 <_ftoa+0x3e>
10002370:	e114      	b.n	1000259c <_ftoa+0x268>
10002372:	981e      	ldr	r0, [sp, #120]	@ 0x78
10002374:	991f      	ldr	r1, [sp, #124]	@ 0x7c
10002376:	2201      	movs	r2, #1
10002378:	4bc1      	ldr	r3, [pc, #772]	@ (10002680 <_ftoa+0x34c>)
1000237a:	4252      	negs	r2, r2
1000237c:	f7ff fabc 	bl	100018f8 <__wrap___aeabi_dcmpgt>
10002380:	2800      	cmp	r0, #0
10002382:	d000      	beq.n	10002386 <_ftoa+0x52>
10002384:	e0e9      	b.n	1000255a <_ftoa+0x226>
10002386:	981e      	ldr	r0, [sp, #120]	@ 0x78
10002388:	991f      	ldr	r1, [sp, #124]	@ 0x7c
1000238a:	2200      	movs	r2, #0
1000238c:	4bbd      	ldr	r3, [pc, #756]	@ (10002684 <_ftoa+0x350>)
1000238e:	f7ff fab3 	bl	100018f8 <__wrap___aeabi_dcmpgt>
10002392:	2800      	cmp	r0, #0
10002394:	d000      	beq.n	10002398 <_ftoa+0x64>
10002396:	e0c8      	b.n	1000252a <_ftoa+0x1f6>
10002398:	981e      	ldr	r0, [sp, #120]	@ 0x78
1000239a:	991f      	ldr	r1, [sp, #124]	@ 0x7c
1000239c:	2200      	movs	r2, #0
1000239e:	4bba      	ldr	r3, [pc, #744]	@ (10002688 <_ftoa+0x354>)
100023a0:	f7ff fa94 	bl	100018cc <__wrap___aeabi_dcmplt>
100023a4:	2800      	cmp	r0, #0
100023a6:	d000      	beq.n	100023aa <_ftoa+0x76>
100023a8:	e0bf      	b.n	1000252a <_ftoa+0x1f6>
100023aa:	981e      	ldr	r0, [sp, #120]	@ 0x78
100023ac:	991f      	ldr	r1, [sp, #124]	@ 0x7c
100023ae:	2200      	movs	r2, #0
100023b0:	2300      	movs	r3, #0
100023b2:	f7ff fa8b 	bl	100018cc <__wrap___aeabi_dcmplt>
100023b6:	2800      	cmp	r0, #0
100023b8:	d000      	beq.n	100023bc <_ftoa+0x88>
100023ba:	e0e4      	b.n	10002586 <_ftoa+0x252>
100023bc:	2300      	movs	r3, #0
100023be:	930b      	str	r3, [sp, #44]	@ 0x2c
100023c0:	9b22      	ldr	r3, [sp, #136]	@ 0x88
100023c2:	055b      	lsls	r3, r3, #21
100023c4:	d400      	bmi.n	100023c8 <_ftoa+0x94>
100023c6:	2606      	movs	r6, #6
100023c8:	2400      	movs	r4, #0
100023ca:	2330      	movs	r3, #48	@ 0x30
100023cc:	e007      	b.n	100023de <_ftoa+0xaa>
100023ce:	2117      	movs	r1, #23
100023d0:	aa06      	add	r2, sp, #24
100023d2:	3401      	adds	r4, #1
100023d4:	1852      	adds	r2, r2, r1
100023d6:	5513      	strb	r3, [r2, r4]
100023d8:	3e01      	subs	r6, #1
100023da:	2c20      	cmp	r4, #32
100023dc:	d001      	beq.n	100023e2 <_ftoa+0xae>
100023de:	2e09      	cmp	r6, #9
100023e0:	d8f5      	bhi.n	100023ce <_ftoa+0x9a>
100023e2:	981e      	ldr	r0, [sp, #120]	@ 0x78
100023e4:	991f      	ldr	r1, [sp, #124]	@ 0x7c
100023e6:	f7ff fab5 	bl	10001954 <__wrap___aeabi_d2iz>
100023ea:	4ba8      	ldr	r3, [pc, #672]	@ (1000268c <_ftoa+0x358>)
100023ec:	00f2      	lsls	r2, r6, #3
100023ee:	189b      	adds	r3, r3, r2
100023f0:	681a      	ldr	r2, [r3, #0]
100023f2:	685b      	ldr	r3, [r3, #4]
100023f4:	0005      	movs	r5, r0
100023f6:	9208      	str	r2, [sp, #32]
100023f8:	9309      	str	r3, [sp, #36]	@ 0x24
100023fa:	f7ff fa93 	bl	10001924 <__wrap___aeabi_i2d>
100023fe:	0002      	movs	r2, r0
10002400:	000b      	movs	r3, r1
10002402:	981e      	ldr	r0, [sp, #120]	@ 0x78
10002404:	991f      	ldr	r1, [sp, #124]	@ 0x7c
10002406:	f7ff f9ee 	bl	100017e6 <__wrap___aeabi_dsub>
1000240a:	9a08      	ldr	r2, [sp, #32]
1000240c:	9b09      	ldr	r3, [sp, #36]	@ 0x24
1000240e:	f7ff fa1a 	bl	10001846 <__wrap___aeabi_dmul>
10002412:	9006      	str	r0, [sp, #24]
10002414:	9107      	str	r1, [sp, #28]
10002416:	f7ff fac1 	bl	1000199c <__wrap___aeabi_d2uiz>
1000241a:	4681      	mov	r9, r0
1000241c:	f7ff fa7e 	bl	1000191c <__wrap___aeabi_ui2d>
10002420:	0002      	movs	r2, r0
10002422:	000b      	movs	r3, r1
10002424:	9806      	ldr	r0, [sp, #24]
10002426:	9907      	ldr	r1, [sp, #28]
10002428:	f7ff f9dd 	bl	100017e6 <__wrap___aeabi_dsub>
1000242c:	2200      	movs	r2, #0
1000242e:	4b98      	ldr	r3, [pc, #608]	@ (10002690 <_ftoa+0x35c>)
10002430:	9006      	str	r0, [sp, #24]
10002432:	9107      	str	r1, [sp, #28]
10002434:	f7ff fa60 	bl	100018f8 <__wrap___aeabi_dcmpgt>
10002438:	2800      	cmp	r0, #0
1000243a:	d100      	bne.n	1000243e <_ftoa+0x10a>
1000243c:	e10d      	b.n	1000265a <_ftoa+0x326>
1000243e:	2301      	movs	r3, #1
10002440:	469c      	mov	ip, r3
10002442:	44e1      	add	r9, ip
10002444:	4648      	mov	r0, r9
10002446:	f7ff fa69 	bl	1000191c <__wrap___aeabi_ui2d>
1000244a:	0002      	movs	r2, r0
1000244c:	000b      	movs	r3, r1
1000244e:	9808      	ldr	r0, [sp, #32]
10002450:	9909      	ldr	r1, [sp, #36]	@ 0x24
10002452:	f7ff fa41 	bl	100018d8 <__wrap___aeabi_dcmple>
10002456:	2800      	cmp	r0, #0
10002458:	d002      	beq.n	10002460 <_ftoa+0x12c>
1000245a:	2300      	movs	r3, #0
1000245c:	4699      	mov	r9, r3
1000245e:	3501      	adds	r5, #1
10002460:	2e00      	cmp	r6, #0
10002462:	d100      	bne.n	10002466 <_ftoa+0x132>
10002464:	e0d9      	b.n	1000261a <_ftoa+0x2e6>
10002466:	9506      	str	r5, [sp, #24]
10002468:	464d      	mov	r5, r9
1000246a:	46b9      	mov	r9, r7
1000246c:	e014      	b.n	10002498 <_ftoa+0x164>
1000246e:	aa06      	add	r2, sp, #24
10002470:	4694      	mov	ip, r2
10002472:	2317      	movs	r3, #23
10002474:	210a      	movs	r1, #10
10002476:	4463      	add	r3, ip
10002478:	0028      	movs	r0, r5
1000247a:	3401      	adds	r4, #1
1000247c:	191f      	adds	r7, r3, r4
1000247e:	f7fe ff77 	bl	10001370 <__wrap___aeabi_uidiv>
10002482:	3130      	adds	r1, #48	@ 0x30
10002484:	7039      	strb	r1, [r7, #0]
10002486:	0028      	movs	r0, r5
10002488:	210a      	movs	r1, #10
1000248a:	3e01      	subs	r6, #1
1000248c:	f7fe ff70 	bl	10001370 <__wrap___aeabi_uidiv>
10002490:	2d09      	cmp	r5, #9
10002492:	d800      	bhi.n	10002496 <_ftoa+0x162>
10002494:	e117      	b.n	100026c6 <_ftoa+0x392>
10002496:	0005      	movs	r5, r0
10002498:	2c20      	cmp	r4, #32
1000249a:	d1e8      	bne.n	1000246e <_ftoa+0x13a>
1000249c:	464f      	mov	r7, r9
1000249e:	9d06      	ldr	r5, [sp, #24]
100024a0:	2420      	movs	r4, #32
100024a2:	ae0c      	add	r6, sp, #48	@ 0x30
100024a4:	aa06      	add	r2, sp, #24
100024a6:	2317      	movs	r3, #23
100024a8:	4694      	mov	ip, r2
100024aa:	4463      	add	r3, ip
100024ac:	4699      	mov	r9, r3
100024ae:	465b      	mov	r3, fp
100024b0:	46b3      	mov	fp, r6
100024b2:	9306      	str	r3, [sp, #24]
100024b4:	e00f      	b.n	100024d6 <_ftoa+0x1a2>
100024b6:	464b      	mov	r3, r9
100024b8:	0028      	movs	r0, r5
100024ba:	210a      	movs	r1, #10
100024bc:	3401      	adds	r4, #1
100024be:	18e6      	adds	r6, r4, r3
100024c0:	f7fe ff2e 	bl	10001320 <__wrap___aeabi_idiv>
100024c4:	3130      	adds	r1, #48	@ 0x30
100024c6:	0028      	movs	r0, r5
100024c8:	7031      	strb	r1, [r6, #0]
100024ca:	210a      	movs	r1, #10
100024cc:	f7fe ff28 	bl	10001320 <__wrap___aeabi_idiv>
100024d0:	1e05      	subs	r5, r0, #0
100024d2:	d100      	bne.n	100024d6 <_ftoa+0x1a2>
100024d4:	e0e4      	b.n	100026a0 <_ftoa+0x36c>
100024d6:	2c20      	cmp	r4, #32
100024d8:	d1ed      	bne.n	100024b6 <_ftoa+0x182>
100024da:	9b06      	ldr	r3, [sp, #24]
100024dc:	465e      	mov	r6, fp
100024de:	469b      	mov	fp, r3
100024e0:	2303      	movs	r3, #3
100024e2:	9a22      	ldr	r2, [sp, #136]	@ 0x88
100024e4:	4013      	ands	r3, r2
100024e6:	2b01      	cmp	r3, #1
100024e8:	d118      	bne.n	1000251c <_ftoa+0x1e8>
100024ea:	9b21      	ldr	r3, [sp, #132]	@ 0x84
100024ec:	2b00      	cmp	r3, #0
100024ee:	d015      	beq.n	1000251c <_ftoa+0x1e8>
100024f0:	9b0b      	ldr	r3, [sp, #44]	@ 0x2c
100024f2:	2b00      	cmp	r3, #0
100024f4:	d100      	bne.n	100024f8 <_ftoa+0x1c4>
100024f6:	e0fd      	b.n	100026f4 <_ftoa+0x3c0>
100024f8:	9b21      	ldr	r3, [sp, #132]	@ 0x84
100024fa:	3b01      	subs	r3, #1
100024fc:	9321      	str	r3, [sp, #132]	@ 0x84
100024fe:	2b20      	cmp	r3, #32
10002500:	d90c      	bls.n	1000251c <_ftoa+0x1e8>
10002502:	2330      	movs	r3, #48	@ 0x30
10002504:	9a21      	ldr	r2, [sp, #132]	@ 0x84
10002506:	e007      	b.n	10002518 <_ftoa+0x1e4>
10002508:	2017      	movs	r0, #23
1000250a:	a906      	add	r1, sp, #24
1000250c:	3401      	adds	r4, #1
1000250e:	1809      	adds	r1, r1, r0
10002510:	550b      	strb	r3, [r1, r4]
10002512:	4294      	cmp	r4, r2
10002514:	d300      	bcc.n	10002518 <_ftoa+0x1e4>
10002516:	e0cc      	b.n	100026b2 <_ftoa+0x37e>
10002518:	2c20      	cmp	r4, #32
1000251a:	d1f5      	bne.n	10002508 <_ftoa+0x1d4>
1000251c:	9b22      	ldr	r3, [sp, #136]	@ 0x88
1000251e:	9401      	str	r4, [sp, #4]
10002520:	9303      	str	r3, [sp, #12]
10002522:	9b21      	ldr	r3, [sp, #132]	@ 0x84
10002524:	9600      	str	r6, [sp, #0]
10002526:	9302      	str	r3, [sp, #8]
10002528:	e022      	b.n	10002570 <_ftoa+0x23c>
1000252a:	9b22      	ldr	r3, [sp, #136]	@ 0x88
1000252c:	4652      	mov	r2, sl
1000252e:	9304      	str	r3, [sp, #16]
10002530:	9b21      	ldr	r3, [sp, #132]	@ 0x84
10002532:	0039      	movs	r1, r7
10002534:	9303      	str	r3, [sp, #12]
10002536:	4658      	mov	r0, fp
10002538:	9b1e      	ldr	r3, [sp, #120]	@ 0x78
1000253a:	9c1f      	ldr	r4, [sp, #124]	@ 0x7c
1000253c:	9602      	str	r6, [sp, #8]
1000253e:	9300      	str	r3, [sp, #0]
10002540:	9401      	str	r4, [sp, #4]
10002542:	4643      	mov	r3, r8
10002544:	f000 f94a 	bl	100027dc <_etoa>
10002548:	0004      	movs	r4, r0
1000254a:	0020      	movs	r0, r4
1000254c:	b015      	add	sp, #84	@ 0x54
1000254e:	bcf0      	pop	{r4, r5, r6, r7}
10002550:	46bb      	mov	fp, r7
10002552:	46b2      	mov	sl, r6
10002554:	46a9      	mov	r9, r5
10002556:	46a0      	mov	r8, r4
10002558:	bdf0      	pop	{r4, r5, r6, r7, pc}
1000255a:	9b22      	ldr	r3, [sp, #136]	@ 0x88
1000255c:	075b      	lsls	r3, r3, #29
1000255e:	d40f      	bmi.n	10002580 <_ftoa+0x24c>
10002560:	2203      	movs	r2, #3
10002562:	4b4c      	ldr	r3, [pc, #304]	@ (10002694 <_ftoa+0x360>)
10002564:	9922      	ldr	r1, [sp, #136]	@ 0x88
10002566:	9201      	str	r2, [sp, #4]
10002568:	9103      	str	r1, [sp, #12]
1000256a:	9921      	ldr	r1, [sp, #132]	@ 0x84
1000256c:	9300      	str	r3, [sp, #0]
1000256e:	9102      	str	r1, [sp, #8]
10002570:	4643      	mov	r3, r8
10002572:	4652      	mov	r2, sl
10002574:	0039      	movs	r1, r7
10002576:	4658      	mov	r0, fp
10002578:	f7ff fd90 	bl	1000209c <_out_rev>
1000257c:	0004      	movs	r4, r0
1000257e:	e7e4      	b.n	1000254a <_ftoa+0x216>
10002580:	2204      	movs	r2, #4
10002582:	4b45      	ldr	r3, [pc, #276]	@ (10002698 <_ftoa+0x364>)
10002584:	e7ee      	b.n	10002564 <_ftoa+0x230>
10002586:	9a1e      	ldr	r2, [sp, #120]	@ 0x78
10002588:	9b1f      	ldr	r3, [sp, #124]	@ 0x7c
1000258a:	2000      	movs	r0, #0
1000258c:	2100      	movs	r1, #0
1000258e:	f7ff f92a 	bl	100017e6 <__wrap___aeabi_dsub>
10002592:	2301      	movs	r3, #1
10002594:	901e      	str	r0, [sp, #120]	@ 0x78
10002596:	911f      	str	r1, [sp, #124]	@ 0x7c
10002598:	930b      	str	r3, [sp, #44]	@ 0x2c
1000259a:	e711      	b.n	100023c0 <_ftoa+0x8c>
1000259c:	9b22      	ldr	r3, [sp, #136]	@ 0x88
1000259e:	4654      	mov	r4, sl
100025a0:	079b      	lsls	r3, r3, #30
100025a2:	d111      	bne.n	100025c8 <_ftoa+0x294>
100025a4:	9b21      	ldr	r3, [sp, #132]	@ 0x84
100025a6:	2b04      	cmp	r3, #4
100025a8:	d90e      	bls.n	100025c8 <_ftoa+0x294>
100025aa:	9b21      	ldr	r3, [sp, #132]	@ 0x84
100025ac:	4655      	mov	r5, sl
100025ae:	469c      	mov	ip, r3
100025b0:	465e      	mov	r6, fp
100025b2:	3c04      	subs	r4, #4
100025b4:	4464      	add	r4, ip
100025b6:	002a      	movs	r2, r5
100025b8:	4643      	mov	r3, r8
100025ba:	3501      	adds	r5, #1
100025bc:	0039      	movs	r1, r7
100025be:	2020      	movs	r0, #32
100025c0:	47b0      	blx	r6
100025c2:	42a5      	cmp	r5, r4
100025c4:	d1f7      	bne.n	100025b6 <_ftoa+0x282>
100025c6:	46b3      	mov	fp, r6
100025c8:	4d34      	ldr	r5, [pc, #208]	@ (1000269c <_ftoa+0x368>)
100025ca:	0026      	movs	r6, r4
100025cc:	1f2b      	subs	r3, r5, #4
100025ce:	4699      	mov	r9, r3
100025d0:	465b      	mov	r3, fp
100025d2:	46a3      	mov	fp, r4
100025d4:	001c      	movs	r4, r3
100025d6:	0032      	movs	r2, r6
100025d8:	78e8      	ldrb	r0, [r5, #3]
100025da:	4643      	mov	r3, r8
100025dc:	0039      	movs	r1, r7
100025de:	3d01      	subs	r5, #1
100025e0:	47a0      	blx	r4
100025e2:	3601      	adds	r6, #1
100025e4:	454d      	cmp	r5, r9
100025e6:	d1f6      	bne.n	100025d6 <_ftoa+0x2a2>
100025e8:	0023      	movs	r3, r4
100025ea:	465c      	mov	r4, fp
100025ec:	469b      	mov	fp, r3
100025ee:	9b22      	ldr	r3, [sp, #136]	@ 0x88
100025f0:	3404      	adds	r4, #4
100025f2:	079b      	lsls	r3, r3, #30
100025f4:	d5a9      	bpl.n	1000254a <_ftoa+0x216>
100025f6:	4653      	mov	r3, sl
100025f8:	9a21      	ldr	r2, [sp, #132]	@ 0x84
100025fa:	1ae3      	subs	r3, r4, r3
100025fc:	429a      	cmp	r2, r3
100025fe:	d9a4      	bls.n	1000254a <_ftoa+0x216>
10002600:	465e      	mov	r6, fp
10002602:	0015      	movs	r5, r2
10002604:	0022      	movs	r2, r4
10002606:	4643      	mov	r3, r8
10002608:	0039      	movs	r1, r7
1000260a:	2020      	movs	r0, #32
1000260c:	47b0      	blx	r6
1000260e:	4653      	mov	r3, sl
10002610:	3401      	adds	r4, #1
10002612:	1ae3      	subs	r3, r4, r3
10002614:	429d      	cmp	r5, r3
10002616:	d8f5      	bhi.n	10002604 <_ftoa+0x2d0>
10002618:	e797      	b.n	1000254a <_ftoa+0x216>
1000261a:	0028      	movs	r0, r5
1000261c:	f7ff f982 	bl	10001924 <__wrap___aeabi_i2d>
10002620:	0002      	movs	r2, r0
10002622:	000b      	movs	r3, r1
10002624:	981e      	ldr	r0, [sp, #120]	@ 0x78
10002626:	991f      	ldr	r1, [sp, #124]	@ 0x7c
10002628:	f7ff f8dd 	bl	100017e6 <__wrap___aeabi_dsub>
1000262c:	2200      	movs	r2, #0
1000262e:	4b18      	ldr	r3, [pc, #96]	@ (10002690 <_ftoa+0x35c>)
10002630:	9006      	str	r0, [sp, #24]
10002632:	9107      	str	r1, [sp, #28]
10002634:	f7ff f94a 	bl	100018cc <__wrap___aeabi_dcmplt>
10002638:	ae0c      	add	r6, sp, #48	@ 0x30
1000263a:	2800      	cmp	r0, #0
1000263c:	d000      	beq.n	10002640 <_ftoa+0x30c>
1000263e:	e731      	b.n	100024a4 <_ftoa+0x170>
10002640:	9806      	ldr	r0, [sp, #24]
10002642:	9907      	ldr	r1, [sp, #28]
10002644:	2200      	movs	r2, #0
10002646:	4b12      	ldr	r3, [pc, #72]	@ (10002690 <_ftoa+0x35c>)
10002648:	f7ff f956 	bl	100018f8 <__wrap___aeabi_dcmpgt>
1000264c:	2800      	cmp	r0, #0
1000264e:	d000      	beq.n	10002652 <_ftoa+0x31e>
10002650:	e728      	b.n	100024a4 <_ftoa+0x170>
10002652:	2301      	movs	r3, #1
10002654:	3501      	adds	r5, #1
10002656:	439d      	bics	r5, r3
10002658:	e724      	b.n	100024a4 <_ftoa+0x170>
1000265a:	2200      	movs	r2, #0
1000265c:	9806      	ldr	r0, [sp, #24]
1000265e:	9907      	ldr	r1, [sp, #28]
10002660:	4b0b      	ldr	r3, [pc, #44]	@ (10002690 <_ftoa+0x35c>)
10002662:	f7ff f933 	bl	100018cc <__wrap___aeabi_dcmplt>
10002666:	2800      	cmp	r0, #0
10002668:	d000      	beq.n	1000266c <_ftoa+0x338>
1000266a:	e6f9      	b.n	10002460 <_ftoa+0x12c>
1000266c:	464b      	mov	r3, r9
1000266e:	2b00      	cmp	r3, #0
10002670:	d15c      	bne.n	1000272c <_ftoa+0x3f8>
10002672:	2301      	movs	r3, #1
10002674:	469c      	mov	ip, r3
10002676:	44e1      	add	r9, ip
10002678:	e6f2      	b.n	10002460 <_ftoa+0x12c>
1000267a:	46c0      	nop			@ (mov r8, r8)
1000267c:	ffefffff 	.word	0xffefffff
10002680:	7fefffff 	.word	0x7fefffff
10002684:	41cdcd65 	.word	0x41cdcd65
10002688:	c1cdcd65 	.word	0xc1cdcd65
1000268c:	100041b0 	.word	0x100041b0
10002690:	3fe00000 	.word	0x3fe00000
10002694:	10003fac 	.word	0x10003fac
10002698:	10003fa4 	.word	0x10003fa4
1000269c:	10003fb4 	.word	0x10003fb4
100026a0:	9b06      	ldr	r3, [sp, #24]
100026a2:	465e      	mov	r6, fp
100026a4:	469b      	mov	fp, r3
100026a6:	2303      	movs	r3, #3
100026a8:	9a22      	ldr	r2, [sp, #136]	@ 0x88
100026aa:	4013      	ands	r3, r2
100026ac:	2b01      	cmp	r3, #1
100026ae:	d100      	bne.n	100026b2 <_ftoa+0x37e>
100026b0:	e081      	b.n	100027b6 <_ftoa+0x482>
100026b2:	2c20      	cmp	r4, #32
100026b4:	d100      	bne.n	100026b8 <_ftoa+0x384>
100026b6:	e731      	b.n	1000251c <_ftoa+0x1e8>
100026b8:	9b0b      	ldr	r3, [sp, #44]	@ 0x2c
100026ba:	2b00      	cmp	r3, #0
100026bc:	d027      	beq.n	1000270e <_ftoa+0x3da>
100026be:	232d      	movs	r3, #45	@ 0x2d
100026c0:	5533      	strb	r3, [r6, r4]
100026c2:	3401      	adds	r4, #1
100026c4:	e72a      	b.n	1000251c <_ftoa+0x1e8>
100026c6:	464f      	mov	r7, r9
100026c8:	9d06      	ldr	r5, [sp, #24]
100026ca:	2c20      	cmp	r4, #32
100026cc:	d100      	bne.n	100026d0 <_ftoa+0x39c>
100026ce:	e6e7      	b.n	100024a0 <_ftoa+0x16c>
100026d0:	2230      	movs	r2, #48	@ 0x30
100026d2:	1933      	adds	r3, r6, r4
100026d4:	e007      	b.n	100026e6 <_ftoa+0x3b2>
100026d6:	2017      	movs	r0, #23
100026d8:	a906      	add	r1, sp, #24
100026da:	3401      	adds	r4, #1
100026dc:	1809      	adds	r1, r1, r0
100026de:	550a      	strb	r2, [r1, r4]
100026e0:	2c20      	cmp	r4, #32
100026e2:	d100      	bne.n	100026e6 <_ftoa+0x3b2>
100026e4:	e6dc      	b.n	100024a0 <_ftoa+0x16c>
100026e6:	42a3      	cmp	r3, r4
100026e8:	d1f5      	bne.n	100026d6 <_ftoa+0x3a2>
100026ea:	222e      	movs	r2, #46	@ 0x2e
100026ec:	ae0c      	add	r6, sp, #48	@ 0x30
100026ee:	3401      	adds	r4, #1
100026f0:	54f2      	strb	r2, [r6, r3]
100026f2:	e6d7      	b.n	100024a4 <_ftoa+0x170>
100026f4:	230c      	movs	r3, #12
100026f6:	9a22      	ldr	r2, [sp, #136]	@ 0x88
100026f8:	4213      	tst	r3, r2
100026fa:	d057      	beq.n	100027ac <_ftoa+0x478>
100026fc:	9b21      	ldr	r3, [sp, #132]	@ 0x84
100026fe:	3b01      	subs	r3, #1
10002700:	9321      	str	r3, [sp, #132]	@ 0x84
10002702:	42a3      	cmp	r3, r4
10002704:	d900      	bls.n	10002708 <_ftoa+0x3d4>
10002706:	e6fc      	b.n	10002502 <_ftoa+0x1ce>
10002708:	2c20      	cmp	r4, #32
1000270a:	d100      	bne.n	1000270e <_ftoa+0x3da>
1000270c:	e706      	b.n	1000251c <_ftoa+0x1e8>
1000270e:	9b22      	ldr	r3, [sp, #136]	@ 0x88
10002710:	075b      	lsls	r3, r3, #29
10002712:	d503      	bpl.n	1000271c <_ftoa+0x3e8>
10002714:	232b      	movs	r3, #43	@ 0x2b
10002716:	5533      	strb	r3, [r6, r4]
10002718:	3401      	adds	r4, #1
1000271a:	e6ff      	b.n	1000251c <_ftoa+0x1e8>
1000271c:	9b22      	ldr	r3, [sp, #136]	@ 0x88
1000271e:	071b      	lsls	r3, r3, #28
10002720:	d400      	bmi.n	10002724 <_ftoa+0x3f0>
10002722:	e6fb      	b.n	1000251c <_ftoa+0x1e8>
10002724:	2320      	movs	r3, #32
10002726:	5533      	strb	r3, [r6, r4]
10002728:	3401      	adds	r4, #1
1000272a:	e6f7      	b.n	1000251c <_ftoa+0x1e8>
1000272c:	07db      	lsls	r3, r3, #31
1000272e:	d400      	bmi.n	10002732 <_ftoa+0x3fe>
10002730:	e696      	b.n	10002460 <_ftoa+0x12c>
10002732:	e79e      	b.n	10002672 <_ftoa+0x33e>
10002734:	9b22      	ldr	r3, [sp, #136]	@ 0x88
10002736:	4655      	mov	r5, sl
10002738:	079b      	lsls	r3, r3, #30
1000273a:	d111      	bne.n	10002760 <_ftoa+0x42c>
1000273c:	9b21      	ldr	r3, [sp, #132]	@ 0x84
1000273e:	2b03      	cmp	r3, #3
10002740:	d90e      	bls.n	10002760 <_ftoa+0x42c>
10002742:	9b21      	ldr	r3, [sp, #132]	@ 0x84
10002744:	4654      	mov	r4, sl
10002746:	469c      	mov	ip, r3
10002748:	465e      	mov	r6, fp
1000274a:	3d03      	subs	r5, #3
1000274c:	4465      	add	r5, ip
1000274e:	0022      	movs	r2, r4
10002750:	4643      	mov	r3, r8
10002752:	3401      	adds	r4, #1
10002754:	0039      	movs	r1, r7
10002756:	2020      	movs	r0, #32
10002758:	47b0      	blx	r6
1000275a:	42ac      	cmp	r4, r5
1000275c:	d1f7      	bne.n	1000274e <_ftoa+0x41a>
1000275e:	46b3      	mov	fp, r6
10002760:	46b9      	mov	r9, r7
10002762:	465f      	mov	r7, fp
10002764:	4e1c      	ldr	r6, [pc, #112]	@ (100027d8 <_ftoa+0x4a4>)
10002766:	1cec      	adds	r4, r5, #3
10002768:	002a      	movs	r2, r5
1000276a:	78b0      	ldrb	r0, [r6, #2]
1000276c:	4643      	mov	r3, r8
1000276e:	4649      	mov	r1, r9
10002770:	3501      	adds	r5, #1
10002772:	47b8      	blx	r7
10002774:	3e01      	subs	r6, #1
10002776:	42ac      	cmp	r4, r5
10002778:	d1f6      	bne.n	10002768 <_ftoa+0x434>
1000277a:	9b22      	ldr	r3, [sp, #136]	@ 0x88
1000277c:	46bb      	mov	fp, r7
1000277e:	464f      	mov	r7, r9
10002780:	079b      	lsls	r3, r3, #30
10002782:	d400      	bmi.n	10002786 <_ftoa+0x452>
10002784:	e6e1      	b.n	1000254a <_ftoa+0x216>
10002786:	4653      	mov	r3, sl
10002788:	9a21      	ldr	r2, [sp, #132]	@ 0x84
1000278a:	1ae3      	subs	r3, r4, r3
1000278c:	429a      	cmp	r2, r3
1000278e:	d800      	bhi.n	10002792 <_ftoa+0x45e>
10002790:	e6db      	b.n	1000254a <_ftoa+0x216>
10002792:	465e      	mov	r6, fp
10002794:	0015      	movs	r5, r2
10002796:	0022      	movs	r2, r4
10002798:	4643      	mov	r3, r8
1000279a:	0039      	movs	r1, r7
1000279c:	2020      	movs	r0, #32
1000279e:	47b0      	blx	r6
100027a0:	4653      	mov	r3, sl
100027a2:	3401      	adds	r4, #1
100027a4:	1ae3      	subs	r3, r4, r3
100027a6:	42ab      	cmp	r3, r5
100027a8:	d3f5      	bcc.n	10002796 <_ftoa+0x462>
100027aa:	e6ce      	b.n	1000254a <_ftoa+0x216>
100027ac:	9b21      	ldr	r3, [sp, #132]	@ 0x84
100027ae:	42a3      	cmp	r3, r4
100027b0:	d900      	bls.n	100027b4 <_ftoa+0x480>
100027b2:	e6a6      	b.n	10002502 <_ftoa+0x1ce>
100027b4:	e6b2      	b.n	1000251c <_ftoa+0x1e8>
100027b6:	9b21      	ldr	r3, [sp, #132]	@ 0x84
100027b8:	2b00      	cmp	r3, #0
100027ba:	d100      	bne.n	100027be <_ftoa+0x48a>
100027bc:	e779      	b.n	100026b2 <_ftoa+0x37e>
100027be:	9b0b      	ldr	r3, [sp, #44]	@ 0x2c
100027c0:	2b00      	cmp	r3, #0
100027c2:	d097      	beq.n	100026f4 <_ftoa+0x3c0>
100027c4:	9b21      	ldr	r3, [sp, #132]	@ 0x84
100027c6:	3b01      	subs	r3, #1
100027c8:	9321      	str	r3, [sp, #132]	@ 0x84
100027ca:	429c      	cmp	r4, r3
100027cc:	d200      	bcs.n	100027d0 <_ftoa+0x49c>
100027ce:	e698      	b.n	10002502 <_ftoa+0x1ce>
100027d0:	2c20      	cmp	r4, #32
100027d2:	d000      	beq.n	100027d6 <_ftoa+0x4a2>
100027d4:	e773      	b.n	100026be <_ftoa+0x38a>
100027d6:	e6a1      	b.n	1000251c <_ftoa+0x1e8>
100027d8:	10003fb0 	.word	0x10003fb0

100027dc <_etoa>:
100027dc:	b5f0      	push	{r4, r5, r6, r7, lr}
100027de:	46de      	mov	lr, fp
100027e0:	4657      	mov	r7, sl
100027e2:	464e      	mov	r6, r9
100027e4:	4645      	mov	r5, r8
100027e6:	b5e0      	push	{r5, r6, r7, lr}
100027e8:	b099      	sub	sp, #100	@ 0x64
100027ea:	4681      	mov	r9, r0
100027ec:	468b      	mov	fp, r1
100027ee:	4692      	mov	sl, r2
100027f0:	4698      	mov	r8, r3
100027f2:	9a22      	ldr	r2, [sp, #136]	@ 0x88
100027f4:	9b23      	ldr	r3, [sp, #140]	@ 0x8c
100027f6:	0010      	movs	r0, r2
100027f8:	0019      	movs	r1, r3
100027fa:	f7ff f882 	bl	10001902 <__wrap___aeabi_dcmpun>
100027fe:	2800      	cmp	r0, #0
10002800:	d000      	beq.n	10002804 <_etoa+0x28>
10002802:	e0ca      	b.n	1000299a <_etoa+0x1be>
10002804:	9822      	ldr	r0, [sp, #136]	@ 0x88
10002806:	9923      	ldr	r1, [sp, #140]	@ 0x8c
10002808:	2201      	movs	r2, #1
1000280a:	4b82      	ldr	r3, [pc, #520]	@ (10002a14 <_etoa+0x238>)
1000280c:	4252      	negs	r2, r2
1000280e:	f7ff f873 	bl	100018f8 <__wrap___aeabi_dcmpgt>
10002812:	2800      	cmp	r0, #0
10002814:	d000      	beq.n	10002818 <_etoa+0x3c>
10002816:	e0c0      	b.n	1000299a <_etoa+0x1be>
10002818:	9822      	ldr	r0, [sp, #136]	@ 0x88
1000281a:	9923      	ldr	r1, [sp, #140]	@ 0x8c
1000281c:	2201      	movs	r2, #1
1000281e:	4b7e      	ldr	r3, [pc, #504]	@ (10002a18 <_etoa+0x23c>)
10002820:	4252      	negs	r2, r2
10002822:	f7ff f853 	bl	100018cc <__wrap___aeabi_dcmplt>
10002826:	2800      	cmp	r0, #0
10002828:	d000      	beq.n	1000282c <_etoa+0x50>
1000282a:	e0b6      	b.n	1000299a <_etoa+0x1be>
1000282c:	9822      	ldr	r0, [sp, #136]	@ 0x88
1000282e:	9923      	ldr	r1, [sp, #140]	@ 0x8c
10002830:	2200      	movs	r2, #0
10002832:	2300      	movs	r3, #0
10002834:	f7ff f84a 	bl	100018cc <__wrap___aeabi_dcmplt>
10002838:	2800      	cmp	r0, #0
1000283a:	d000      	beq.n	1000283e <_etoa+0x62>
1000283c:	e1c9      	b.n	10002bd2 <_etoa+0x3f6>
1000283e:	9b22      	ldr	r3, [sp, #136]	@ 0x88
10002840:	9c23      	ldr	r4, [sp, #140]	@ 0x8c
10002842:	9308      	str	r3, [sp, #32]
10002844:	9409      	str	r4, [sp, #36]	@ 0x24
10002846:	9808      	ldr	r0, [sp, #32]
10002848:	9909      	ldr	r1, [sp, #36]	@ 0x24
1000284a:	2380      	movs	r3, #128	@ 0x80
1000284c:	9a26      	ldr	r2, [sp, #152]	@ 0x98
1000284e:	00db      	lsls	r3, r3, #3
10002850:	401a      	ands	r2, r3
10002852:	920d      	str	r2, [sp, #52]	@ 0x34
10002854:	2280      	movs	r2, #128	@ 0x80
10002856:	9c26      	ldr	r4, [sp, #152]	@ 0x98
10002858:	0112      	lsls	r2, r2, #4
1000285a:	4014      	ands	r4, r2
1000285c:	0022      	movs	r2, r4
1000285e:	940b      	str	r4, [sp, #44]	@ 0x2c
10002860:	9c26      	ldr	r4, [sp, #152]	@ 0x98
10002862:	0007      	movs	r7, r0
10002864:	000e      	movs	r6, r1
10002866:	421c      	tst	r4, r3
10002868:	d000      	beq.n	1000286c <_etoa+0x90>
1000286a:	e0ad      	b.n	100029c8 <_etoa+0x1ec>
1000286c:	000b      	movs	r3, r1
1000286e:	4303      	orrs	r3, r0
10002870:	d000      	beq.n	10002874 <_etoa+0x98>
10002872:	e0d5      	b.n	10002a20 <_etoa+0x244>
10002874:	2a00      	cmp	r2, #0
10002876:	d000      	beq.n	1000287a <_etoa+0x9e>
10002878:	e20a      	b.n	10002c90 <_etoa+0x4b4>
1000287a:	0022      	movs	r2, r4
1000287c:	3306      	adds	r3, #6
1000287e:	9324      	str	r3, [sp, #144]	@ 0x90
10002880:	2302      	movs	r3, #2
10002882:	4013      	ands	r3, r2
10002884:	930c      	str	r3, [sp, #48]	@ 0x30
10002886:	2302      	movs	r3, #2
10002888:	4213      	tst	r3, r2
1000288a:	d000      	beq.n	1000288e <_etoa+0xb2>
1000288c:	e202      	b.n	10002c94 <_etoa+0x4b8>
1000288e:	9b25      	ldr	r3, [sp, #148]	@ 0x94
10002890:	2b04      	cmp	r3, #4
10002892:	d200      	bcs.n	10002896 <_etoa+0xba>
10002894:	e20f      	b.n	10002cb6 <_etoa+0x4da>
10002896:	3b04      	subs	r3, #4
10002898:	930b      	str	r3, [sp, #44]	@ 0x2c
1000289a:	2300      	movs	r3, #0
1000289c:	2504      	movs	r5, #4
1000289e:	930a      	str	r3, [sp, #40]	@ 0x28
100028a0:	2200      	movs	r2, #0
100028a2:	9822      	ldr	r0, [sp, #136]	@ 0x88
100028a4:	9923      	ldr	r1, [sp, #140]	@ 0x8c
100028a6:	2300      	movs	r3, #0
100028a8:	f7ff f810 	bl	100018cc <__wrap___aeabi_dcmplt>
100028ac:	2800      	cmp	r0, #0
100028ae:	d000      	beq.n	100028b2 <_etoa+0xd6>
100028b0:	e203      	b.n	10002cba <_etoa+0x4de>
100028b2:	4b5a      	ldr	r3, [pc, #360]	@ (10002a1c <_etoa+0x240>)
100028b4:	9a26      	ldr	r2, [sp, #152]	@ 0x98
100028b6:	4013      	ands	r3, r2
100028b8:	9304      	str	r3, [sp, #16]
100028ba:	9b0b      	ldr	r3, [sp, #44]	@ 0x2c
100028bc:	9303      	str	r3, [sp, #12]
100028be:	9b24      	ldr	r3, [sp, #144]	@ 0x90
100028c0:	9302      	str	r3, [sp, #8]
100028c2:	9b08      	ldr	r3, [sp, #32]
100028c4:	9c09      	ldr	r4, [sp, #36]	@ 0x24
100028c6:	9300      	str	r3, [sp, #0]
100028c8:	9401      	str	r4, [sp, #4]
100028ca:	4659      	mov	r1, fp
100028cc:	4643      	mov	r3, r8
100028ce:	4652      	mov	r2, sl
100028d0:	4648      	mov	r0, r9
100028d2:	f7ff fd2f 	bl	10002334 <_ftoa>
100028d6:	0002      	movs	r2, r0
100028d8:	2020      	movs	r0, #32
100028da:	9b26      	ldr	r3, [sp, #152]	@ 0x98
100028dc:	271f      	movs	r7, #31
100028de:	4003      	ands	r3, r0
100028e0:	4259      	negs	r1, r3
100028e2:	414b      	adcs	r3, r1
100028e4:	425b      	negs	r3, r3
100028e6:	4018      	ands	r0, r3
100028e8:	1c53      	adds	r3, r2, #1
100028ea:	9308      	str	r3, [sp, #32]
100028ec:	4659      	mov	r1, fp
100028ee:	4643      	mov	r3, r8
100028f0:	3045      	adds	r0, #69	@ 0x45
100028f2:	47c8      	blx	r9
100028f4:	9a0a      	ldr	r2, [sp, #40]	@ 0x28
100028f6:	17d3      	asrs	r3, r2, #31
100028f8:	18d4      	adds	r4, r2, r3
100028fa:	405c      	eors	r4, r3
100028fc:	0fd3      	lsrs	r3, r2, #31
100028fe:	930a      	str	r3, [sp, #40]	@ 0x28
10002900:	1e6b      	subs	r3, r5, #1
10002902:	930b      	str	r3, [sp, #44]	@ 0x2c
10002904:	ab08      	add	r3, sp, #32
10002906:	469c      	mov	ip, r3
10002908:	2500      	movs	r5, #0
1000290a:	4467      	add	r7, ip
1000290c:	e001      	b.n	10002912 <_etoa+0x136>
1000290e:	2d20      	cmp	r5, #32
10002910:	d00f      	beq.n	10002932 <_etoa+0x156>
10002912:	0020      	movs	r0, r4
10002914:	210a      	movs	r1, #10
10002916:	f7fe fd2b 	bl	10001370 <__wrap___aeabi_uidiv>
1000291a:	3501      	adds	r5, #1
1000291c:	197e      	adds	r6, r7, r5
1000291e:	3130      	adds	r1, #48	@ 0x30
10002920:	7031      	strb	r1, [r6, #0]
10002922:	0020      	movs	r0, r4
10002924:	210a      	movs	r1, #10
10002926:	f7fe fd23 	bl	10001370 <__wrap___aeabi_uidiv>
1000292a:	0026      	movs	r6, r4
1000292c:	0004      	movs	r4, r0
1000292e:	2e09      	cmp	r6, #9
10002930:	d8ed      	bhi.n	1000290e <_etoa+0x132>
10002932:	2305      	movs	r3, #5
10002934:	9306      	str	r3, [sp, #24]
10002936:	9b0b      	ldr	r3, [sp, #44]	@ 0x2c
10002938:	4659      	mov	r1, fp
1000293a:	9305      	str	r3, [sp, #20]
1000293c:	2300      	movs	r3, #0
1000293e:	9304      	str	r3, [sp, #16]
10002940:	330a      	adds	r3, #10
10002942:	9303      	str	r3, [sp, #12]
10002944:	9b0a      	ldr	r3, [sp, #40]	@ 0x28
10002946:	4648      	mov	r0, r9
10002948:	9302      	str	r3, [sp, #8]
1000294a:	ab10      	add	r3, sp, #64	@ 0x40
1000294c:	9300      	str	r3, [sp, #0]
1000294e:	9a08      	ldr	r2, [sp, #32]
10002950:	4643      	mov	r3, r8
10002952:	9501      	str	r5, [sp, #4]
10002954:	f7ff fbf8 	bl	10002148 <_ntoa_format>
10002958:	9b0c      	ldr	r3, [sp, #48]	@ 0x30
1000295a:	2b00      	cmp	r3, #0
1000295c:	d02d      	beq.n	100029ba <_etoa+0x1de>
1000295e:	4653      	mov	r3, sl
10002960:	1ac4      	subs	r4, r0, r3
10002962:	9b25      	ldr	r3, [sp, #148]	@ 0x94
10002964:	42a3      	cmp	r3, r4
10002966:	d928      	bls.n	100029ba <_etoa+0x1de>
10002968:	464d      	mov	r5, r9
1000296a:	465f      	mov	r7, fp
1000296c:	4681      	mov	r9, r0
1000296e:	001e      	movs	r6, r3
10002970:	4653      	mov	r3, sl
10002972:	0039      	movs	r1, r7
10002974:	191a      	adds	r2, r3, r4
10002976:	2020      	movs	r0, #32
10002978:	4643      	mov	r3, r8
1000297a:	3401      	adds	r4, #1
1000297c:	47a8      	blx	r5
1000297e:	42a6      	cmp	r6, r4
10002980:	d8f6      	bhi.n	10002970 <_etoa+0x194>
10002982:	4653      	mov	r3, sl
10002984:	4648      	mov	r0, r9
10002986:	9925      	ldr	r1, [sp, #148]	@ 0x94
10002988:	1ac2      	subs	r2, r0, r3
1000298a:	3201      	adds	r2, #1
1000298c:	2300      	movs	r3, #0
1000298e:	4291      	cmp	r1, r2
10002990:	d300      	bcc.n	10002994 <_etoa+0x1b8>
10002992:	e186      	b.n	10002ca2 <_etoa+0x4c6>
10002994:	3001      	adds	r0, #1
10002996:	1818      	adds	r0, r3, r0
10002998:	e00f      	b.n	100029ba <_etoa+0x1de>
1000299a:	9b26      	ldr	r3, [sp, #152]	@ 0x98
1000299c:	9304      	str	r3, [sp, #16]
1000299e:	9b25      	ldr	r3, [sp, #148]	@ 0x94
100029a0:	9303      	str	r3, [sp, #12]
100029a2:	9b24      	ldr	r3, [sp, #144]	@ 0x90
100029a4:	9302      	str	r3, [sp, #8]
100029a6:	9b22      	ldr	r3, [sp, #136]	@ 0x88
100029a8:	9c23      	ldr	r4, [sp, #140]	@ 0x8c
100029aa:	9300      	str	r3, [sp, #0]
100029ac:	9401      	str	r4, [sp, #4]
100029ae:	4643      	mov	r3, r8
100029b0:	4652      	mov	r2, sl
100029b2:	4659      	mov	r1, fp
100029b4:	4648      	mov	r0, r9
100029b6:	f7ff fcbd 	bl	10002334 <_ftoa>
100029ba:	b019      	add	sp, #100	@ 0x64
100029bc:	bcf0      	pop	{r4, r5, r6, r7}
100029be:	46bb      	mov	fp, r7
100029c0:	46b2      	mov	sl, r6
100029c2:	46a9      	mov	r9, r5
100029c4:	46a0      	mov	r8, r4
100029c6:	bdf0      	pop	{r4, r5, r6, r7, pc}
100029c8:	4301      	orrs	r1, r0
100029ca:	d12b      	bne.n	10002a24 <_etoa+0x248>
100029cc:	9b0b      	ldr	r3, [sp, #44]	@ 0x2c
100029ce:	0022      	movs	r2, r4
100029d0:	2b00      	cmp	r3, #0
100029d2:	d100      	bne.n	100029d6 <_etoa+0x1fa>
100029d4:	e754      	b.n	10002880 <_etoa+0xa4>
100029d6:	2300      	movs	r3, #0
100029d8:	930a      	str	r3, [sp, #40]	@ 0x28
100029da:	9b24      	ldr	r3, [sp, #144]	@ 0x90
100029dc:	9a0a      	ldr	r2, [sp, #40]	@ 0x28
100029de:	2400      	movs	r4, #0
100029e0:	4293      	cmp	r3, r2
100029e2:	dd00      	ble.n	100029e6 <_etoa+0x20a>
100029e4:	e185      	b.n	10002cf2 <_etoa+0x516>
100029e6:	9822      	ldr	r0, [sp, #136]	@ 0x88
100029e8:	9923      	ldr	r1, [sp, #140]	@ 0x8c
100029ea:	2200      	movs	r2, #0
100029ec:	2300      	movs	r3, #0
100029ee:	f7fe ff6d 	bl	100018cc <__wrap___aeabi_dcmplt>
100029f2:	2800      	cmp	r0, #0
100029f4:	d000      	beq.n	100029f8 <_etoa+0x21c>
100029f6:	e135      	b.n	10002c64 <_etoa+0x488>
100029f8:	9b26      	ldr	r3, [sp, #152]	@ 0x98
100029fa:	4a08      	ldr	r2, [pc, #32]	@ (10002a1c <_etoa+0x240>)
100029fc:	9402      	str	r4, [sp, #8]
100029fe:	401a      	ands	r2, r3
10002a00:	2380      	movs	r3, #128	@ 0x80
10002a02:	00db      	lsls	r3, r3, #3
10002a04:	4313      	orrs	r3, r2
10002a06:	9304      	str	r3, [sp, #16]
10002a08:	9b25      	ldr	r3, [sp, #148]	@ 0x94
10002a0a:	9303      	str	r3, [sp, #12]
10002a0c:	9b08      	ldr	r3, [sp, #32]
10002a0e:	9c09      	ldr	r4, [sp, #36]	@ 0x24
10002a10:	e7cb      	b.n	100029aa <_etoa+0x1ce>
10002a12:	46c0      	nop			@ (mov r8, r8)
10002a14:	7fefffff 	.word	0x7fefffff
10002a18:	ffefffff 	.word	0xffefffff
10002a1c:	fffff7ff 	.word	0xfffff7ff
10002a20:	2306      	movs	r3, #6
10002a22:	9324      	str	r3, [sp, #144]	@ 0x90
10002a24:	4bb4      	ldr	r3, [pc, #720]	@ (10002cf8 <_etoa+0x51c>)
10002a26:	0070      	lsls	r0, r6, #1
10002a28:	469c      	mov	ip, r3
10002a2a:	0d40      	lsrs	r0, r0, #21
10002a2c:	4460      	add	r0, ip
10002a2e:	f7fe ff79 	bl	10001924 <__wrap___aeabi_i2d>
10002a32:	4ab2      	ldr	r2, [pc, #712]	@ (10002cfc <_etoa+0x520>)
10002a34:	4bb2      	ldr	r3, [pc, #712]	@ (10002d00 <_etoa+0x524>)
10002a36:	f7fe ff06 	bl	10001846 <__wrap___aeabi_dmul>
10002a3a:	4ab2      	ldr	r2, [pc, #712]	@ (10002d04 <_etoa+0x528>)
10002a3c:	4bb2      	ldr	r3, [pc, #712]	@ (10002d08 <_etoa+0x52c>)
10002a3e:	f7fe fedb 	bl	100017f8 <__wrap___aeabi_dadd>
10002a42:	0336      	lsls	r6, r6, #12
10002a44:	4bb1      	ldr	r3, [pc, #708]	@ (10002d0c <_etoa+0x530>)
10002a46:	0b36      	lsrs	r6, r6, #12
10002a48:	4333      	orrs	r3, r6
10002a4a:	0004      	movs	r4, r0
10002a4c:	000d      	movs	r5, r1
10002a4e:	0038      	movs	r0, r7
10002a50:	0019      	movs	r1, r3
10002a52:	2200      	movs	r2, #0
10002a54:	4bae      	ldr	r3, [pc, #696]	@ (10002d10 <_etoa+0x534>)
10002a56:	f7fe fec6 	bl	100017e6 <__wrap___aeabi_dsub>
10002a5a:	4aae      	ldr	r2, [pc, #696]	@ (10002d14 <_etoa+0x538>)
10002a5c:	4bae      	ldr	r3, [pc, #696]	@ (10002d18 <_etoa+0x53c>)
10002a5e:	f7fe fef2 	bl	10001846 <__wrap___aeabi_dmul>
10002a62:	0002      	movs	r2, r0
10002a64:	000b      	movs	r3, r1
10002a66:	0020      	movs	r0, r4
10002a68:	0029      	movs	r1, r5
10002a6a:	f7fe fec5 	bl	100017f8 <__wrap___aeabi_dadd>
10002a6e:	f7fe ff71 	bl	10001954 <__wrap___aeabi_d2iz>
10002a72:	900a      	str	r0, [sp, #40]	@ 0x28
10002a74:	f7fe ff56 	bl	10001924 <__wrap___aeabi_i2d>
10002a78:	4aa8      	ldr	r2, [pc, #672]	@ (10002d1c <_etoa+0x540>)
10002a7a:	4ba9      	ldr	r3, [pc, #676]	@ (10002d20 <_etoa+0x544>)
10002a7c:	0004      	movs	r4, r0
10002a7e:	000d      	movs	r5, r1
10002a80:	f7fe fee1 	bl	10001846 <__wrap___aeabi_dmul>
10002a84:	2200      	movs	r2, #0
10002a86:	4ba7      	ldr	r3, [pc, #668]	@ (10002d24 <_etoa+0x548>)
10002a88:	f7fe feb6 	bl	100017f8 <__wrap___aeabi_dadd>
10002a8c:	f7fe ff62 	bl	10001954 <__wrap___aeabi_d2iz>
10002a90:	4aa5      	ldr	r2, [pc, #660]	@ (10002d28 <_etoa+0x54c>)
10002a92:	0006      	movs	r6, r0
10002a94:	4ba5      	ldr	r3, [pc, #660]	@ (10002d2c <_etoa+0x550>)
10002a96:	0020      	movs	r0, r4
10002a98:	0029      	movs	r1, r5
10002a9a:	f7fe fed4 	bl	10001846 <__wrap___aeabi_dmul>
10002a9e:	0004      	movs	r4, r0
10002aa0:	0030      	movs	r0, r6
10002aa2:	000d      	movs	r5, r1
10002aa4:	960c      	str	r6, [sp, #48]	@ 0x30
10002aa6:	f7fe ff3d 	bl	10001924 <__wrap___aeabi_i2d>
10002aaa:	4aa1      	ldr	r2, [pc, #644]	@ (10002d30 <_etoa+0x554>)
10002aac:	4ba1      	ldr	r3, [pc, #644]	@ (10002d34 <_etoa+0x558>)
10002aae:	f7fe feca 	bl	10001846 <__wrap___aeabi_dmul>
10002ab2:	0002      	movs	r2, r0
10002ab4:	000b      	movs	r3, r1
10002ab6:	0020      	movs	r0, r4
10002ab8:	0029      	movs	r1, r5
10002aba:	f7fe fe94 	bl	100017e6 <__wrap___aeabi_dsub>
10002abe:	0002      	movs	r2, r0
10002ac0:	000b      	movs	r3, r1
10002ac2:	0006      	movs	r6, r0
10002ac4:	000f      	movs	r7, r1
10002ac6:	f7fe febe 	bl	10001846 <__wrap___aeabi_dmul>
10002aca:	0032      	movs	r2, r6
10002acc:	0004      	movs	r4, r0
10002ace:	000d      	movs	r5, r1
10002ad0:	003b      	movs	r3, r7
10002ad2:	0030      	movs	r0, r6
10002ad4:	0039      	movs	r1, r7
10002ad6:	f7fe fe8f 	bl	100017f8 <__wrap___aeabi_dadd>
10002ada:	2200      	movs	r2, #0
10002adc:	900e      	str	r0, [sp, #56]	@ 0x38
10002ade:	910f      	str	r1, [sp, #60]	@ 0x3c
10002ae0:	4b95      	ldr	r3, [pc, #596]	@ (10002d38 <_etoa+0x55c>)
10002ae2:	0020      	movs	r0, r4
10002ae4:	0029      	movs	r1, r5
10002ae6:	f7fe fe90 	bl	1000180a <__wrap___aeabi_ddiv>
10002aea:	2200      	movs	r2, #0
10002aec:	4b93      	ldr	r3, [pc, #588]	@ (10002d3c <_etoa+0x560>)
10002aee:	f7fe fe83 	bl	100017f8 <__wrap___aeabi_dadd>
10002af2:	0002      	movs	r2, r0
10002af4:	000b      	movs	r3, r1
10002af6:	0020      	movs	r0, r4
10002af8:	0029      	movs	r1, r5
10002afa:	f7fe fe86 	bl	1000180a <__wrap___aeabi_ddiv>
10002afe:	2200      	movs	r2, #0
10002b00:	4b8f      	ldr	r3, [pc, #572]	@ (10002d40 <_etoa+0x564>)
10002b02:	f7fe fe79 	bl	100017f8 <__wrap___aeabi_dadd>
10002b06:	0002      	movs	r2, r0
10002b08:	000b      	movs	r3, r1
10002b0a:	0020      	movs	r0, r4
10002b0c:	0029      	movs	r1, r5
10002b0e:	f7fe fe7c 	bl	1000180a <__wrap___aeabi_ddiv>
10002b12:	000d      	movs	r5, r1
10002b14:	2180      	movs	r1, #128	@ 0x80
10002b16:	0004      	movs	r4, r0
10002b18:	0032      	movs	r2, r6
10002b1a:	003b      	movs	r3, r7
10002b1c:	2000      	movs	r0, #0
10002b1e:	05c9      	lsls	r1, r1, #23
10002b20:	f7fe fe61 	bl	100017e6 <__wrap___aeabi_dsub>
10002b24:	0002      	movs	r2, r0
10002b26:	000b      	movs	r3, r1
10002b28:	0020      	movs	r0, r4
10002b2a:	0029      	movs	r1, r5
10002b2c:	f7fe fe64 	bl	100017f8 <__wrap___aeabi_dadd>
10002b30:	0002      	movs	r2, r0
10002b32:	000b      	movs	r3, r1
10002b34:	980e      	ldr	r0, [sp, #56]	@ 0x38
10002b36:	990f      	ldr	r1, [sp, #60]	@ 0x3c
10002b38:	f7fe fe67 	bl	1000180a <__wrap___aeabi_ddiv>
10002b3c:	2200      	movs	r2, #0
10002b3e:	4b73      	ldr	r3, [pc, #460]	@ (10002d0c <_etoa+0x530>)
10002b40:	f7fe fe5a 	bl	100017f8 <__wrap___aeabi_dadd>
10002b44:	4b7f      	ldr	r3, [pc, #508]	@ (10002d44 <_etoa+0x568>)
10002b46:	9c0c      	ldr	r4, [sp, #48]	@ 0x30
10002b48:	469c      	mov	ip, r3
10002b4a:	4464      	add	r4, ip
10002b4c:	2200      	movs	r2, #0
10002b4e:	0523      	lsls	r3, r4, #20
10002b50:	f7fe fe79 	bl	10001846 <__wrap___aeabi_dmul>
10002b54:	0006      	movs	r6, r0
10002b56:	000f      	movs	r7, r1
10002b58:	0002      	movs	r2, r0
10002b5a:	000b      	movs	r3, r1
10002b5c:	9808      	ldr	r0, [sp, #32]
10002b5e:	9909      	ldr	r1, [sp, #36]	@ 0x24
10002b60:	f7fe feb4 	bl	100018cc <__wrap___aeabi_dcmplt>
10002b64:	2800      	cmp	r0, #0
10002b66:	d00a      	beq.n	10002b7e <_etoa+0x3a2>
10002b68:	9b0a      	ldr	r3, [sp, #40]	@ 0x28
10002b6a:	0030      	movs	r0, r6
10002b6c:	3b01      	subs	r3, #1
10002b6e:	0039      	movs	r1, r7
10002b70:	930a      	str	r3, [sp, #40]	@ 0x28
10002b72:	2200      	movs	r2, #0
10002b74:	4b71      	ldr	r3, [pc, #452]	@ (10002d3c <_etoa+0x560>)
10002b76:	f7fe fe48 	bl	1000180a <__wrap___aeabi_ddiv>
10002b7a:	0006      	movs	r6, r0
10002b7c:	000f      	movs	r7, r1
10002b7e:	9a0a      	ldr	r2, [sp, #40]	@ 0x28
10002b80:	0033      	movs	r3, r6
10002b82:	3263      	adds	r2, #99	@ 0x63
10002b84:	0039      	movs	r1, r7
10002b86:	2ac6      	cmp	r2, #198	@ 0xc6
10002b88:	d812      	bhi.n	10002bb0 <_etoa+0x3d4>
10002b8a:	2202      	movs	r2, #2
10002b8c:	9826      	ldr	r0, [sp, #152]	@ 0x98
10002b8e:	2504      	movs	r5, #4
10002b90:	4010      	ands	r0, r2
10002b92:	9a0b      	ldr	r2, [sp, #44]	@ 0x2c
10002b94:	900c      	str	r0, [sp, #48]	@ 0x30
10002b96:	2a00      	cmp	r2, #0
10002b98:	d125      	bne.n	10002be6 <_etoa+0x40a>
10002b9a:	9b25      	ldr	r3, [sp, #148]	@ 0x94
10002b9c:	2b04      	cmp	r3, #4
10002b9e:	d905      	bls.n	10002bac <_etoa+0x3d0>
10002ba0:	2800      	cmp	r0, #0
10002ba2:	d000      	beq.n	10002ba6 <_etoa+0x3ca>
10002ba4:	e0a1      	b.n	10002cea <_etoa+0x50e>
10002ba6:	9b25      	ldr	r3, [sp, #148]	@ 0x94
10002ba8:	3b04      	subs	r3, #4
10002baa:	930b      	str	r3, [sp, #44]	@ 0x2c
10002bac:	2504      	movs	r5, #4
10002bae:	e041      	b.n	10002c34 <_etoa+0x458>
10002bb0:	2202      	movs	r2, #2
10002bb2:	9826      	ldr	r0, [sp, #152]	@ 0x98
10002bb4:	4010      	ands	r0, r2
10002bb6:	9a0b      	ldr	r2, [sp, #44]	@ 0x2c
10002bb8:	900c      	str	r0, [sp, #48]	@ 0x30
10002bba:	2a00      	cmp	r2, #0
10002bbc:	d112      	bne.n	10002be4 <_etoa+0x408>
10002bbe:	9b25      	ldr	r3, [sp, #148]	@ 0x94
10002bc0:	2b05      	cmp	r3, #5
10002bc2:	d976      	bls.n	10002cb2 <_etoa+0x4d6>
10002bc4:	2800      	cmp	r0, #0
10002bc6:	d172      	bne.n	10002cae <_etoa+0x4d2>
10002bc8:	9b25      	ldr	r3, [sp, #148]	@ 0x94
10002bca:	2505      	movs	r5, #5
10002bcc:	3b05      	subs	r3, #5
10002bce:	930b      	str	r3, [sp, #44]	@ 0x2c
10002bd0:	e034      	b.n	10002c3c <_etoa+0x460>
10002bd2:	2280      	movs	r2, #128	@ 0x80
10002bd4:	0612      	lsls	r2, r2, #24
10002bd6:	4694      	mov	ip, r2
10002bd8:	9b22      	ldr	r3, [sp, #136]	@ 0x88
10002bda:	9308      	str	r3, [sp, #32]
10002bdc:	9b23      	ldr	r3, [sp, #140]	@ 0x8c
10002bde:	4463      	add	r3, ip
10002be0:	9309      	str	r3, [sp, #36]	@ 0x24
10002be2:	e630      	b.n	10002846 <_etoa+0x6a>
10002be4:	2505      	movs	r5, #5
10002be6:	430b      	orrs	r3, r1
10002be8:	d100      	bne.n	10002bec <_etoa+0x410>
10002bea:	e6f6      	b.n	100029da <_etoa+0x1fe>
10002bec:	9808      	ldr	r0, [sp, #32]
10002bee:	9909      	ldr	r1, [sp, #36]	@ 0x24
10002bf0:	4a55      	ldr	r2, [pc, #340]	@ (10002d48 <_etoa+0x56c>)
10002bf2:	4b56      	ldr	r3, [pc, #344]	@ (10002d4c <_etoa+0x570>)
10002bf4:	f7fe fe78 	bl	100018e8 <__wrap___aeabi_dcmpge>
10002bf8:	2800      	cmp	r0, #0
10002bfa:	d008      	beq.n	10002c0e <_etoa+0x432>
10002bfc:	9808      	ldr	r0, [sp, #32]
10002bfe:	9909      	ldr	r1, [sp, #36]	@ 0x24
10002c00:	2200      	movs	r2, #0
10002c02:	4b53      	ldr	r3, [pc, #332]	@ (10002d50 <_etoa+0x574>)
10002c04:	f7fe fe62 	bl	100018cc <__wrap___aeabi_dcmplt>
10002c08:	2800      	cmp	r0, #0
10002c0a:	d000      	beq.n	10002c0e <_etoa+0x432>
10002c0c:	e6e5      	b.n	100029da <_etoa+0x1fe>
10002c0e:	9b24      	ldr	r3, [sp, #144]	@ 0x90
10002c10:	2b00      	cmp	r3, #0
10002c12:	d01c      	beq.n	10002c4e <_etoa+0x472>
10002c14:	9b0d      	ldr	r3, [sp, #52]	@ 0x34
10002c16:	2b00      	cmp	r3, #0
10002c18:	d019      	beq.n	10002c4e <_etoa+0x472>
10002c1a:	9b24      	ldr	r3, [sp, #144]	@ 0x90
10002c1c:	3b01      	subs	r3, #1
10002c1e:	9324      	str	r3, [sp, #144]	@ 0x90
10002c20:	9b25      	ldr	r3, [sp, #148]	@ 0x94
10002c22:	42ab      	cmp	r3, r5
10002c24:	d904      	bls.n	10002c30 <_etoa+0x454>
10002c26:	9b0c      	ldr	r3, [sp, #48]	@ 0x30
10002c28:	2b00      	cmp	r3, #0
10002c2a:	d05a      	beq.n	10002ce2 <_etoa+0x506>
10002c2c:	2302      	movs	r3, #2
10002c2e:	930c      	str	r3, [sp, #48]	@ 0x30
10002c30:	2300      	movs	r3, #0
10002c32:	930b      	str	r3, [sp, #44]	@ 0x2c
10002c34:	9b0a      	ldr	r3, [sp, #40]	@ 0x28
10002c36:	2b00      	cmp	r3, #0
10002c38:	d100      	bne.n	10002c3c <_etoa+0x460>
10002c3a:	e631      	b.n	100028a0 <_etoa+0xc4>
10002c3c:	9808      	ldr	r0, [sp, #32]
10002c3e:	9909      	ldr	r1, [sp, #36]	@ 0x24
10002c40:	0032      	movs	r2, r6
10002c42:	003b      	movs	r3, r7
10002c44:	f7fe fde1 	bl	1000180a <__wrap___aeabi_ddiv>
10002c48:	9008      	str	r0, [sp, #32]
10002c4a:	9109      	str	r1, [sp, #36]	@ 0x24
10002c4c:	e628      	b.n	100028a0 <_etoa+0xc4>
10002c4e:	9b25      	ldr	r3, [sp, #148]	@ 0x94
10002c50:	42ab      	cmp	r3, r5
10002c52:	d9ed      	bls.n	10002c30 <_etoa+0x454>
10002c54:	9b0c      	ldr	r3, [sp, #48]	@ 0x30
10002c56:	2b00      	cmp	r3, #0
10002c58:	d043      	beq.n	10002ce2 <_etoa+0x506>
10002c5a:	2300      	movs	r3, #0
10002c5c:	930b      	str	r3, [sp, #44]	@ 0x2c
10002c5e:	3302      	adds	r3, #2
10002c60:	930c      	str	r3, [sp, #48]	@ 0x30
10002c62:	e7e7      	b.n	10002c34 <_etoa+0x458>
10002c64:	2080      	movs	r0, #128	@ 0x80
10002c66:	9b26      	ldr	r3, [sp, #152]	@ 0x98
10002c68:	4a3a      	ldr	r2, [pc, #232]	@ (10002d54 <_etoa+0x578>)
10002c6a:	0600      	lsls	r0, r0, #24
10002c6c:	401a      	ands	r2, r3
10002c6e:	2380      	movs	r3, #128	@ 0x80
10002c70:	4684      	mov	ip, r0
10002c72:	9402      	str	r4, [sp, #8]
10002c74:	9c08      	ldr	r4, [sp, #32]
10002c76:	9d09      	ldr	r5, [sp, #36]	@ 0x24
10002c78:	0029      	movs	r1, r5
10002c7a:	00db      	lsls	r3, r3, #3
10002c7c:	4313      	orrs	r3, r2
10002c7e:	9304      	str	r3, [sp, #16]
10002c80:	9b25      	ldr	r3, [sp, #148]	@ 0x94
10002c82:	4461      	add	r1, ip
10002c84:	0022      	movs	r2, r4
10002c86:	9303      	str	r3, [sp, #12]
10002c88:	000b      	movs	r3, r1
10002c8a:	9200      	str	r2, [sp, #0]
10002c8c:	9301      	str	r3, [sp, #4]
10002c8e:	e68e      	b.n	100029ae <_etoa+0x1d2>
10002c90:	2405      	movs	r4, #5
10002c92:	e6a8      	b.n	100029e6 <_etoa+0x20a>
10002c94:	2300      	movs	r3, #0
10002c96:	930b      	str	r3, [sp, #44]	@ 0x2c
10002c98:	930a      	str	r3, [sp, #40]	@ 0x28
10002c9a:	3302      	adds	r3, #2
10002c9c:	2504      	movs	r5, #4
10002c9e:	930c      	str	r3, [sp, #48]	@ 0x30
10002ca0:	e5fe      	b.n	100028a0 <_etoa+0xc4>
10002ca2:	4653      	mov	r3, sl
10002ca4:	468c      	mov	ip, r1
10002ca6:	3b01      	subs	r3, #1
10002ca8:	4463      	add	r3, ip
10002caa:	1a1b      	subs	r3, r3, r0
10002cac:	e672      	b.n	10002994 <_etoa+0x1b8>
10002cae:	2302      	movs	r3, #2
10002cb0:	930c      	str	r3, [sp, #48]	@ 0x30
10002cb2:	2505      	movs	r5, #5
10002cb4:	e7c2      	b.n	10002c3c <_etoa+0x460>
10002cb6:	2304      	movs	r3, #4
10002cb8:	e5ed      	b.n	10002896 <_etoa+0xba>
10002cba:	2080      	movs	r0, #128	@ 0x80
10002cbc:	9e08      	ldr	r6, [sp, #32]
10002cbe:	9f09      	ldr	r7, [sp, #36]	@ 0x24
10002cc0:	0600      	lsls	r0, r0, #24
10002cc2:	0039      	movs	r1, r7
10002cc4:	4684      	mov	ip, r0
10002cc6:	9a26      	ldr	r2, [sp, #152]	@ 0x98
10002cc8:	4b22      	ldr	r3, [pc, #136]	@ (10002d54 <_etoa+0x578>)
10002cca:	4461      	add	r1, ip
10002ccc:	4013      	ands	r3, r2
10002cce:	9304      	str	r3, [sp, #16]
10002cd0:	9b0b      	ldr	r3, [sp, #44]	@ 0x2c
10002cd2:	0032      	movs	r2, r6
10002cd4:	9303      	str	r3, [sp, #12]
10002cd6:	9b24      	ldr	r3, [sp, #144]	@ 0x90
10002cd8:	9302      	str	r3, [sp, #8]
10002cda:	000b      	movs	r3, r1
10002cdc:	9200      	str	r2, [sp, #0]
10002cde:	9301      	str	r3, [sp, #4]
10002ce0:	e5f3      	b.n	100028ca <_etoa+0xee>
10002ce2:	9b25      	ldr	r3, [sp, #148]	@ 0x94
10002ce4:	1b5b      	subs	r3, r3, r5
10002ce6:	930b      	str	r3, [sp, #44]	@ 0x2c
10002ce8:	e7a4      	b.n	10002c34 <_etoa+0x458>
10002cea:	2302      	movs	r3, #2
10002cec:	2504      	movs	r5, #4
10002cee:	930c      	str	r3, [sp, #48]	@ 0x30
10002cf0:	e7a0      	b.n	10002c34 <_etoa+0x458>
10002cf2:	1a9c      	subs	r4, r3, r2
10002cf4:	3c01      	subs	r4, #1
10002cf6:	e676      	b.n	100029e6 <_etoa+0x20a>
10002cf8:	fffffc01 	.word	0xfffffc01
10002cfc:	509f79fb 	.word	0x509f79fb
10002d00:	3fd34413 	.word	0x3fd34413
10002d04:	8b60c8b3 	.word	0x8b60c8b3
10002d08:	3fc68a28 	.word	0x3fc68a28
10002d0c:	3ff00000 	.word	0x3ff00000
10002d10:	3ff80000 	.word	0x3ff80000
10002d14:	636f4361 	.word	0x636f4361
10002d18:	3fd287a7 	.word	0x3fd287a7
10002d1c:	0979a371 	.word	0x0979a371
10002d20:	400a934f 	.word	0x400a934f
10002d24:	3fe00000 	.word	0x3fe00000
10002d28:	bbb55516 	.word	0xbbb55516
10002d2c:	40026bb1 	.word	0x40026bb1
10002d30:	fefa39ef 	.word	0xfefa39ef
10002d34:	3fe62e42 	.word	0x3fe62e42
10002d38:	402c0000 	.word	0x402c0000
10002d3c:	40240000 	.word	0x40240000
10002d40:	40180000 	.word	0x40180000
10002d44:	000003ff 	.word	0x000003ff
10002d48:	eb1c432d 	.word	0xeb1c432d
10002d4c:	3f1a36e2 	.word	0x3f1a36e2
10002d50:	412e8480 	.word	0x412e8480
10002d54:	fffff7ff 	.word	0xfffff7ff

10002d58 <_vsnprintf>:
10002d58:	b5f0      	push	{r4, r5, r6, r7, lr}
10002d5a:	46de      	mov	lr, fp
10002d5c:	4657      	mov	r7, sl
10002d5e:	464e      	mov	r6, r9
10002d60:	4645      	mov	r5, r8
10002d62:	b5e0      	push	{r5, r6, r7, lr}
10002d64:	b0a5      	sub	sp, #148	@ 0x94
10002d66:	001e      	movs	r6, r3
10002d68:	9b2e      	ldr	r3, [sp, #184]	@ 0xb8
10002d6a:	4692      	mov	sl, r2
10002d6c:	930c      	str	r3, [sp, #48]	@ 0x30
10002d6e:	4acd      	ldr	r2, [pc, #820]	@ (100030a4 <_vsnprintf+0x34c>)
10002d70:	4bcd      	ldr	r3, [pc, #820]	@ (100030a8 <_vsnprintf+0x350>)
10002d72:	4680      	mov	r8, r0
10002d74:	468b      	mov	fp, r1
10002d76:	601a      	str	r2, [r3, #0]
10002d78:	2900      	cmp	r1, #0
10002d7a:	d100      	bne.n	10002d7e <_vsnprintf+0x26>
10002d7c:	e1ea      	b.n	10003154 <_vsnprintf+0x3fc>
10002d7e:	2300      	movs	r3, #0
10002d80:	7830      	ldrb	r0, [r6, #0]
10002d82:	4699      	mov	r9, r3
10002d84:	2800      	cmp	r0, #0
10002d86:	d100      	bne.n	10002d8a <_vsnprintf+0x32>
10002d88:	e1ec      	b.n	10003164 <_vsnprintf+0x40c>
10002d8a:	4bc8      	ldr	r3, [pc, #800]	@ (100030ac <_vsnprintf+0x354>)
10002d8c:	464c      	mov	r4, r9
10002d8e:	930b      	str	r3, [sp, #44]	@ 0x2c
10002d90:	4bc7      	ldr	r3, [pc, #796]	@ (100030b0 <_vsnprintf+0x358>)
10002d92:	4645      	mov	r5, r8
10002d94:	4657      	mov	r7, sl
10002d96:	930e      	str	r3, [sp, #56]	@ 0x38
10002d98:	e00a      	b.n	10002db0 <_vsnprintf+0x58>
10002d9a:	1c63      	adds	r3, r4, #1
10002d9c:	4698      	mov	r8, r3
10002d9e:	0022      	movs	r2, r4
10002da0:	003b      	movs	r3, r7
10002da2:	4659      	mov	r1, fp
10002da4:	47a8      	blx	r5
10002da6:	4644      	mov	r4, r8
10002da8:	7830      	ldrb	r0, [r6, #0]
10002daa:	2800      	cmp	r0, #0
10002dac:	d100      	bne.n	10002db0 <_vsnprintf+0x58>
10002dae:	e087      	b.n	10002ec0 <_vsnprintf+0x168>
10002db0:	3601      	adds	r6, #1
10002db2:	2825      	cmp	r0, #37	@ 0x25
10002db4:	d1f1      	bne.n	10002d9a <_vsnprintf+0x42>
10002db6:	2308      	movs	r3, #8
10002db8:	469a      	mov	sl, r3
10002dba:	3b04      	subs	r3, #4
10002dbc:	4699      	mov	r9, r3
10002dbe:	3b02      	subs	r3, #2
10002dc0:	4698      	mov	r8, r3
10002dc2:	3b01      	subs	r3, #1
10002dc4:	2200      	movs	r2, #0
10002dc6:	469c      	mov	ip, r3
10002dc8:	940d      	str	r4, [sp, #52]	@ 0x34
10002dca:	7830      	ldrb	r0, [r6, #0]
10002dcc:	1c71      	adds	r1, r6, #1
10002dce:	0003      	movs	r3, r0
10002dd0:	3b20      	subs	r3, #32
10002dd2:	b2db      	uxtb	r3, r3
10002dd4:	2b10      	cmp	r3, #16
10002dd6:	d803      	bhi.n	10002de0 <_vsnprintf+0x88>
10002dd8:	9c0b      	ldr	r4, [sp, #44]	@ 0x2c
10002dda:	009b      	lsls	r3, r3, #2
10002ddc:	58e3      	ldr	r3, [r4, r3]
10002dde:	469f      	mov	pc, r3
10002de0:	0003      	movs	r3, r0
10002de2:	3b30      	subs	r3, #48	@ 0x30
10002de4:	4689      	mov	r9, r1
10002de6:	9c0d      	ldr	r4, [sp, #52]	@ 0x34
10002de8:	2b09      	cmp	r3, #9
10002dea:	d93a      	bls.n	10002e62 <_vsnprintf+0x10a>
10002dec:	2300      	movs	r3, #0
10002dee:	4698      	mov	r8, r3
10002df0:	282a      	cmp	r0, #42	@ 0x2a
10002df2:	d100      	bne.n	10002df6 <_vsnprintf+0x9e>
10002df4:	e0c1      	b.n	10002f7a <_vsnprintf+0x222>
10002df6:	2300      	movs	r3, #0
10002df8:	469a      	mov	sl, r3
10002dfa:	282e      	cmp	r0, #46	@ 0x2e
10002dfc:	d04b      	beq.n	10002e96 <_vsnprintf+0x13e>
10002dfe:	0003      	movs	r3, r0
10002e00:	3b68      	subs	r3, #104	@ 0x68
10002e02:	b2db      	uxtb	r3, r3
10002e04:	2b12      	cmp	r3, #18
10002e06:	d81e      	bhi.n	10002e46 <_vsnprintf+0xee>
10002e08:	990e      	ldr	r1, [sp, #56]	@ 0x38
10002e0a:	009b      	lsls	r3, r3, #2
10002e0c:	58cb      	ldr	r3, [r1, r3]
10002e0e:	469f      	mov	pc, r3
10002e10:	4663      	mov	r3, ip
10002e12:	000e      	movs	r6, r1
10002e14:	431a      	orrs	r2, r3
10002e16:	e7d8      	b.n	10002dca <_vsnprintf+0x72>
10002e18:	4643      	mov	r3, r8
10002e1a:	000e      	movs	r6, r1
10002e1c:	431a      	orrs	r2, r3
10002e1e:	e7d4      	b.n	10002dca <_vsnprintf+0x72>
10002e20:	464b      	mov	r3, r9
10002e22:	000e      	movs	r6, r1
10002e24:	431a      	orrs	r2, r3
10002e26:	e7d0      	b.n	10002dca <_vsnprintf+0x72>
10002e28:	2310      	movs	r3, #16
10002e2a:	000e      	movs	r6, r1
10002e2c:	431a      	orrs	r2, r3
10002e2e:	e7cc      	b.n	10002dca <_vsnprintf+0x72>
10002e30:	4653      	mov	r3, sl
10002e32:	000e      	movs	r6, r1
10002e34:	431a      	orrs	r2, r3
10002e36:	e7c8      	b.n	10002dca <_vsnprintf+0x72>
10002e38:	2380      	movs	r3, #128	@ 0x80
10002e3a:	005b      	lsls	r3, r3, #1
10002e3c:	431a      	orrs	r2, r3
10002e3e:	3bff      	subs	r3, #255	@ 0xff
10002e40:	469c      	mov	ip, r3
10002e42:	7870      	ldrb	r0, [r6, #1]
10002e44:	44e1      	add	r9, ip
10002e46:	464e      	mov	r6, r9
10002e48:	2867      	cmp	r0, #103	@ 0x67
10002e4a:	d84f      	bhi.n	10002eec <_vsnprintf+0x194>
10002e4c:	2824      	cmp	r0, #36	@ 0x24
10002e4e:	d9a4      	bls.n	10002d9a <_vsnprintf+0x42>
10002e50:	0003      	movs	r3, r0
10002e52:	3b25      	subs	r3, #37	@ 0x25
10002e54:	b2db      	uxtb	r3, r3
10002e56:	2b42      	cmp	r3, #66	@ 0x42
10002e58:	d89f      	bhi.n	10002d9a <_vsnprintf+0x42>
10002e5a:	4996      	ldr	r1, [pc, #600]	@ (100030b4 <_vsnprintf+0x35c>)
10002e5c:	009b      	lsls	r3, r3, #2
10002e5e:	58cb      	ldr	r3, [r1, r3]
10002e60:	469f      	mov	pc, r3
10002e62:	2300      	movs	r3, #0
10002e64:	4694      	mov	ip, r2
10002e66:	001e      	movs	r6, r3
10002e68:	e000      	b.n	10002e6c <_vsnprintf+0x114>
10002e6a:	3101      	adds	r1, #1
10002e6c:	00b3      	lsls	r3, r6, #2
10002e6e:	199b      	adds	r3, r3, r6
10002e70:	005b      	lsls	r3, r3, #1
10002e72:	181e      	adds	r6, r3, r0
10002e74:	7808      	ldrb	r0, [r1, #0]
10002e76:	3e30      	subs	r6, #48	@ 0x30
10002e78:	0003      	movs	r3, r0
10002e7a:	3b30      	subs	r3, #48	@ 0x30
10002e7c:	2b09      	cmp	r3, #9
10002e7e:	d9f4      	bls.n	10002e6a <_vsnprintf+0x112>
10002e80:	2301      	movs	r3, #1
10002e82:	4662      	mov	r2, ip
10002e84:	4689      	mov	r9, r1
10002e86:	469c      	mov	ip, r3
10002e88:	2300      	movs	r3, #0
10002e8a:	46b0      	mov	r8, r6
10002e8c:	469a      	mov	sl, r3
10002e8e:	000e      	movs	r6, r1
10002e90:	44e1      	add	r9, ip
10002e92:	282e      	cmp	r0, #46	@ 0x2e
10002e94:	d1b3      	bne.n	10002dfe <_vsnprintf+0xa6>
10002e96:	2130      	movs	r1, #48	@ 0x30
10002e98:	2080      	movs	r0, #128	@ 0x80
10002e9a:	4249      	negs	r1, r1
10002e9c:	468c      	mov	ip, r1
10002e9e:	00c0      	lsls	r0, r0, #3
10002ea0:	4302      	orrs	r2, r0
10002ea2:	7870      	ldrb	r0, [r6, #1]
10002ea4:	464b      	mov	r3, r9
10002ea6:	4484      	add	ip, r0
10002ea8:	4661      	mov	r1, ip
10002eaa:	2909      	cmp	r1, #9
10002eac:	d800      	bhi.n	10002eb0 <_vsnprintf+0x158>
10002eae:	e16c      	b.n	1000318a <_vsnprintf+0x432>
10002eb0:	282a      	cmp	r0, #42	@ 0x2a
10002eb2:	d100      	bne.n	10002eb6 <_vsnprintf+0x15e>
10002eb4:	e17a      	b.n	100031ac <_vsnprintf+0x454>
10002eb6:	2301      	movs	r3, #1
10002eb8:	469c      	mov	ip, r3
10002eba:	464e      	mov	r6, r9
10002ebc:	44e1      	add	r9, ip
10002ebe:	e79e      	b.n	10002dfe <_vsnprintf+0xa6>
10002ec0:	46a1      	mov	r9, r4
10002ec2:	46a8      	mov	r8, r5
10002ec4:	46ba      	mov	sl, r7
10002ec6:	45ca      	cmp	sl, r9
10002ec8:	d803      	bhi.n	10002ed2 <_vsnprintf+0x17a>
10002eca:	2301      	movs	r3, #1
10002ecc:	425b      	negs	r3, r3
10002ece:	4453      	add	r3, sl
10002ed0:	4699      	mov	r9, r3
10002ed2:	4653      	mov	r3, sl
10002ed4:	464a      	mov	r2, r9
10002ed6:	4659      	mov	r1, fp
10002ed8:	2000      	movs	r0, #0
10002eda:	47c0      	blx	r8
10002edc:	0020      	movs	r0, r4
10002ede:	b025      	add	sp, #148	@ 0x94
10002ee0:	bcf0      	pop	{r4, r5, r6, r7}
10002ee2:	46bb      	mov	fp, r7
10002ee4:	46b2      	mov	sl, r6
10002ee6:	46a9      	mov	r9, r5
10002ee8:	46a0      	mov	r8, r4
10002eea:	bdf0      	pop	{r4, r5, r6, r7, pc}
10002eec:	0003      	movs	r3, r0
10002eee:	3b69      	subs	r3, #105	@ 0x69
10002ef0:	b2db      	uxtb	r3, r3
10002ef2:	930d      	str	r3, [sp, #52]	@ 0x34
10002ef4:	2b0f      	cmp	r3, #15
10002ef6:	d900      	bls.n	10002efa <_vsnprintf+0x1a2>
10002ef8:	e74f      	b.n	10002d9a <_vsnprintf+0x42>
10002efa:	2101      	movs	r1, #1
10002efc:	4099      	lsls	r1, r3
10002efe:	468c      	mov	ip, r1
10002f00:	496d      	ldr	r1, [pc, #436]	@ (100030b8 <_vsnprintf+0x360>)
10002f02:	4689      	mov	r9, r1
10002f04:	4661      	mov	r1, ip
10002f06:	464b      	mov	r3, r9
10002f08:	4019      	ands	r1, r3
10002f0a:	910f      	str	r1, [sp, #60]	@ 0x3c
10002f0c:	4663      	mov	r3, ip
10002f0e:	4649      	mov	r1, r9
10002f10:	420b      	tst	r3, r1
10002f12:	d000      	beq.n	10002f16 <_vsnprintf+0x1be>
10002f14:	e128      	b.n	10003168 <_vsnprintf+0x410>
10002f16:	9b0d      	ldr	r3, [sp, #52]	@ 0x34
10002f18:	2b0a      	cmp	r3, #10
10002f1a:	d03a      	beq.n	10002f92 <_vsnprintf+0x23a>
10002f1c:	2b07      	cmp	r3, #7
10002f1e:	d000      	beq.n	10002f22 <_vsnprintf+0x1ca>
10002f20:	e73b      	b.n	10002d9a <_vsnprintf+0x42>
10002f22:	9b0c      	ldr	r3, [sp, #48]	@ 0x30
10002f24:	0019      	movs	r1, r3
10002f26:	c908      	ldmia	r1!, {r3}
10002f28:	4688      	mov	r8, r1
10002f2a:	2b00      	cmp	r3, #0
10002f2c:	d100      	bne.n	10002f30 <_vsnprintf+0x1d8>
10002f2e:	e14b      	b.n	100031c8 <_vsnprintf+0x470>
10002f30:	2021      	movs	r0, #33	@ 0x21
10002f32:	4302      	orrs	r2, r0
10002f34:	4691      	mov	r9, r2
10002f36:	a914      	add	r1, sp, #80	@ 0x50
10002f38:	468c      	mov	ip, r1
10002f3a:	221f      	movs	r2, #31
10002f3c:	210f      	movs	r1, #15
10002f3e:	4462      	add	r2, ip
10002f40:	468c      	mov	ip, r1
10002f42:	4651      	mov	r1, sl
10002f44:	950d      	str	r5, [sp, #52]	@ 0x34
10002f46:	910c      	str	r1, [sp, #48]	@ 0x30
10002f48:	46a2      	mov	sl, r4
10002f4a:	0015      	movs	r5, r2
10002f4c:	990f      	ldr	r1, [sp, #60]	@ 0x3c
10002f4e:	e002      	b.n	10002f56 <_vsnprintf+0x1fe>
10002f50:	2920      	cmp	r1, #32
10002f52:	d00c      	beq.n	10002f6e <_vsnprintf+0x216>
10002f54:	0013      	movs	r3, r2
10002f56:	4664      	mov	r4, ip
10002f58:	401c      	ands	r4, r3
10002f5a:	0020      	movs	r0, r4
10002f5c:	3037      	adds	r0, #55	@ 0x37
10002f5e:	2c09      	cmp	r4, #9
10002f60:	d800      	bhi.n	10002f64 <_vsnprintf+0x20c>
10002f62:	3807      	subs	r0, #7
10002f64:	3101      	adds	r1, #1
10002f66:	5468      	strb	r0, [r5, r1]
10002f68:	091a      	lsrs	r2, r3, #4
10002f6a:	2b0f      	cmp	r3, #15
10002f6c:	d8f0      	bhi.n	10002f50 <_vsnprintf+0x1f8>
10002f6e:	9b0c      	ldr	r3, [sp, #48]	@ 0x30
10002f70:	4654      	mov	r4, sl
10002f72:	9d0d      	ldr	r5, [sp, #52]	@ 0x34
10002f74:	469a      	mov	sl, r3
10002f76:	910f      	str	r1, [sp, #60]	@ 0x3c
10002f78:	e133      	b.n	100031e2 <_vsnprintf+0x48a>
10002f7a:	9b0c      	ldr	r3, [sp, #48]	@ 0x30
10002f7c:	cb02      	ldmia	r3!, {r1}
10002f7e:	4688      	mov	r8, r1
10002f80:	2900      	cmp	r1, #0
10002f82:	db47      	blt.n	10003014 <_vsnprintf+0x2bc>
10002f84:	930c      	str	r3, [sp, #48]	@ 0x30
10002f86:	2301      	movs	r3, #1
10002f88:	469c      	mov	ip, r3
10002f8a:	7870      	ldrb	r0, [r6, #1]
10002f8c:	464e      	mov	r6, r9
10002f8e:	44e1      	add	r9, ip
10002f90:	e731      	b.n	10002df6 <_vsnprintf+0x9e>
10002f92:	9b0c      	ldr	r3, [sp, #48]	@ 0x30
10002f94:	cb02      	ldmia	r3!, {r1}
10002f96:	9314      	str	r3, [sp, #80]	@ 0x50
10002f98:	4653      	mov	r3, sl
10002f9a:	2b00      	cmp	r3, #0
10002f9c:	d100      	bne.n	10002fa0 <_vsnprintf+0x248>
10002f9e:	e138      	b.n	10003212 <_vsnprintf+0x4ba>
10002fa0:	469c      	mov	ip, r3
10002fa2:	7808      	ldrb	r0, [r1, #0]
10002fa4:	000b      	movs	r3, r1
10002fa6:	900c      	str	r0, [sp, #48]	@ 0x30
10002fa8:	448c      	add	ip, r1
10002faa:	2800      	cmp	r0, #0
10002fac:	d101      	bne.n	10002fb2 <_vsnprintf+0x25a>
10002fae:	f000 fc98 	bl	100038e2 <_vsnprintf+0xb8a>
10002fb2:	4689      	mov	r9, r1
10002fb4:	4661      	mov	r1, ip
10002fb6:	4694      	mov	ip, r2
10002fb8:	e003      	b.n	10002fc2 <_vsnprintf+0x26a>
10002fba:	785a      	ldrb	r2, [r3, #1]
10002fbc:	3301      	adds	r3, #1
10002fbe:	2a00      	cmp	r2, #0
10002fc0:	d001      	beq.n	10002fc6 <_vsnprintf+0x26e>
10002fc2:	428b      	cmp	r3, r1
10002fc4:	d1f9      	bne.n	10002fba <_vsnprintf+0x262>
10002fc6:	4649      	mov	r1, r9
10002fc8:	4662      	mov	r2, ip
10002fca:	1a5b      	subs	r3, r3, r1
10002fcc:	900c      	str	r0, [sp, #48]	@ 0x30
10002fce:	930f      	str	r3, [sp, #60]	@ 0x3c
10002fd0:	0553      	lsls	r3, r2, #21
10002fd2:	d500      	bpl.n	10002fd6 <_vsnprintf+0x27e>
10002fd4:	e120      	b.n	10003218 <_vsnprintf+0x4c0>
10002fd6:	2302      	movs	r3, #2
10002fd8:	0018      	movs	r0, r3
10002fda:	4010      	ands	r0, r2
10002fdc:	900d      	str	r0, [sp, #52]	@ 0x34
10002fde:	4213      	tst	r3, r2
10002fe0:	d100      	bne.n	10002fe4 <_vsnprintf+0x28c>
10002fe2:	e3cb      	b.n	1000377c <_vsnprintf+0xa24>
10002fe4:	930d      	str	r3, [sp, #52]	@ 0x34
10002fe6:	1b0b      	subs	r3, r1, r4
10002fe8:	46b1      	mov	r9, r6
10002fea:	469a      	mov	sl, r3
10002fec:	465e      	mov	r6, fp
10002fee:	980c      	ldr	r0, [sp, #48]	@ 0x30
10002ff0:	0022      	movs	r2, r4
10002ff2:	003b      	movs	r3, r7
10002ff4:	0031      	movs	r1, r6
10002ff6:	47a8      	blx	r5
10002ff8:	4653      	mov	r3, sl
10002ffa:	3401      	adds	r4, #1
10002ffc:	5d18      	ldrb	r0, [r3, r4]
10002ffe:	2800      	cmp	r0, #0
10003000:	d1f6      	bne.n	10002ff0 <_vsnprintf+0x298>
10003002:	46b3      	mov	fp, r6
10003004:	464e      	mov	r6, r9
10003006:	9b0d      	ldr	r3, [sp, #52]	@ 0x34
10003008:	2b00      	cmp	r3, #0
1000300a:	d000      	beq.n	1000300e <_vsnprintf+0x2b6>
1000300c:	e1c7      	b.n	1000339e <_vsnprintf+0x646>
1000300e:	9b14      	ldr	r3, [sp, #80]	@ 0x50
10003010:	930c      	str	r3, [sp, #48]	@ 0x30
10003012:	e6c9      	b.n	10002da8 <_vsnprintf+0x50>
10003014:	930c      	str	r3, [sp, #48]	@ 0x30
10003016:	2301      	movs	r3, #1
10003018:	469c      	mov	ip, r3
1000301a:	3828      	subs	r0, #40	@ 0x28
1000301c:	4249      	negs	r1, r1
1000301e:	4302      	orrs	r2, r0
10003020:	4688      	mov	r8, r1
10003022:	7870      	ldrb	r0, [r6, #1]
10003024:	464e      	mov	r6, r9
10003026:	44e1      	add	r9, ip
10003028:	e6e5      	b.n	10002df6 <_vsnprintf+0x9e>
1000302a:	7870      	ldrb	r0, [r6, #1]
1000302c:	286c      	cmp	r0, #108	@ 0x6c
1000302e:	d100      	bne.n	10003032 <_vsnprintf+0x2da>
10003030:	e17f      	b.n	10003332 <_vsnprintf+0x5da>
10003032:	2380      	movs	r3, #128	@ 0x80
10003034:	005b      	lsls	r3, r3, #1
10003036:	431a      	orrs	r2, r3
10003038:	3bff      	subs	r3, #255	@ 0xff
1000303a:	469c      	mov	ip, r3
1000303c:	44e1      	add	r9, ip
1000303e:	e702      	b.n	10002e46 <_vsnprintf+0xee>
10003040:	2380      	movs	r3, #128	@ 0x80
10003042:	009b      	lsls	r3, r3, #2
10003044:	431a      	orrs	r2, r3
10003046:	2301      	movs	r3, #1
10003048:	469c      	mov	ip, r3
1000304a:	7870      	ldrb	r0, [r6, #1]
1000304c:	44e1      	add	r9, ip
1000304e:	e6fa      	b.n	10002e46 <_vsnprintf+0xee>
10003050:	7870      	ldrb	r0, [r6, #1]
10003052:	2868      	cmp	r0, #104	@ 0x68
10003054:	d100      	bne.n	10003058 <_vsnprintf+0x300>
10003056:	e173      	b.n	10003340 <_vsnprintf+0x5e8>
10003058:	2380      	movs	r3, #128	@ 0x80
1000305a:	431a      	orrs	r2, r3
1000305c:	3b7f      	subs	r3, #127	@ 0x7f
1000305e:	469c      	mov	ip, r3
10003060:	44e1      	add	r9, ip
10003062:	e6f0      	b.n	10002e46 <_vsnprintf+0xee>
10003064:	2867      	cmp	r0, #103	@ 0x67
10003066:	d100      	bne.n	1000306a <_vsnprintf+0x312>
10003068:	e103      	b.n	10003272 <_vsnprintf+0x51a>
1000306a:	2847      	cmp	r0, #71	@ 0x47
1000306c:	d100      	bne.n	10003070 <_vsnprintf+0x318>
1000306e:	e15a      	b.n	10003326 <_vsnprintf+0x5ce>
10003070:	2845      	cmp	r0, #69	@ 0x45
10003072:	d100      	bne.n	10003076 <_vsnprintf+0x31e>
10003074:	e15a      	b.n	1000332c <_vsnprintf+0x5d4>
10003076:	9204      	str	r2, [sp, #16]
10003078:	2107      	movs	r1, #7
1000307a:	4642      	mov	r2, r8
1000307c:	9b0c      	ldr	r3, [sp, #48]	@ 0x30
1000307e:	9203      	str	r2, [sp, #12]
10003080:	3307      	adds	r3, #7
10003082:	4652      	mov	r2, sl
10003084:	438b      	bics	r3, r1
10003086:	0019      	movs	r1, r3
10003088:	9202      	str	r2, [sp, #8]
1000308a:	c90c      	ldmia	r1!, {r2, r3}
1000308c:	0028      	movs	r0, r5
1000308e:	9200      	str	r2, [sp, #0]
10003090:	9301      	str	r3, [sp, #4]
10003092:	910c      	str	r1, [sp, #48]	@ 0x30
10003094:	0022      	movs	r2, r4
10003096:	003b      	movs	r3, r7
10003098:	4659      	mov	r1, fp
1000309a:	f7ff fb9f 	bl	100027dc <_etoa>
1000309e:	0004      	movs	r4, r0
100030a0:	e682      	b.n	10002da8 <_vsnprintf+0x50>
100030a2:	46c0      	nop			@ (mov r8, r8)
100030a4:	10002d59 	.word	0x10002d59
100030a8:	200005ec 	.word	0x200005ec
100030ac:	10004010 	.word	0x10004010
100030b0:	10004054 	.word	0x10004054
100030b4:	100040a0 	.word	0x100040a0
100030b8:	00009041 	.word	0x00009041
100030bc:	2846      	cmp	r0, #70	@ 0x46
100030be:	d100      	bne.n	100030c2 <_vsnprintf+0x36a>
100030c0:	e0db      	b.n	1000327a <_vsnprintf+0x522>
100030c2:	9204      	str	r2, [sp, #16]
100030c4:	2107      	movs	r1, #7
100030c6:	4642      	mov	r2, r8
100030c8:	9b0c      	ldr	r3, [sp, #48]	@ 0x30
100030ca:	9203      	str	r2, [sp, #12]
100030cc:	3307      	adds	r3, #7
100030ce:	4652      	mov	r2, sl
100030d0:	438b      	bics	r3, r1
100030d2:	0019      	movs	r1, r3
100030d4:	9202      	str	r2, [sp, #8]
100030d6:	c90c      	ldmia	r1!, {r2, r3}
100030d8:	0028      	movs	r0, r5
100030da:	9200      	str	r2, [sp, #0]
100030dc:	9301      	str	r3, [sp, #4]
100030de:	910c      	str	r1, [sp, #48]	@ 0x30
100030e0:	0022      	movs	r2, r4
100030e2:	003b      	movs	r3, r7
100030e4:	4659      	mov	r1, fp
100030e6:	f7ff f925 	bl	10002334 <_ftoa>
100030ea:	0004      	movs	r4, r0
100030ec:	e65c      	b.n	10002da8 <_vsnprintf+0x50>
100030ee:	1c63      	adds	r3, r4, #1
100030f0:	4698      	mov	r8, r3
100030f2:	0022      	movs	r2, r4
100030f4:	003b      	movs	r3, r7
100030f6:	4659      	mov	r1, fp
100030f8:	2025      	movs	r0, #37	@ 0x25
100030fa:	47a8      	blx	r5
100030fc:	4644      	mov	r4, r8
100030fe:	e653      	b.n	10002da8 <_vsnprintf+0x50>
10003100:	9b0c      	ldr	r3, [sp, #48]	@ 0x30
10003102:	3304      	adds	r3, #4
10003104:	930d      	str	r3, [sp, #52]	@ 0x34
10003106:	1c63      	adds	r3, r4, #1
10003108:	4699      	mov	r9, r3
1000310a:	0792      	lsls	r2, r2, #30
1000310c:	d400      	bmi.n	10003110 <_vsnprintf+0x3b8>
1000310e:	e122      	b.n	10003356 <_vsnprintf+0x5fe>
10003110:	9b0c      	ldr	r3, [sp, #48]	@ 0x30
10003112:	0022      	movs	r2, r4
10003114:	7818      	ldrb	r0, [r3, #0]
10003116:	4659      	mov	r1, fp
10003118:	003b      	movs	r3, r7
1000311a:	47a8      	blx	r5
1000311c:	4643      	mov	r3, r8
1000311e:	4444      	add	r4, r8
10003120:	2b01      	cmp	r3, #1
10003122:	d800      	bhi.n	10003126 <_vsnprintf+0x3ce>
10003124:	e285      	b.n	10003632 <_vsnprintf+0x8da>
10003126:	0033      	movs	r3, r6
10003128:	46b8      	mov	r8, r7
1000312a:	002e      	movs	r6, r5
1000312c:	465f      	mov	r7, fp
1000312e:	0025      	movs	r5, r4
10003130:	464c      	mov	r4, r9
10003132:	4699      	mov	r9, r3
10003134:	0022      	movs	r2, r4
10003136:	4643      	mov	r3, r8
10003138:	3401      	adds	r4, #1
1000313a:	0039      	movs	r1, r7
1000313c:	2020      	movs	r0, #32
1000313e:	47b0      	blx	r6
10003140:	42ac      	cmp	r4, r5
10003142:	d1f7      	bne.n	10003134 <_vsnprintf+0x3dc>
10003144:	002c      	movs	r4, r5
10003146:	46bb      	mov	fp, r7
10003148:	0035      	movs	r5, r6
1000314a:	4647      	mov	r7, r8
1000314c:	464e      	mov	r6, r9
1000314e:	9b0d      	ldr	r3, [sp, #52]	@ 0x34
10003150:	930c      	str	r3, [sp, #48]	@ 0x30
10003152:	e629      	b.n	10002da8 <_vsnprintf+0x50>
10003154:	4bdb      	ldr	r3, [pc, #876]	@ (100034c4 <_vsnprintf+0x76c>)
10003156:	7830      	ldrb	r0, [r6, #0]
10003158:	4698      	mov	r8, r3
1000315a:	2300      	movs	r3, #0
1000315c:	4699      	mov	r9, r3
1000315e:	2800      	cmp	r0, #0
10003160:	d000      	beq.n	10003164 <_vsnprintf+0x40c>
10003162:	e612      	b.n	10002d8a <_vsnprintf+0x32>
10003164:	2400      	movs	r4, #0
10003166:	e6ae      	b.n	10002ec6 <_vsnprintf+0x16e>
10003168:	286f      	cmp	r0, #111	@ 0x6f
1000316a:	d100      	bne.n	1000316e <_vsnprintf+0x416>
1000316c:	e088      	b.n	10003280 <_vsnprintf+0x528>
1000316e:	d800      	bhi.n	10003172 <_vsnprintf+0x41a>
10003170:	e30b      	b.n	1000378a <_vsnprintf+0xa32>
10003172:	2310      	movs	r3, #16
10003174:	2878      	cmp	r0, #120	@ 0x78
10003176:	d100      	bne.n	1000317a <_vsnprintf+0x422>
10003178:	e0cf      	b.n	1000331a <_vsnprintf+0x5c2>
1000317a:	439a      	bics	r2, r3
1000317c:	230a      	movs	r3, #10
1000317e:	469c      	mov	ip, r3
10003180:	2300      	movs	r3, #0
10003182:	930f      	str	r3, [sp, #60]	@ 0x3c
10003184:	330a      	adds	r3, #10
10003186:	930d      	str	r3, [sp, #52]	@ 0x34
10003188:	e080      	b.n	1000328c <_vsnprintf+0x534>
1000318a:	4656      	mov	r6, sl
1000318c:	00b1      	lsls	r1, r6, #2
1000318e:	1989      	adds	r1, r1, r6
10003190:	0049      	lsls	r1, r1, #1
10003192:	3301      	adds	r3, #1
10003194:	180e      	adds	r6, r1, r0
10003196:	7818      	ldrb	r0, [r3, #0]
10003198:	3e30      	subs	r6, #48	@ 0x30
1000319a:	0001      	movs	r1, r0
1000319c:	3930      	subs	r1, #48	@ 0x30
1000319e:	2909      	cmp	r1, #9
100031a0:	d9f4      	bls.n	1000318c <_vsnprintf+0x434>
100031a2:	46b2      	mov	sl, r6
100031a4:	001e      	movs	r6, r3
100031a6:	3301      	adds	r3, #1
100031a8:	4699      	mov	r9, r3
100031aa:	e628      	b.n	10002dfe <_vsnprintf+0xa6>
100031ac:	9b0c      	ldr	r3, [sp, #48]	@ 0x30
100031ae:	3602      	adds	r6, #2
100031b0:	cb02      	ldmia	r3!, {r1}
100031b2:	468a      	mov	sl, r1
100031b4:	43c9      	mvns	r1, r1
100031b6:	4650      	mov	r0, sl
100031b8:	17c9      	asrs	r1, r1, #31
100031ba:	4008      	ands	r0, r1
100031bc:	4682      	mov	sl, r0
100031be:	930c      	str	r3, [sp, #48]	@ 0x30
100031c0:	7830      	ldrb	r0, [r6, #0]
100031c2:	1c73      	adds	r3, r6, #1
100031c4:	4699      	mov	r9, r3
100031c6:	e61a      	b.n	10002dfe <_vsnprintf+0xa6>
100031c8:	2310      	movs	r3, #16
100031ca:	0010      	movs	r0, r2
100031cc:	4398      	bics	r0, r3
100031ce:	3311      	adds	r3, #17
100031d0:	4318      	orrs	r0, r3
100031d2:	4681      	mov	r9, r0
100031d4:	2080      	movs	r0, #128	@ 0x80
100031d6:	0013      	movs	r3, r2
100031d8:	00c0      	lsls	r0, r0, #3
100031da:	4003      	ands	r3, r0
100031dc:	4202      	tst	r2, r0
100031de:	d100      	bne.n	100031e2 <_vsnprintf+0x48a>
100031e0:	e6a9      	b.n	10002f36 <_vsnprintf+0x1de>
100031e2:	464b      	mov	r3, r9
100031e4:	9306      	str	r3, [sp, #24]
100031e6:	2308      	movs	r3, #8
100031e8:	9305      	str	r3, [sp, #20]
100031ea:	4653      	mov	r3, sl
100031ec:	9304      	str	r3, [sp, #16]
100031ee:	2310      	movs	r3, #16
100031f0:	9303      	str	r3, [sp, #12]
100031f2:	2300      	movs	r3, #0
100031f4:	9302      	str	r3, [sp, #8]
100031f6:	9b0f      	ldr	r3, [sp, #60]	@ 0x3c
100031f8:	0022      	movs	r2, r4
100031fa:	9301      	str	r3, [sp, #4]
100031fc:	ab1c      	add	r3, sp, #112	@ 0x70
100031fe:	9300      	str	r3, [sp, #0]
10003200:	4659      	mov	r1, fp
10003202:	003b      	movs	r3, r7
10003204:	0028      	movs	r0, r5
10003206:	f7fe ff9f 	bl	10002148 <_ntoa_format>
1000320a:	4643      	mov	r3, r8
1000320c:	0004      	movs	r4, r0
1000320e:	930c      	str	r3, [sp, #48]	@ 0x30
10003210:	e5ca      	b.n	10002da8 <_vsnprintf+0x50>
10003212:	2301      	movs	r3, #1
10003214:	425b      	negs	r3, r3
10003216:	e6c3      	b.n	10002fa0 <_vsnprintf+0x248>
10003218:	9b0f      	ldr	r3, [sp, #60]	@ 0x3c
1000321a:	4553      	cmp	r3, sl
1000321c:	d901      	bls.n	10003222 <_vsnprintf+0x4ca>
1000321e:	4653      	mov	r3, sl
10003220:	930f      	str	r3, [sp, #60]	@ 0x3c
10003222:	2302      	movs	r3, #2
10003224:	0018      	movs	r0, r3
10003226:	4010      	ands	r0, r2
10003228:	900d      	str	r0, [sp, #52]	@ 0x34
1000322a:	4213      	tst	r3, r2
1000322c:	d100      	bne.n	10003230 <_vsnprintf+0x4d8>
1000322e:	e1b7      	b.n	100035a0 <_vsnprintf+0x848>
10003230:	930d      	str	r3, [sp, #52]	@ 0x34
10003232:	46d1      	mov	r9, sl
10003234:	1b0b      	subs	r3, r1, r4
10003236:	469a      	mov	sl, r3
10003238:	0033      	movs	r3, r6
1000323a:	44a1      	add	r9, r4
1000323c:	002e      	movs	r6, r5
1000323e:	0022      	movs	r2, r4
10003240:	464d      	mov	r5, r9
10003242:	980c      	ldr	r0, [sp, #48]	@ 0x30
10003244:	46b9      	mov	r9, r7
10003246:	465f      	mov	r7, fp
10003248:	469b      	mov	fp, r3
1000324a:	e008      	b.n	1000325e <_vsnprintf+0x506>
1000324c:	464b      	mov	r3, r9
1000324e:	0039      	movs	r1, r7
10003250:	1c54      	adds	r4, r2, #1
10003252:	47b0      	blx	r6
10003254:	4653      	mov	r3, sl
10003256:	5d18      	ldrb	r0, [r3, r4]
10003258:	2800      	cmp	r0, #0
1000325a:	d077      	beq.n	1000334c <_vsnprintf+0x5f4>
1000325c:	0022      	movs	r2, r4
1000325e:	4295      	cmp	r5, r2
10003260:	d1f4      	bne.n	1000324c <_vsnprintf+0x4f4>
10003262:	465b      	mov	r3, fp
10003264:	46bb      	mov	fp, r7
10003266:	464f      	mov	r7, r9
10003268:	46a9      	mov	r9, r5
1000326a:	0035      	movs	r5, r6
1000326c:	464c      	mov	r4, r9
1000326e:	001e      	movs	r6, r3
10003270:	e6c9      	b.n	10003006 <_vsnprintf+0x2ae>
10003272:	2380      	movs	r3, #128	@ 0x80
10003274:	011b      	lsls	r3, r3, #4
10003276:	431a      	orrs	r2, r3
10003278:	e6fd      	b.n	10003076 <_vsnprintf+0x31e>
1000327a:	2320      	movs	r3, #32
1000327c:	431a      	orrs	r2, r3
1000327e:	e720      	b.n	100030c2 <_vsnprintf+0x36a>
10003280:	2308      	movs	r3, #8
10003282:	469c      	mov	ip, r3
10003284:	2300      	movs	r3, #0
10003286:	930f      	str	r3, [sp, #60]	@ 0x3c
10003288:	3308      	adds	r3, #8
1000328a:	930d      	str	r3, [sp, #52]	@ 0x34
1000328c:	2380      	movs	r3, #128	@ 0x80
1000328e:	0011      	movs	r1, r2
10003290:	00db      	lsls	r3, r3, #3
10003292:	4019      	ands	r1, r3
10003294:	421a      	tst	r2, r3
10003296:	d100      	bne.n	1000329a <_vsnprintf+0x542>
10003298:	e116      	b.n	100034c8 <_vsnprintf+0x770>
1000329a:	230d      	movs	r3, #13
1000329c:	439a      	bics	r2, r3
1000329e:	0010      	movs	r0, r2
100032a0:	2380      	movs	r3, #128	@ 0x80
100032a2:	0002      	movs	r2, r0
100032a4:	009b      	lsls	r3, r3, #2
100032a6:	401a      	ands	r2, r3
100032a8:	9214      	str	r2, [sp, #80]	@ 0x50
100032aa:	4218      	tst	r0, r3
100032ac:	d000      	beq.n	100032b0 <_vsnprintf+0x558>
100032ae:	e1c2      	b.n	10003636 <_vsnprintf+0x8de>
100032b0:	2380      	movs	r3, #128	@ 0x80
100032b2:	0002      	movs	r2, r0
100032b4:	005b      	lsls	r3, r3, #1
100032b6:	401a      	ands	r2, r3
100032b8:	4691      	mov	r9, r2
100032ba:	9a0c      	ldr	r2, [sp, #48]	@ 0x30
100032bc:	3204      	adds	r2, #4
100032be:	920f      	str	r2, [sp, #60]	@ 0x3c
100032c0:	4218      	tst	r0, r3
100032c2:	d000      	beq.n	100032c6 <_vsnprintf+0x56e>
100032c4:	e2b7      	b.n	10003836 <_vsnprintf+0xade>
100032c6:	0643      	lsls	r3, r0, #25
100032c8:	d500      	bpl.n	100032cc <_vsnprintf+0x574>
100032ca:	e19f      	b.n	1000360c <_vsnprintf+0x8b4>
100032cc:	0603      	lsls	r3, r0, #24
100032ce:	d400      	bmi.n	100032d2 <_vsnprintf+0x57a>
100032d0:	e319      	b.n	10003906 <_vsnprintf+0xbae>
100032d2:	9b0c      	ldr	r3, [sp, #48]	@ 0x30
100032d4:	881b      	ldrh	r3, [r3, #0]
100032d6:	9309      	str	r3, [sp, #36]	@ 0x24
100032d8:	2b00      	cmp	r3, #0
100032da:	d000      	beq.n	100032de <_vsnprintf+0x586>
100032dc:	e1fc      	b.n	100036d8 <_vsnprintf+0x980>
100032de:	3310      	adds	r3, #16
100032e0:	4398      	bics	r0, r3
100032e2:	2900      	cmp	r1, #0
100032e4:	d100      	bne.n	100032e8 <_vsnprintf+0x590>
100032e6:	e1f7      	b.n	100036d8 <_vsnprintf+0x980>
100032e8:	2300      	movs	r3, #0
100032ea:	4699      	mov	r9, r3
100032ec:	4643      	mov	r3, r8
100032ee:	9305      	str	r3, [sp, #20]
100032f0:	4653      	mov	r3, sl
100032f2:	9304      	str	r3, [sp, #16]
100032f4:	9b0d      	ldr	r3, [sp, #52]	@ 0x34
100032f6:	9006      	str	r0, [sp, #24]
100032f8:	9303      	str	r3, [sp, #12]
100032fa:	2300      	movs	r3, #0
100032fc:	e0d2      	b.n	100034a4 <_vsnprintf+0x74c>
100032fe:	2858      	cmp	r0, #88	@ 0x58
10003300:	d008      	beq.n	10003314 <_vsnprintf+0x5bc>
10003302:	2862      	cmp	r0, #98	@ 0x62
10003304:	d167      	bne.n	100033d6 <_vsnprintf+0x67e>
10003306:	2302      	movs	r3, #2
10003308:	469c      	mov	ip, r3
1000330a:	2300      	movs	r3, #0
1000330c:	930f      	str	r3, [sp, #60]	@ 0x3c
1000330e:	3302      	adds	r3, #2
10003310:	930d      	str	r3, [sp, #52]	@ 0x34
10003312:	e7bb      	b.n	1000328c <_vsnprintf+0x534>
10003314:	2320      	movs	r3, #32
10003316:	431a      	orrs	r2, r3
10003318:	3b10      	subs	r3, #16
1000331a:	469c      	mov	ip, r3
1000331c:	2300      	movs	r3, #0
1000331e:	930f      	str	r3, [sp, #60]	@ 0x3c
10003320:	3310      	adds	r3, #16
10003322:	930d      	str	r3, [sp, #52]	@ 0x34
10003324:	e7b2      	b.n	1000328c <_vsnprintf+0x534>
10003326:	2380      	movs	r3, #128	@ 0x80
10003328:	011b      	lsls	r3, r3, #4
1000332a:	431a      	orrs	r2, r3
1000332c:	2320      	movs	r3, #32
1000332e:	431a      	orrs	r2, r3
10003330:	e6a1      	b.n	10003076 <_vsnprintf+0x31e>
10003332:	23c0      	movs	r3, #192	@ 0xc0
10003334:	009b      	lsls	r3, r3, #2
10003336:	431a      	orrs	r2, r3
10003338:	1cf3      	adds	r3, r6, #3
1000333a:	4699      	mov	r9, r3
1000333c:	78b0      	ldrb	r0, [r6, #2]
1000333e:	e582      	b.n	10002e46 <_vsnprintf+0xee>
10003340:	23c0      	movs	r3, #192	@ 0xc0
10003342:	431a      	orrs	r2, r3
10003344:	1cf3      	adds	r3, r6, #3
10003346:	4699      	mov	r9, r3
10003348:	78b0      	ldrb	r0, [r6, #2]
1000334a:	e57c      	b.n	10002e46 <_vsnprintf+0xee>
1000334c:	0035      	movs	r5, r6
1000334e:	465e      	mov	r6, fp
10003350:	46bb      	mov	fp, r7
10003352:	464f      	mov	r7, r9
10003354:	e657      	b.n	10003006 <_vsnprintf+0x2ae>
10003356:	4643      	mov	r3, r8
10003358:	2b01      	cmp	r3, #1
1000335a:	d800      	bhi.n	1000335e <_vsnprintf+0x606>
1000335c:	e163      	b.n	10003626 <_vsnprintf+0x8ce>
1000335e:	1e63      	subs	r3, r4, #1
10003360:	4443      	add	r3, r8
10003362:	469a      	mov	sl, r3
10003364:	0033      	movs	r3, r6
10003366:	46b9      	mov	r9, r7
10003368:	002e      	movs	r6, r5
1000336a:	465f      	mov	r7, fp
1000336c:	4655      	mov	r5, sl
1000336e:	469b      	mov	fp, r3
10003370:	46a2      	mov	sl, r4
10003372:	0022      	movs	r2, r4
10003374:	464b      	mov	r3, r9
10003376:	3401      	adds	r4, #1
10003378:	0039      	movs	r1, r7
1000337a:	2020      	movs	r0, #32
1000337c:	47b0      	blx	r6
1000337e:	42ac      	cmp	r4, r5
10003380:	d1f7      	bne.n	10003372 <_vsnprintf+0x61a>
10003382:	0035      	movs	r5, r6
10003384:	465e      	mov	r6, fp
10003386:	46bb      	mov	fp, r7
10003388:	464f      	mov	r7, r9
1000338a:	46a1      	mov	r9, r4
1000338c:	4654      	mov	r4, sl
1000338e:	9b0c      	ldr	r3, [sp, #48]	@ 0x30
10003390:	464a      	mov	r2, r9
10003392:	7818      	ldrb	r0, [r3, #0]
10003394:	4659      	mov	r1, fp
10003396:	003b      	movs	r3, r7
10003398:	4444      	add	r4, r8
1000339a:	47a8      	blx	r5
1000339c:	e6d7      	b.n	1000314e <_vsnprintf+0x3f6>
1000339e:	46a1      	mov	r9, r4
100033a0:	9b0f      	ldr	r3, [sp, #60]	@ 0x3c
100033a2:	4598      	cmp	r8, r3
100033a4:	d800      	bhi.n	100033a8 <_vsnprintf+0x650>
100033a6:	e632      	b.n	1000300e <_vsnprintf+0x2b6>
100033a8:	4444      	add	r4, r8
100033aa:	1ae4      	subs	r4, r4, r3
100033ac:	0033      	movs	r3, r6
100033ae:	46b8      	mov	r8, r7
100033b0:	002e      	movs	r6, r5
100033b2:	465f      	mov	r7, fp
100033b4:	0025      	movs	r5, r4
100033b6:	464c      	mov	r4, r9
100033b8:	4699      	mov	r9, r3
100033ba:	0022      	movs	r2, r4
100033bc:	4643      	mov	r3, r8
100033be:	3401      	adds	r4, #1
100033c0:	0039      	movs	r1, r7
100033c2:	2020      	movs	r0, #32
100033c4:	47b0      	blx	r6
100033c6:	42ac      	cmp	r4, r5
100033c8:	d1f7      	bne.n	100033ba <_vsnprintf+0x662>
100033ca:	002c      	movs	r4, r5
100033cc:	46bb      	mov	fp, r7
100033ce:	0035      	movs	r5, r6
100033d0:	4647      	mov	r7, r8
100033d2:	464e      	mov	r6, r9
100033d4:	e61b      	b.n	1000300e <_vsnprintf+0x2b6>
100033d6:	2380      	movs	r3, #128	@ 0x80
100033d8:	0010      	movs	r0, r2
100033da:	00db      	lsls	r3, r3, #3
100033dc:	4018      	ands	r0, r3
100033de:	421a      	tst	r2, r3
100033e0:	d100      	bne.n	100033e4 <_vsnprintf+0x68c>
100033e2:	e10f      	b.n	10003604 <_vsnprintf+0x8ac>
100033e4:	2111      	movs	r1, #17
100033e6:	0018      	movs	r0, r3
100033e8:	438a      	bics	r2, r1
100033ea:	920d      	str	r2, [sp, #52]	@ 0x34
100033ec:	9a0d      	ldr	r2, [sp, #52]	@ 0x34
100033ee:	2380      	movs	r3, #128	@ 0x80
100033f0:	0011      	movs	r1, r2
100033f2:	009b      	lsls	r3, r3, #2
100033f4:	4019      	ands	r1, r3
100033f6:	468c      	mov	ip, r1
100033f8:	421a      	tst	r2, r3
100033fa:	d169      	bne.n	100034d0 <_vsnprintf+0x778>
100033fc:	2380      	movs	r3, #128	@ 0x80
100033fe:	0011      	movs	r1, r2
10003400:	005b      	lsls	r3, r3, #1
10003402:	4019      	ands	r1, r3
10003404:	4689      	mov	r9, r1
10003406:	990c      	ldr	r1, [sp, #48]	@ 0x30
10003408:	3104      	adds	r1, #4
1000340a:	910f      	str	r1, [sp, #60]	@ 0x3c
1000340c:	421a      	tst	r2, r3
1000340e:	d000      	beq.n	10003412 <_vsnprintf+0x6ba>
10003410:	e1ca      	b.n	100037a8 <_vsnprintf+0xa50>
10003412:	0013      	movs	r3, r2
10003414:	065b      	lsls	r3, r3, #25
10003416:	d500      	bpl.n	1000341a <_vsnprintf+0x6c2>
10003418:	e0f0      	b.n	100035fc <_vsnprintf+0x8a4>
1000341a:	0013      	movs	r3, r2
1000341c:	061b      	lsls	r3, r3, #24
1000341e:	d400      	bmi.n	10003422 <_vsnprintf+0x6ca>
10003420:	e259      	b.n	100038d6 <_vsnprintf+0xb7e>
10003422:	9b0c      	ldr	r3, [sp, #48]	@ 0x30
10003424:	2200      	movs	r2, #0
10003426:	5e9b      	ldrsh	r3, [r3, r2]
10003428:	17d9      	asrs	r1, r3, #31
1000342a:	185a      	adds	r2, r3, r1
1000342c:	404a      	eors	r2, r1
1000342e:	b292      	uxth	r2, r2
10003430:	0fd9      	lsrs	r1, r3, #31
10003432:	910c      	str	r1, [sp, #48]	@ 0x30
10003434:	2b00      	cmp	r3, #0
10003436:	d100      	bne.n	1000343a <_vsnprintf+0x6e2>
10003438:	e1f9      	b.n	1000382e <_vsnprintf+0xad6>
1000343a:	0010      	movs	r0, r2
1000343c:	aa14      	add	r2, sp, #80	@ 0x50
1000343e:	4694      	mov	ip, r2
10003440:	4642      	mov	r2, r8
10003442:	231f      	movs	r3, #31
10003444:	9214      	str	r2, [sp, #80]	@ 0x50
10003446:	4652      	mov	r2, sl
10003448:	4463      	add	r3, ip
1000344a:	46a8      	mov	r8, r5
1000344c:	9416      	str	r4, [sp, #88]	@ 0x58
1000344e:	464d      	mov	r5, r9
10003450:	0004      	movs	r4, r0
10003452:	46b9      	mov	r9, r7
10003454:	46b2      	mov	sl, r6
10003456:	001f      	movs	r7, r3
10003458:	9215      	str	r2, [sp, #84]	@ 0x54
1000345a:	e001      	b.n	10003460 <_vsnprintf+0x708>
1000345c:	2d20      	cmp	r5, #32
1000345e:	d00f      	beq.n	10003480 <_vsnprintf+0x728>
10003460:	0020      	movs	r0, r4
10003462:	210a      	movs	r1, #10
10003464:	f7fd ff84 	bl	10001370 <__wrap___aeabi_uidiv>
10003468:	3501      	adds	r5, #1
1000346a:	197e      	adds	r6, r7, r5
1000346c:	3130      	adds	r1, #48	@ 0x30
1000346e:	7031      	strb	r1, [r6, #0]
10003470:	0020      	movs	r0, r4
10003472:	210a      	movs	r1, #10
10003474:	f7fd ff7c 	bl	10001370 <__wrap___aeabi_uidiv>
10003478:	0026      	movs	r6, r4
1000347a:	0004      	movs	r4, r0
1000347c:	2e09      	cmp	r6, #9
1000347e:	d8ed      	bhi.n	1000345c <_vsnprintf+0x704>
10003480:	9b14      	ldr	r3, [sp, #80]	@ 0x50
10003482:	464f      	mov	r7, r9
10003484:	46a9      	mov	r9, r5
10003486:	4645      	mov	r5, r8
10003488:	4698      	mov	r8, r3
1000348a:	9b15      	ldr	r3, [sp, #84]	@ 0x54
1000348c:	4656      	mov	r6, sl
1000348e:	469a      	mov	sl, r3
10003490:	9c16      	ldr	r4, [sp, #88]	@ 0x58
10003492:	9b0d      	ldr	r3, [sp, #52]	@ 0x34
10003494:	9306      	str	r3, [sp, #24]
10003496:	4643      	mov	r3, r8
10003498:	9305      	str	r3, [sp, #20]
1000349a:	4653      	mov	r3, sl
1000349c:	9304      	str	r3, [sp, #16]
1000349e:	230a      	movs	r3, #10
100034a0:	9303      	str	r3, [sp, #12]
100034a2:	9b0c      	ldr	r3, [sp, #48]	@ 0x30
100034a4:	9302      	str	r3, [sp, #8]
100034a6:	464b      	mov	r3, r9
100034a8:	9301      	str	r3, [sp, #4]
100034aa:	ab1c      	add	r3, sp, #112	@ 0x70
100034ac:	0022      	movs	r2, r4
100034ae:	9300      	str	r3, [sp, #0]
100034b0:	4659      	mov	r1, fp
100034b2:	003b      	movs	r3, r7
100034b4:	0028      	movs	r0, r5
100034b6:	f7fe fe47 	bl	10002148 <_ntoa_format>
100034ba:	9b0f      	ldr	r3, [sp, #60]	@ 0x3c
100034bc:	0004      	movs	r4, r0
100034be:	930c      	str	r3, [sp, #48]	@ 0x30
100034c0:	e472      	b.n	10002da8 <_vsnprintf+0x50>
100034c2:	46c0      	nop			@ (mov r8, r8)
100034c4:	10002099 	.word	0x10002099
100034c8:	230c      	movs	r3, #12
100034ca:	439a      	bics	r2, r3
100034cc:	0010      	movs	r0, r2
100034ce:	e6e7      	b.n	100032a0 <_vsnprintf+0x548>
100034d0:	2207      	movs	r2, #7
100034d2:	9b0c      	ldr	r3, [sp, #48]	@ 0x30
100034d4:	3307      	adds	r3, #7
100034d6:	4393      	bics	r3, r2
100034d8:	3201      	adds	r2, #1
100034da:	4694      	mov	ip, r2
100034dc:	449c      	add	ip, r3
100034de:	4662      	mov	r2, ip
100034e0:	920c      	str	r2, [sp, #48]	@ 0x30
100034e2:	cb0c      	ldmia	r3, {r2, r3}
100034e4:	0fd9      	lsrs	r1, r3, #31
100034e6:	910f      	str	r1, [sp, #60]	@ 0x3c
100034e8:	0011      	movs	r1, r2
100034ea:	4319      	orrs	r1, r3
100034ec:	d100      	bne.n	100034f0 <_vsnprintf+0x798>
100034ee:	e091      	b.n	10003614 <_vsnprintf+0x8bc>
100034f0:	17d9      	asrs	r1, r3, #31
100034f2:	9113      	str	r1, [sp, #76]	@ 0x4c
100034f4:	9112      	str	r1, [sp, #72]	@ 0x48
100034f6:	4051      	eors	r1, r2
100034f8:	9110      	str	r1, [sp, #64]	@ 0x40
100034fa:	9913      	ldr	r1, [sp, #76]	@ 0x4c
100034fc:	4059      	eors	r1, r3
100034fe:	9111      	str	r1, [sp, #68]	@ 0x44
10003500:	9810      	ldr	r0, [sp, #64]	@ 0x40
10003502:	9911      	ldr	r1, [sp, #68]	@ 0x44
10003504:	9a12      	ldr	r2, [sp, #72]	@ 0x48
10003506:	9b13      	ldr	r3, [sp, #76]	@ 0x4c
10003508:	1a80      	subs	r0, r0, r2
1000350a:	4199      	sbcs	r1, r3
1000350c:	9010      	str	r0, [sp, #64]	@ 0x40
1000350e:	9111      	str	r1, [sp, #68]	@ 0x44
10003510:	aa14      	add	r2, sp, #80	@ 0x50
10003512:	2300      	movs	r3, #0
10003514:	4694      	mov	ip, r2
10003516:	4642      	mov	r2, r8
10003518:	4699      	mov	r9, r3
1000351a:	9214      	str	r2, [sp, #80]	@ 0x50
1000351c:	4652      	mov	r2, sl
1000351e:	331f      	adds	r3, #31
10003520:	4463      	add	r3, ip
10003522:	46a8      	mov	r8, r5
10003524:	46b2      	mov	sl, r6
10003526:	9416      	str	r4, [sp, #88]	@ 0x58
10003528:	464e      	mov	r6, r9
1000352a:	9c10      	ldr	r4, [sp, #64]	@ 0x40
1000352c:	9d11      	ldr	r5, [sp, #68]	@ 0x44
1000352e:	46b9      	mov	r9, r7
10003530:	9215      	str	r2, [sp, #84]	@ 0x54
10003532:	001f      	movs	r7, r3
10003534:	e001      	b.n	1000353a <_vsnprintf+0x7e2>
10003536:	2e20      	cmp	r6, #32
10003538:	d010      	beq.n	1000355c <_vsnprintf+0x804>
1000353a:	0020      	movs	r0, r4
1000353c:	0029      	movs	r1, r5
1000353e:	220a      	movs	r2, #10
10003540:	2300      	movs	r3, #0
10003542:	f7fd ff53 	bl	100013ec <__wrap___aeabi_uldivmod>
10003546:	3601      	adds	r6, #1
10003548:	3230      	adds	r2, #48	@ 0x30
1000354a:	002b      	movs	r3, r5
1000354c:	55ba      	strb	r2, [r7, r6]
1000354e:	000d      	movs	r5, r1
10003550:	0022      	movs	r2, r4
10003552:	0004      	movs	r4, r0
10003554:	2b00      	cmp	r3, #0
10003556:	d1ee      	bne.n	10003536 <_vsnprintf+0x7de>
10003558:	2a09      	cmp	r2, #9
1000355a:	d8ec      	bhi.n	10003536 <_vsnprintf+0x7de>
1000355c:	9b14      	ldr	r3, [sp, #80]	@ 0x50
1000355e:	9410      	str	r4, [sp, #64]	@ 0x40
10003560:	9511      	str	r5, [sp, #68]	@ 0x44
10003562:	4645      	mov	r5, r8
10003564:	4698      	mov	r8, r3
10003566:	9b15      	ldr	r3, [sp, #84]	@ 0x54
10003568:	464f      	mov	r7, r9
1000356a:	46b1      	mov	r9, r6
1000356c:	4656      	mov	r6, sl
1000356e:	469a      	mov	sl, r3
10003570:	9c16      	ldr	r4, [sp, #88]	@ 0x58
10003572:	9b0d      	ldr	r3, [sp, #52]	@ 0x34
10003574:	9306      	str	r3, [sp, #24]
10003576:	4643      	mov	r3, r8
10003578:	9305      	str	r3, [sp, #20]
1000357a:	4653      	mov	r3, sl
1000357c:	9304      	str	r3, [sp, #16]
1000357e:	230a      	movs	r3, #10
10003580:	9303      	str	r3, [sp, #12]
10003582:	9b0f      	ldr	r3, [sp, #60]	@ 0x3c
10003584:	9302      	str	r3, [sp, #8]
10003586:	464b      	mov	r3, r9
10003588:	9301      	str	r3, [sp, #4]
1000358a:	ab1c      	add	r3, sp, #112	@ 0x70
1000358c:	0022      	movs	r2, r4
1000358e:	9300      	str	r3, [sp, #0]
10003590:	4659      	mov	r1, fp
10003592:	003b      	movs	r3, r7
10003594:	0028      	movs	r0, r5
10003596:	f7fe fdd7 	bl	10002148 <_ntoa_format>
1000359a:	0004      	movs	r4, r0
1000359c:	f7ff fc04 	bl	10002da8 <_vsnprintf+0x50>
100035a0:	9b0f      	ldr	r3, [sp, #60]	@ 0x3c
100035a2:	4598      	cmp	r8, r3
100035a4:	d800      	bhi.n	100035a8 <_vsnprintf+0x850>
100035a6:	e1c1      	b.n	1000392c <_vsnprintf+0xbd4>
100035a8:	2380      	movs	r3, #128	@ 0x80
100035aa:	00db      	lsls	r3, r3, #3
100035ac:	930d      	str	r3, [sp, #52]	@ 0x34
100035ae:	4643      	mov	r3, r8
100035b0:	9a0f      	ldr	r2, [sp, #60]	@ 0x3c
100035b2:	191b      	adds	r3, r3, r4
100035b4:	1a9b      	subs	r3, r3, r2
100035b6:	4699      	mov	r9, r3
100035b8:	0033      	movs	r3, r6
100035ba:	002e      	movs	r6, r5
100035bc:	464d      	mov	r5, r9
100035be:	46b9      	mov	r9, r7
100035c0:	465f      	mov	r7, fp
100035c2:	469b      	mov	fp, r3
100035c4:	910c      	str	r1, [sp, #48]	@ 0x30
100035c6:	0022      	movs	r2, r4
100035c8:	464b      	mov	r3, r9
100035ca:	3401      	adds	r4, #1
100035cc:	0039      	movs	r1, r7
100035ce:	2020      	movs	r0, #32
100035d0:	47b0      	blx	r6
100035d2:	42ac      	cmp	r4, r5
100035d4:	d1f7      	bne.n	100035c6 <_vsnprintf+0x86e>
100035d6:	4643      	mov	r3, r8
100035d8:	990c      	ldr	r1, [sp, #48]	@ 0x30
100035da:	3301      	adds	r3, #1
100035dc:	930f      	str	r3, [sp, #60]	@ 0x3c
100035de:	780b      	ldrb	r3, [r1, #0]
100035e0:	0035      	movs	r5, r6
100035e2:	930c      	str	r3, [sp, #48]	@ 0x30
100035e4:	465e      	mov	r6, fp
100035e6:	46bb      	mov	fp, r7
100035e8:	464f      	mov	r7, r9
100035ea:	2b00      	cmp	r3, #0
100035ec:	d100      	bne.n	100035f0 <_vsnprintf+0x898>
100035ee:	e50e      	b.n	1000300e <_vsnprintf+0x2b6>
100035f0:	9b0d      	ldr	r3, [sp, #52]	@ 0x34
100035f2:	2b00      	cmp	r3, #0
100035f4:	d100      	bne.n	100035f8 <_vsnprintf+0x8a0>
100035f6:	e4f6      	b.n	10002fe6 <_vsnprintf+0x28e>
100035f8:	2300      	movs	r3, #0
100035fa:	e619      	b.n	10003230 <_vsnprintf+0x4d8>
100035fc:	9b0c      	ldr	r3, [sp, #48]	@ 0x30
100035fe:	781b      	ldrb	r3, [r3, #0]
10003600:	001a      	movs	r2, r3
10003602:	e715      	b.n	10003430 <_vsnprintf+0x6d8>
10003604:	2310      	movs	r3, #16
10003606:	439a      	bics	r2, r3
10003608:	920d      	str	r2, [sp, #52]	@ 0x34
1000360a:	e6ef      	b.n	100033ec <_vsnprintf+0x694>
1000360c:	9b0c      	ldr	r3, [sp, #48]	@ 0x30
1000360e:	781b      	ldrb	r3, [r3, #0]
10003610:	9309      	str	r3, [sp, #36]	@ 0x24
10003612:	e661      	b.n	100032d8 <_vsnprintf+0x580>
10003614:	2300      	movs	r3, #0
10003616:	4699      	mov	r9, r3
10003618:	2800      	cmp	r0, #0
1000361a:	d1aa      	bne.n	10003572 <_vsnprintf+0x81a>
1000361c:	2200      	movs	r2, #0
1000361e:	2300      	movs	r3, #0
10003620:	9210      	str	r2, [sp, #64]	@ 0x40
10003622:	9311      	str	r3, [sp, #68]	@ 0x44
10003624:	e774      	b.n	10003510 <_vsnprintf+0x7b8>
10003626:	9b0c      	ldr	r3, [sp, #48]	@ 0x30
10003628:	0022      	movs	r2, r4
1000362a:	7818      	ldrb	r0, [r3, #0]
1000362c:	4659      	mov	r1, fp
1000362e:	003b      	movs	r3, r7
10003630:	47a8      	blx	r5
10003632:	464c      	mov	r4, r9
10003634:	e58b      	b.n	1000314e <_vsnprintf+0x3f6>
10003636:	9a0c      	ldr	r2, [sp, #48]	@ 0x30
10003638:	3bfa      	subs	r3, #250	@ 0xfa
1000363a:	3bff      	subs	r3, #255	@ 0xff
1000363c:	3207      	adds	r2, #7
1000363e:	439a      	bics	r2, r3
10003640:	3301      	adds	r3, #1
10003642:	4699      	mov	r9, r3
10003644:	4491      	add	r9, r2
10003646:	464b      	mov	r3, r9
10003648:	930c      	str	r3, [sp, #48]	@ 0x30
1000364a:	6813      	ldr	r3, [r2, #0]
1000364c:	6852      	ldr	r2, [r2, #4]
1000364e:	9215      	str	r2, [sp, #84]	@ 0x54
10003650:	431a      	orrs	r2, r3
10003652:	d106      	bne.n	10003662 <_vsnprintf+0x90a>
10003654:	3210      	adds	r2, #16
10003656:	4390      	bics	r0, r2
10003658:	2200      	movs	r2, #0
1000365a:	9209      	str	r2, [sp, #36]	@ 0x24
1000365c:	2900      	cmp	r1, #0
1000365e:	d000      	beq.n	10003662 <_vsnprintf+0x90a>
10003660:	e081      	b.n	10003766 <_vsnprintf+0xa0e>
10003662:	2261      	movs	r2, #97	@ 0x61
10003664:	0681      	lsls	r1, r0, #26
10003666:	d500      	bpl.n	1000366a <_vsnprintf+0x912>
10003668:	2241      	movs	r2, #65	@ 0x41
1000366a:	b2d2      	uxtb	r2, r2
1000366c:	920a      	str	r2, [sp, #40]	@ 0x28
1000366e:	aa14      	add	r2, sp, #80	@ 0x50
10003670:	4691      	mov	r9, r2
10003672:	9a0a      	ldr	r2, [sp, #40]	@ 0x28
10003674:	2100      	movs	r1, #0
10003676:	3a0a      	subs	r2, #10
10003678:	9214      	str	r2, [sp, #80]	@ 0x50
1000367a:	4642      	mov	r2, r8
1000367c:	9217      	str	r2, [sp, #92]	@ 0x5c
1000367e:	4652      	mov	r2, sl
10003680:	9218      	str	r2, [sp, #96]	@ 0x60
10003682:	465a      	mov	r2, fp
10003684:	9109      	str	r1, [sp, #36]	@ 0x24
10003686:	46b3      	mov	fp, r6
10003688:	311f      	adds	r1, #31
1000368a:	001e      	movs	r6, r3
1000368c:	9b0f      	ldr	r3, [sp, #60]	@ 0x3c
1000368e:	4449      	add	r1, r9
10003690:	46ba      	mov	sl, r7
10003692:	9419      	str	r4, [sp, #100]	@ 0x64
10003694:	951a      	str	r5, [sp, #104]	@ 0x68
10003696:	2400      	movs	r4, #0
10003698:	4667      	mov	r7, ip
1000369a:	4698      	mov	r8, r3
1000369c:	4689      	mov	r9, r1
1000369e:	9d15      	ldr	r5, [sp, #84]	@ 0x54
100036a0:	9016      	str	r0, [sp, #88]	@ 0x58
100036a2:	921b      	str	r2, [sp, #108]	@ 0x6c
100036a4:	e00a      	b.n	100036bc <_vsnprintf+0x964>
100036a6:	3230      	adds	r2, #48	@ 0x30
100036a8:	b2d2      	uxtb	r2, r2
100036aa:	464b      	mov	r3, r9
100036ac:	3401      	adds	r4, #1
100036ae:	551a      	strb	r2, [r3, r4]
100036b0:	45a8      	cmp	r8, r5
100036b2:	d04a      	beq.n	1000374a <_vsnprintf+0x9f2>
100036b4:	2c20      	cmp	r4, #32
100036b6:	d04a      	beq.n	1000374e <_vsnprintf+0x9f6>
100036b8:	0006      	movs	r6, r0
100036ba:	000d      	movs	r5, r1
100036bc:	003a      	movs	r2, r7
100036be:	2300      	movs	r3, #0
100036c0:	0030      	movs	r0, r6
100036c2:	0029      	movs	r1, r5
100036c4:	f7fd fe92 	bl	100013ec <__wrap___aeabi_uldivmod>
100036c8:	b2d2      	uxtb	r2, r2
100036ca:	2a09      	cmp	r2, #9
100036cc:	d9eb      	bls.n	100036a6 <_vsnprintf+0x94e>
100036ce:	9b14      	ldr	r3, [sp, #80]	@ 0x50
100036d0:	469c      	mov	ip, r3
100036d2:	4462      	add	r2, ip
100036d4:	b2d2      	uxtb	r2, r2
100036d6:	e7e8      	b.n	100036aa <_vsnprintf+0x952>
100036d8:	2361      	movs	r3, #97	@ 0x61
100036da:	0682      	lsls	r2, r0, #26
100036dc:	d500      	bpl.n	100036e0 <_vsnprintf+0x988>
100036de:	2341      	movs	r3, #65	@ 0x41
100036e0:	b2db      	uxtb	r3, r3
100036e2:	3b0a      	subs	r3, #10
100036e4:	930c      	str	r3, [sp, #48]	@ 0x30
100036e6:	4643      	mov	r3, r8
100036e8:	a914      	add	r1, sp, #80	@ 0x50
100036ea:	221f      	movs	r2, #31
100036ec:	468c      	mov	ip, r1
100036ee:	9315      	str	r3, [sp, #84]	@ 0x54
100036f0:	4653      	mov	r3, sl
100036f2:	4462      	add	r2, ip
100036f4:	46a0      	mov	r8, r4
100036f6:	46b2      	mov	sl, r6
100036f8:	464c      	mov	r4, r9
100036fa:	9717      	str	r7, [sp, #92]	@ 0x5c
100036fc:	46a9      	mov	r9, r5
100036fe:	0017      	movs	r7, r2
10003700:	9d09      	ldr	r5, [sp, #36]	@ 0x24
10003702:	9e0d      	ldr	r6, [sp, #52]	@ 0x34
10003704:	9014      	str	r0, [sp, #80]	@ 0x50
10003706:	9316      	str	r3, [sp, #88]	@ 0x58
10003708:	e008      	b.n	1000371c <_vsnprintf+0x9c4>
1000370a:	3330      	adds	r3, #48	@ 0x30
1000370c:	b2db      	uxtb	r3, r3
1000370e:	3401      	adds	r4, #1
10003710:	553b      	strb	r3, [r7, r4]
10003712:	42b5      	cmp	r5, r6
10003714:	d30e      	bcc.n	10003734 <_vsnprintf+0x9dc>
10003716:	2c20      	cmp	r4, #32
10003718:	d00c      	beq.n	10003734 <_vsnprintf+0x9dc>
1000371a:	0005      	movs	r5, r0
1000371c:	0031      	movs	r1, r6
1000371e:	0028      	movs	r0, r5
10003720:	f7fd fe26 	bl	10001370 <__wrap___aeabi_uidiv>
10003724:	b2cb      	uxtb	r3, r1
10003726:	2909      	cmp	r1, #9
10003728:	d9ef      	bls.n	1000370a <_vsnprintf+0x9b2>
1000372a:	9a0c      	ldr	r2, [sp, #48]	@ 0x30
1000372c:	4694      	mov	ip, r2
1000372e:	4463      	add	r3, ip
10003730:	b2db      	uxtb	r3, r3
10003732:	e7ec      	b.n	1000370e <_vsnprintf+0x9b6>
10003734:	9b15      	ldr	r3, [sp, #84]	@ 0x54
10003736:	464d      	mov	r5, r9
10003738:	46a1      	mov	r9, r4
1000373a:	4644      	mov	r4, r8
1000373c:	4698      	mov	r8, r3
1000373e:	9b16      	ldr	r3, [sp, #88]	@ 0x58
10003740:	4656      	mov	r6, sl
10003742:	9814      	ldr	r0, [sp, #80]	@ 0x50
10003744:	469a      	mov	sl, r3
10003746:	9f17      	ldr	r7, [sp, #92]	@ 0x5c
10003748:	e5d0      	b.n	100032ec <_vsnprintf+0x594>
1000374a:	42b7      	cmp	r7, r6
1000374c:	d9b2      	bls.n	100036b4 <_vsnprintf+0x95c>
1000374e:	9b17      	ldr	r3, [sp, #92]	@ 0x5c
10003750:	4657      	mov	r7, sl
10003752:	4698      	mov	r8, r3
10003754:	9b18      	ldr	r3, [sp, #96]	@ 0x60
10003756:	465e      	mov	r6, fp
10003758:	469a      	mov	sl, r3
1000375a:	9b1b      	ldr	r3, [sp, #108]	@ 0x6c
1000375c:	9409      	str	r4, [sp, #36]	@ 0x24
1000375e:	469b      	mov	fp, r3
10003760:	9816      	ldr	r0, [sp, #88]	@ 0x58
10003762:	9c19      	ldr	r4, [sp, #100]	@ 0x64
10003764:	9d1a      	ldr	r5, [sp, #104]	@ 0x68
10003766:	4643      	mov	r3, r8
10003768:	9305      	str	r3, [sp, #20]
1000376a:	4653      	mov	r3, sl
1000376c:	9304      	str	r3, [sp, #16]
1000376e:	9b0d      	ldr	r3, [sp, #52]	@ 0x34
10003770:	9006      	str	r0, [sp, #24]
10003772:	9303      	str	r3, [sp, #12]
10003774:	2300      	movs	r3, #0
10003776:	9302      	str	r3, [sp, #8]
10003778:	9b09      	ldr	r3, [sp, #36]	@ 0x24
1000377a:	e705      	b.n	10003588 <_vsnprintf+0x830>
1000377c:	9b0f      	ldr	r3, [sp, #60]	@ 0x3c
1000377e:	4598      	cmp	r8, r3
10003780:	d900      	bls.n	10003784 <_vsnprintf+0xa2c>
10003782:	e714      	b.n	100035ae <_vsnprintf+0x856>
10003784:	3301      	adds	r3, #1
10003786:	930f      	str	r3, [sp, #60]	@ 0x3c
10003788:	e42d      	b.n	10002fe6 <_vsnprintf+0x28e>
1000378a:	2310      	movs	r3, #16
1000378c:	0011      	movs	r1, r2
1000378e:	4399      	bics	r1, r3
10003790:	910d      	str	r1, [sp, #52]	@ 0x34
10003792:	2869      	cmp	r0, #105	@ 0x69
10003794:	d000      	beq.n	10003798 <_vsnprintf+0xa40>
10003796:	e0ba      	b.n	1000390e <_vsnprintf+0xbb6>
10003798:	2380      	movs	r3, #128	@ 0x80
1000379a:	0010      	movs	r0, r2
1000379c:	00db      	lsls	r3, r3, #3
1000379e:	4018      	ands	r0, r3
100037a0:	421a      	tst	r2, r3
100037a2:	d100      	bne.n	100037a6 <_vsnprintf+0xa4e>
100037a4:	e622      	b.n	100033ec <_vsnprintf+0x694>
100037a6:	e61d      	b.n	100033e4 <_vsnprintf+0x68c>
100037a8:	9b0c      	ldr	r3, [sp, #48]	@ 0x30
100037aa:	681b      	ldr	r3, [r3, #0]
100037ac:	0fda      	lsrs	r2, r3, #31
100037ae:	0011      	movs	r1, r2
100037b0:	2b00      	cmp	r3, #0
100037b2:	d100      	bne.n	100037b6 <_vsnprintf+0xa5e>
100037b4:	e08c      	b.n	100038d0 <_vsnprintf+0xb78>
100037b6:	17da      	asrs	r2, r3, #31
100037b8:	1898      	adds	r0, r3, r2
100037ba:	4050      	eors	r0, r2
100037bc:	aa14      	add	r2, sp, #80	@ 0x50
100037be:	4691      	mov	r9, r2
100037c0:	4642      	mov	r2, r8
100037c2:	231f      	movs	r3, #31
100037c4:	9214      	str	r2, [sp, #80]	@ 0x50
100037c6:	4652      	mov	r2, sl
100037c8:	444b      	add	r3, r9
100037ca:	46a0      	mov	r8, r4
100037cc:	46a9      	mov	r9, r5
100037ce:	9716      	str	r7, [sp, #88]	@ 0x58
100037d0:	0004      	movs	r4, r0
100037d2:	4665      	mov	r5, ip
100037d4:	46b2      	mov	sl, r6
100037d6:	001f      	movs	r7, r3
100037d8:	910c      	str	r1, [sp, #48]	@ 0x30
100037da:	9215      	str	r2, [sp, #84]	@ 0x54
100037dc:	e001      	b.n	100037e2 <_vsnprintf+0xa8a>
100037de:	2d20      	cmp	r5, #32
100037e0:	d00f      	beq.n	10003802 <_vsnprintf+0xaaa>
100037e2:	0020      	movs	r0, r4
100037e4:	210a      	movs	r1, #10
100037e6:	f7fd fdc3 	bl	10001370 <__wrap___aeabi_uidiv>
100037ea:	3501      	adds	r5, #1
100037ec:	197e      	adds	r6, r7, r5
100037ee:	3130      	adds	r1, #48	@ 0x30
100037f0:	7031      	strb	r1, [r6, #0]
100037f2:	0020      	movs	r0, r4
100037f4:	210a      	movs	r1, #10
100037f6:	f7fd fdbb 	bl	10001370 <__wrap___aeabi_uidiv>
100037fa:	0026      	movs	r6, r4
100037fc:	0004      	movs	r4, r0
100037fe:	2e09      	cmp	r6, #9
10003800:	d8ed      	bhi.n	100037de <_vsnprintf+0xa86>
10003802:	9b14      	ldr	r3, [sp, #80]	@ 0x50
10003804:	4644      	mov	r4, r8
10003806:	4698      	mov	r8, r3
10003808:	9b0c      	ldr	r3, [sp, #48]	@ 0x30
1000380a:	46ac      	mov	ip, r5
1000380c:	0019      	movs	r1, r3
1000380e:	9b15      	ldr	r3, [sp, #84]	@ 0x54
10003810:	4656      	mov	r6, sl
10003812:	464d      	mov	r5, r9
10003814:	469a      	mov	sl, r3
10003816:	9f16      	ldr	r7, [sp, #88]	@ 0x58
10003818:	9b0d      	ldr	r3, [sp, #52]	@ 0x34
1000381a:	9102      	str	r1, [sp, #8]
1000381c:	9306      	str	r3, [sp, #24]
1000381e:	4643      	mov	r3, r8
10003820:	9305      	str	r3, [sp, #20]
10003822:	4653      	mov	r3, sl
10003824:	9304      	str	r3, [sp, #16]
10003826:	230a      	movs	r3, #10
10003828:	9303      	str	r3, [sp, #12]
1000382a:	4663      	mov	r3, ip
1000382c:	e63c      	b.n	100034a8 <_vsnprintf+0x750>
1000382e:	2800      	cmp	r0, #0
10003830:	d000      	beq.n	10003834 <_vsnprintf+0xadc>
10003832:	e62e      	b.n	10003492 <_vsnprintf+0x73a>
10003834:	e602      	b.n	1000343c <_vsnprintf+0x6e4>
10003836:	9b0c      	ldr	r3, [sp, #48]	@ 0x30
10003838:	681b      	ldr	r3, [r3, #0]
1000383a:	4699      	mov	r9, r3
1000383c:	2b00      	cmp	r3, #0
1000383e:	d103      	bne.n	10003848 <_vsnprintf+0xaf0>
10003840:	3310      	adds	r3, #16
10003842:	4398      	bics	r0, r3
10003844:	2900      	cmp	r1, #0
10003846:	d138      	bne.n	100038ba <_vsnprintf+0xb62>
10003848:	2361      	movs	r3, #97	@ 0x61
1000384a:	0682      	lsls	r2, r0, #26
1000384c:	d500      	bpl.n	10003850 <_vsnprintf+0xaf8>
1000384e:	2341      	movs	r3, #65	@ 0x41
10003850:	b2db      	uxtb	r3, r3
10003852:	3b0a      	subs	r3, #10
10003854:	930c      	str	r3, [sp, #48]	@ 0x30
10003856:	4643      	mov	r3, r8
10003858:	9316      	str	r3, [sp, #88]	@ 0x58
1000385a:	4653      	mov	r3, sl
1000385c:	a914      	add	r1, sp, #80	@ 0x50
1000385e:	221f      	movs	r2, #31
10003860:	468c      	mov	ip, r1
10003862:	9317      	str	r3, [sp, #92]	@ 0x5c
10003864:	002b      	movs	r3, r5
10003866:	4462      	add	r2, ip
10003868:	46a0      	mov	r8, r4
1000386a:	464d      	mov	r5, r9
1000386c:	46b2      	mov	sl, r6
1000386e:	9718      	str	r7, [sp, #96]	@ 0x60
10003870:	4699      	mov	r9, r3
10003872:	0017      	movs	r7, r2
10003874:	9c14      	ldr	r4, [sp, #80]	@ 0x50
10003876:	9e0d      	ldr	r6, [sp, #52]	@ 0x34
10003878:	9015      	str	r0, [sp, #84]	@ 0x54
1000387a:	e008      	b.n	1000388e <_vsnprintf+0xb36>
1000387c:	3330      	adds	r3, #48	@ 0x30
1000387e:	b2db      	uxtb	r3, r3
10003880:	3401      	adds	r4, #1
10003882:	553b      	strb	r3, [r7, r4]
10003884:	42b5      	cmp	r5, r6
10003886:	d30e      	bcc.n	100038a6 <_vsnprintf+0xb4e>
10003888:	2c20      	cmp	r4, #32
1000388a:	d00c      	beq.n	100038a6 <_vsnprintf+0xb4e>
1000388c:	0005      	movs	r5, r0
1000388e:	0031      	movs	r1, r6
10003890:	0028      	movs	r0, r5
10003892:	f7fd fd6d 	bl	10001370 <__wrap___aeabi_uidiv>
10003896:	b2cb      	uxtb	r3, r1
10003898:	2909      	cmp	r1, #9
1000389a:	d9ef      	bls.n	1000387c <_vsnprintf+0xb24>
1000389c:	9a0c      	ldr	r2, [sp, #48]	@ 0x30
1000389e:	4694      	mov	ip, r2
100038a0:	4463      	add	r3, ip
100038a2:	b2db      	uxtb	r3, r3
100038a4:	e7ec      	b.n	10003880 <_vsnprintf+0xb28>
100038a6:	9b16      	ldr	r3, [sp, #88]	@ 0x58
100038a8:	9414      	str	r4, [sp, #80]	@ 0x50
100038aa:	4644      	mov	r4, r8
100038ac:	4698      	mov	r8, r3
100038ae:	9b17      	ldr	r3, [sp, #92]	@ 0x5c
100038b0:	4656      	mov	r6, sl
100038b2:	464d      	mov	r5, r9
100038b4:	469a      	mov	sl, r3
100038b6:	9815      	ldr	r0, [sp, #84]	@ 0x54
100038b8:	9f18      	ldr	r7, [sp, #96]	@ 0x60
100038ba:	4643      	mov	r3, r8
100038bc:	9305      	str	r3, [sp, #20]
100038be:	4653      	mov	r3, sl
100038c0:	9304      	str	r3, [sp, #16]
100038c2:	9b0d      	ldr	r3, [sp, #52]	@ 0x34
100038c4:	9006      	str	r0, [sp, #24]
100038c6:	9303      	str	r3, [sp, #12]
100038c8:	2300      	movs	r3, #0
100038ca:	9302      	str	r3, [sp, #8]
100038cc:	9b14      	ldr	r3, [sp, #80]	@ 0x50
100038ce:	e5eb      	b.n	100034a8 <_vsnprintf+0x750>
100038d0:	2800      	cmp	r0, #0
100038d2:	d1a1      	bne.n	10003818 <_vsnprintf+0xac0>
100038d4:	e772      	b.n	100037bc <_vsnprintf+0xa64>
100038d6:	9b0c      	ldr	r3, [sp, #48]	@ 0x30
100038d8:	681b      	ldr	r3, [r3, #0]
100038da:	17d9      	asrs	r1, r3, #31
100038dc:	185a      	adds	r2, r3, r1
100038de:	404a      	eors	r2, r1
100038e0:	e5a6      	b.n	10003430 <_vsnprintf+0x6d8>
100038e2:	2380      	movs	r3, #128	@ 0x80
100038e4:	0010      	movs	r0, r2
100038e6:	00db      	lsls	r3, r3, #3
100038e8:	4018      	ands	r0, r3
100038ea:	469c      	mov	ip, r3
100038ec:	900f      	str	r0, [sp, #60]	@ 0x3c
100038ee:	421a      	tst	r2, r3
100038f0:	d00f      	beq.n	10003912 <_vsnprintf+0xbba>
100038f2:	2002      	movs	r0, #2
100038f4:	0003      	movs	r3, r0
100038f6:	4013      	ands	r3, r2
100038f8:	930f      	str	r3, [sp, #60]	@ 0x3c
100038fa:	4210      	tst	r0, r2
100038fc:	d019      	beq.n	10003932 <_vsnprintf+0xbda>
100038fe:	2300      	movs	r3, #0
10003900:	46a1      	mov	r9, r4
10003902:	930f      	str	r3, [sp, #60]	@ 0x3c
10003904:	e54c      	b.n	100033a0 <_vsnprintf+0x648>
10003906:	9b0c      	ldr	r3, [sp, #48]	@ 0x30
10003908:	681b      	ldr	r3, [r3, #0]
1000390a:	9309      	str	r3, [sp, #36]	@ 0x24
1000390c:	e4e4      	b.n	100032d8 <_vsnprintf+0x580>
1000390e:	000a      	movs	r2, r1
10003910:	e434      	b.n	1000317c <_vsnprintf+0x424>
10003912:	2302      	movs	r3, #2
10003914:	0018      	movs	r0, r3
10003916:	4010      	ands	r0, r2
10003918:	900d      	str	r0, [sp, #52]	@ 0x34
1000391a:	4213      	tst	r3, r2
1000391c:	d000      	beq.n	10003920 <_vsnprintf+0xbc8>
1000391e:	e53e      	b.n	1000339e <_vsnprintf+0x646>
10003920:	4643      	mov	r3, r8
10003922:	2b00      	cmp	r3, #0
10003924:	d000      	beq.n	10003928 <_vsnprintf+0xbd0>
10003926:	e642      	b.n	100035ae <_vsnprintf+0x856>
10003928:	f7ff fb71 	bl	1000300e <_vsnprintf+0x2b6>
1000392c:	3301      	adds	r3, #1
1000392e:	930f      	str	r3, [sp, #60]	@ 0x3c
10003930:	e47f      	b.n	10003232 <_vsnprintf+0x4da>
10003932:	4663      	mov	r3, ip
10003934:	930d      	str	r3, [sp, #52]	@ 0x34
10003936:	e7f3      	b.n	10003920 <_vsnprintf+0xbc8>

10003938 <vfctprintf>:
10003938:	b510      	push	{r4, lr}
1000393a:	000c      	movs	r4, r1
1000393c:	b084      	sub	sp, #16
1000393e:	9403      	str	r4, [sp, #12]
10003940:	2401      	movs	r4, #1
10003942:	a902      	add	r1, sp, #8
10003944:	9002      	str	r0, [sp, #8]
10003946:	9300      	str	r3, [sp, #0]
10003948:	4803      	ldr	r0, [pc, #12]	@ (10003958 <vfctprintf+0x20>)
1000394a:	0013      	movs	r3, r2
1000394c:	4262      	negs	r2, r4
1000394e:	f7ff fa03 	bl	10002d58 <_vsnprintf>
10003952:	b004      	add	sp, #16
10003954:	bd10      	pop	{r4, pc}
10003956:	46c0      	nop			@ (mov r8, r8)
10003958:	10002325 	.word	0x10002325

1000395c <weak_raw_vprintf>:
1000395c:	b510      	push	{r4, lr}
1000395e:	4a09      	ldr	r2, [pc, #36]	@ (10003984 <weak_raw_vprintf+0x28>)
10003960:	0003      	movs	r3, r0
10003962:	6814      	ldr	r4, [r2, #0]
10003964:	b084      	sub	sp, #16
10003966:	2c00      	cmp	r4, #0
10003968:	d008      	beq.n	1000397c <weak_raw_vprintf+0x20>
1000396a:	2201      	movs	r2, #1
1000396c:	9100      	str	r1, [sp, #0]
1000396e:	4806      	ldr	r0, [pc, #24]	@ (10003988 <weak_raw_vprintf+0x2c>)
10003970:	4252      	negs	r2, r2
10003972:	a903      	add	r1, sp, #12
10003974:	47a0      	blx	r4
10003976:	2001      	movs	r0, #1
10003978:	b004      	add	sp, #16
1000397a:	bd10      	pop	{r4, pc}
1000397c:	f000 f9c6 	bl	10003d0c <__wrap_puts>
10003980:	2000      	movs	r0, #0
10003982:	e7f9      	b.n	10003978 <weak_raw_vprintf+0x1c>
10003984:	200005ec 	.word	0x200005ec
10003988:	10002315 	.word	0x10002315

1000398c <_exit>:
1000398c:	be00      	bkpt	0x0000
1000398e:	e7fd      	b.n	1000398c <_exit>

10003990 <_fini>:
10003990:	4770      	bx	lr
10003992:	46c0      	nop			@ (mov r8, r8)

10003994 <exit>:
10003994:	b510      	push	{r4, lr}
10003996:	f7ff fff9 	bl	1000398c <_exit>
1000399a:	46c0      	nop			@ (mov r8, r8)

1000399c <runtime_init>:
1000399c:	b570      	push	{r4, r5, r6, lr}
1000399e:	f7fd fb9b 	bl	100010d8 <runtime_run_initializers>
100039a2:	4d07      	ldr	r5, [pc, #28]	@ (100039c0 <runtime_init+0x24>)
100039a4:	4e07      	ldr	r6, [pc, #28]	@ (100039c4 <runtime_init+0x28>)
100039a6:	42b5      	cmp	r5, r6
100039a8:	d209      	bcs.n	100039be <runtime_init+0x22>
100039aa:	2400      	movs	r4, #0
100039ac:	3e01      	subs	r6, #1
100039ae:	1b76      	subs	r6, r6, r5
100039b0:	08b6      	lsrs	r6, r6, #2
100039b2:	cd08      	ldmia	r5!, {r3}
100039b4:	4798      	blx	r3
100039b6:	0023      	movs	r3, r4
100039b8:	3401      	adds	r4, #1
100039ba:	42b3      	cmp	r3, r6
100039bc:	d1f9      	bne.n	100039b2 <runtime_init+0x16>
100039be:	bd70      	pop	{r4, r5, r6, pc}
100039c0:	10003f04 	.word	0x10003f04
100039c4:	10003f04 	.word	0x10003f04

100039c8 <stdio_out_chars_no_crlf>:
100039c8:	0003      	movs	r3, r0
100039ca:	b510      	push	{r4, lr}
100039cc:	0008      	movs	r0, r1
100039ce:	0011      	movs	r1, r2
100039d0:	681b      	ldr	r3, [r3, #0]
100039d2:	4798      	blx	r3
100039d4:	bd10      	pop	{r4, pc}
100039d6:	46c0      	nop			@ (mov r8, r8)

100039d8 <stdio_out_chars_crlf>:
100039d8:	b5f0      	push	{r4, r5, r6, r7, lr}
100039da:	46c6      	mov	lr, r8
100039dc:	b500      	push	{lr}
100039de:	7d43      	ldrb	r3, [r0, #21]
100039e0:	0007      	movs	r7, r0
100039e2:	000c      	movs	r4, r1
100039e4:	0016      	movs	r6, r2
100039e6:	2b00      	cmp	r3, #0
100039e8:	d046      	beq.n	10003a78 <stdio_out_chars_crlf+0xa0>
100039ea:	2a00      	cmp	r2, #0
100039ec:	dd17      	ble.n	10003a1e <stdio_out_chars_crlf+0x46>
100039ee:	780b      	ldrb	r3, [r1, #0]
100039f0:	2b0a      	cmp	r3, #10
100039f2:	d024      	beq.n	10003a3e <stdio_out_chars_crlf+0x66>
100039f4:	2300      	movs	r3, #0
100039f6:	4698      	mov	r8, r3
100039f8:	2e01      	cmp	r6, #1
100039fa:	d013      	beq.n	10003a24 <stdio_out_chars_crlf+0x4c>
100039fc:	2501      	movs	r5, #1
100039fe:	0029      	movs	r1, r5
10003a00:	5c63      	ldrb	r3, [r4, r1]
10003a02:	3501      	adds	r5, #1
10003a04:	2b0a      	cmp	r3, #10
10003a06:	d026      	beq.n	10003a56 <stdio_out_chars_crlf+0x7e>
10003a08:	42b5      	cmp	r5, r6
10003a0a:	d1f8      	bne.n	100039fe <stdio_out_chars_crlf+0x26>
10003a0c:	4546      	cmp	r6, r8
10003a0e:	dc09      	bgt.n	10003a24 <stdio_out_chars_crlf+0x4c>
10003a10:	19a4      	adds	r4, r4, r6
10003a12:	3c01      	subs	r4, #1
10003a14:	7823      	ldrb	r3, [r4, #0]
10003a16:	3b0d      	subs	r3, #13
10003a18:	425a      	negs	r2, r3
10003a1a:	4153      	adcs	r3, r2
10003a1c:	753b      	strb	r3, [r7, #20]
10003a1e:	bc80      	pop	{r7}
10003a20:	46b8      	mov	r8, r7
10003a22:	bdf0      	pop	{r4, r5, r6, r7, pc}
10003a24:	4643      	mov	r3, r8
10003a26:	18e0      	adds	r0, r4, r3
10003a28:	19a4      	adds	r4, r4, r6
10003a2a:	1af1      	subs	r1, r6, r3
10003a2c:	3c01      	subs	r4, #1
10003a2e:	683b      	ldr	r3, [r7, #0]
10003a30:	4798      	blx	r3
10003a32:	7823      	ldrb	r3, [r4, #0]
10003a34:	3b0d      	subs	r3, #13
10003a36:	425a      	negs	r2, r3
10003a38:	4153      	adcs	r3, r2
10003a3a:	753b      	strb	r3, [r7, #20]
10003a3c:	e7ef      	b.n	10003a1e <stdio_out_chars_crlf+0x46>
10003a3e:	7d03      	ldrb	r3, [r0, #20]
10003a40:	2b00      	cmp	r3, #0
10003a42:	d1d7      	bne.n	100039f4 <stdio_out_chars_crlf+0x1c>
10003a44:	2102      	movs	r1, #2
10003a46:	480f      	ldr	r0, [pc, #60]	@ (10003a84 <stdio_out_chars_crlf+0xac>)
10003a48:	683b      	ldr	r3, [r7, #0]
10003a4a:	4798      	blx	r3
10003a4c:	2e01      	cmp	r6, #1
10003a4e:	d0df      	beq.n	10003a10 <stdio_out_chars_crlf+0x38>
10003a50:	2301      	movs	r3, #1
10003a52:	4698      	mov	r8, r3
10003a54:	e7d2      	b.n	100039fc <stdio_out_chars_crlf+0x24>
10003a56:	1e63      	subs	r3, r4, #1
10003a58:	5c5b      	ldrb	r3, [r3, r1]
10003a5a:	2b0d      	cmp	r3, #13
10003a5c:	d0d4      	beq.n	10003a08 <stdio_out_chars_crlf+0x30>
10003a5e:	4588      	cmp	r8, r1
10003a60:	da04      	bge.n	10003a6c <stdio_out_chars_crlf+0x94>
10003a62:	4643      	mov	r3, r8
10003a64:	1ac9      	subs	r1, r1, r3
10003a66:	18e0      	adds	r0, r4, r3
10003a68:	683b      	ldr	r3, [r7, #0]
10003a6a:	4798      	blx	r3
10003a6c:	2102      	movs	r1, #2
10003a6e:	4805      	ldr	r0, [pc, #20]	@ (10003a84 <stdio_out_chars_crlf+0xac>)
10003a70:	683b      	ldr	r3, [r7, #0]
10003a72:	46a8      	mov	r8, r5
10003a74:	4798      	blx	r3
10003a76:	e7c7      	b.n	10003a08 <stdio_out_chars_crlf+0x30>
10003a78:	6803      	ldr	r3, [r0, #0]
10003a7a:	0011      	movs	r1, r2
10003a7c:	0020      	movs	r0, r4
10003a7e:	4798      	blx	r3
10003a80:	e7cd      	b.n	10003a1e <stdio_out_chars_crlf+0x46>
10003a82:	46c0      	nop			@ (mov r8, r8)
10003a84:	10004200 	.word	0x10004200

10003a88 <stdio_buffered_printer>:
10003a88:	b5f8      	push	{r3, r4, r5, r6, r7, lr}
10003a8a:	680b      	ldr	r3, [r1, #0]
10003a8c:	000d      	movs	r5, r1
10003a8e:	1c5a      	adds	r2, r3, #1
10003a90:	18cb      	adds	r3, r1, r3
10003a92:	600a      	str	r2, [r1, #0]
10003a94:	7118      	strb	r0, [r3, #4]
10003a96:	2a80      	cmp	r2, #128	@ 0x80
10003a98:	d000      	beq.n	10003a9c <stdio_buffered_printer+0x14>
10003a9a:	bdf8      	pop	{r3, r4, r5, r6, r7, pc}
10003a9c:	4b0e      	ldr	r3, [pc, #56]	@ (10003ad8 <stdio_buffered_printer+0x50>)
10003a9e:	681c      	ldr	r4, [r3, #0]
10003aa0:	2c00      	cmp	r4, #0
10003aa2:	d015      	beq.n	10003ad0 <stdio_buffered_printer+0x48>
10003aa4:	4e0d      	ldr	r6, [pc, #52]	@ (10003adc <stdio_buffered_printer+0x54>)
10003aa6:	1d0f      	adds	r7, r1, #4
10003aa8:	e002      	b.n	10003ab0 <stdio_buffered_printer+0x28>
10003aaa:	6924      	ldr	r4, [r4, #16]
10003aac:	2c00      	cmp	r4, #0
10003aae:	d00f      	beq.n	10003ad0 <stdio_buffered_printer+0x48>
10003ab0:	6823      	ldr	r3, [r4, #0]
10003ab2:	2b00      	cmp	r3, #0
10003ab4:	d0f9      	beq.n	10003aaa <stdio_buffered_printer+0x22>
10003ab6:	6833      	ldr	r3, [r6, #0]
10003ab8:	2b00      	cmp	r3, #0
10003aba:	d001      	beq.n	10003ac0 <stdio_buffered_printer+0x38>
10003abc:	42a3      	cmp	r3, r4
10003abe:	d1f4      	bne.n	10003aaa <stdio_buffered_printer+0x22>
10003ac0:	0020      	movs	r0, r4
10003ac2:	0039      	movs	r1, r7
10003ac4:	682a      	ldr	r2, [r5, #0]
10003ac6:	f7ff ff87 	bl	100039d8 <stdio_out_chars_crlf>
10003aca:	6924      	ldr	r4, [r4, #16]
10003acc:	2c00      	cmp	r4, #0
10003ace:	d1ef      	bne.n	10003ab0 <stdio_buffered_printer+0x28>
10003ad0:	2300      	movs	r3, #0
10003ad2:	602b      	str	r3, [r5, #0]
10003ad4:	e7e1      	b.n	10003a9a <stdio_buffered_printer+0x12>
10003ad6:	46c0      	nop			@ (mov r8, r8)
10003ad8:	200005e4 	.word	0x200005e4
10003adc:	200005e8 	.word	0x200005e8

10003ae0 <stdio_put_string>:
10003ae0:	b5f0      	push	{r4, r5, r6, r7, lr}
10003ae2:	4645      	mov	r5, r8
10003ae4:	46de      	mov	lr, fp
10003ae6:	464e      	mov	r6, r9
10003ae8:	4657      	mov	r7, sl
10003aea:	b5e0      	push	{r5, r6, r7, lr}
10003aec:	b083      	sub	sp, #12
10003aee:	4691      	mov	r9, r2
10003af0:	001c      	movs	r4, r3
10003af2:	4680      	mov	r8, r0
10003af4:	000d      	movs	r5, r1
10003af6:	f7fd f905 	bl	10000d04 <time_us_64>
10003afa:	2300      	movs	r3, #0
10003afc:	4a30      	ldr	r2, [pc, #192]	@ (10003bc0 <stdio_put_string+0xe0>)
10003afe:	1812      	adds	r2, r2, r0
10003b00:	414b      	adcs	r3, r1
10003b02:	2b00      	cmp	r3, #0
10003b04:	da02      	bge.n	10003b0c <stdio_put_string+0x2c>
10003b06:	2201      	movs	r2, #1
10003b08:	4b2e      	ldr	r3, [pc, #184]	@ (10003bc4 <stdio_put_string+0xe4>)
10003b0a:	4252      	negs	r2, r2
10003b0c:	492e      	ldr	r1, [pc, #184]	@ (10003bc8 <stdio_put_string+0xe8>)
10003b0e:	0008      	movs	r0, r1
10003b10:	468a      	mov	sl, r1
10003b12:	f000 f9c1 	bl	10003e98 <__mutex_try_enter_block_until_veneer>
10003b16:	0007      	movs	r7, r0
10003b18:	1c6b      	adds	r3, r5, #1
10003b1a:	d103      	bne.n	10003b24 <stdio_put_string+0x44>
10003b1c:	4640      	mov	r0, r8
10003b1e:	f000 f985 	bl	10003e2c <strlen>
10003b22:	0005      	movs	r5, r0
10003b24:	2c00      	cmp	r4, #0
10003b26:	d027      	beq.n	10003b78 <stdio_put_string+0x98>
10003b28:	4e28      	ldr	r6, [pc, #160]	@ (10003bcc <stdio_put_string+0xec>)
10003b2a:	4b29      	ldr	r3, [pc, #164]	@ (10003bd0 <stdio_put_string+0xf0>)
10003b2c:	681c      	ldr	r4, [r3, #0]
10003b2e:	2c00      	cmp	r4, #0
10003b30:	d018      	beq.n	10003b64 <stdio_put_string+0x84>
10003b32:	464b      	mov	r3, r9
10003b34:	2b00      	cmp	r3, #0
10003b36:	d121      	bne.n	10003b7c <stdio_put_string+0x9c>
10003b38:	4b26      	ldr	r3, [pc, #152]	@ (10003bd4 <stdio_put_string+0xf4>)
10003b3a:	4699      	mov	r9, r3
10003b3c:	e002      	b.n	10003b44 <stdio_put_string+0x64>
10003b3e:	6924      	ldr	r4, [r4, #16]
10003b40:	2c00      	cmp	r4, #0
10003b42:	d00f      	beq.n	10003b64 <stdio_put_string+0x84>
10003b44:	6823      	ldr	r3, [r4, #0]
10003b46:	2b00      	cmp	r3, #0
10003b48:	d0f9      	beq.n	10003b3e <stdio_put_string+0x5e>
10003b4a:	464b      	mov	r3, r9
10003b4c:	681b      	ldr	r3, [r3, #0]
10003b4e:	2b00      	cmp	r3, #0
10003b50:	d001      	beq.n	10003b56 <stdio_put_string+0x76>
10003b52:	429c      	cmp	r4, r3
10003b54:	d1f3      	bne.n	10003b3e <stdio_put_string+0x5e>
10003b56:	0020      	movs	r0, r4
10003b58:	002a      	movs	r2, r5
10003b5a:	4641      	mov	r1, r8
10003b5c:	47b0      	blx	r6
10003b5e:	6924      	ldr	r4, [r4, #16]
10003b60:	2c00      	cmp	r4, #0
10003b62:	d1ef      	bne.n	10003b44 <stdio_put_string+0x64>
10003b64:	2f00      	cmp	r7, #0
10003b66:	d126      	bne.n	10003bb6 <stdio_put_string+0xd6>
10003b68:	0028      	movs	r0, r5
10003b6a:	b003      	add	sp, #12
10003b6c:	bcf0      	pop	{r4, r5, r6, r7}
10003b6e:	46bb      	mov	fp, r7
10003b70:	46b2      	mov	sl, r6
10003b72:	46a9      	mov	r9, r5
10003b74:	46a0      	mov	r8, r4
10003b76:	bdf0      	pop	{r4, r5, r6, r7, pc}
10003b78:	4e17      	ldr	r6, [pc, #92]	@ (10003bd8 <stdio_put_string+0xf8>)
10003b7a:	e7d6      	b.n	10003b2a <stdio_put_string+0x4a>
10003b7c:	4b15      	ldr	r3, [pc, #84]	@ (10003bd4 <stdio_put_string+0xf4>)
10003b7e:	4699      	mov	r9, r3
10003b80:	230a      	movs	r3, #10
10003b82:	469b      	mov	fp, r3
10003b84:	e002      	b.n	10003b8c <stdio_put_string+0xac>
10003b86:	6924      	ldr	r4, [r4, #16]
10003b88:	2c00      	cmp	r4, #0
10003b8a:	d0eb      	beq.n	10003b64 <stdio_put_string+0x84>
10003b8c:	6823      	ldr	r3, [r4, #0]
10003b8e:	2b00      	cmp	r3, #0
10003b90:	d0f9      	beq.n	10003b86 <stdio_put_string+0xa6>
10003b92:	464b      	mov	r3, r9
10003b94:	681b      	ldr	r3, [r3, #0]
10003b96:	2b00      	cmp	r3, #0
10003b98:	d001      	beq.n	10003b9e <stdio_put_string+0xbe>
10003b9a:	42a3      	cmp	r3, r4
10003b9c:	d1f3      	bne.n	10003b86 <stdio_put_string+0xa6>
10003b9e:	002a      	movs	r2, r5
10003ba0:	4641      	mov	r1, r8
10003ba2:	0020      	movs	r0, r4
10003ba4:	47b0      	blx	r6
10003ba6:	466b      	mov	r3, sp
10003ba8:	465a      	mov	r2, fp
10003baa:	0020      	movs	r0, r4
10003bac:	71da      	strb	r2, [r3, #7]
10003bae:	1dd9      	adds	r1, r3, #7
10003bb0:	2201      	movs	r2, #1
10003bb2:	47b0      	blx	r6
10003bb4:	e7e7      	b.n	10003b86 <stdio_put_string+0xa6>
10003bb6:	4650      	mov	r0, sl
10003bb8:	f000 f976 	bl	10003ea8 <__mutex_exit_veneer>
10003bbc:	e7d4      	b.n	10003b68 <stdio_put_string+0x88>
10003bbe:	46c0      	nop			@ (mov r8, r8)
10003bc0:	000f4240 	.word	0x000f4240
10003bc4:	7fffffff 	.word	0x7fffffff
10003bc8:	20000230 	.word	0x20000230
10003bcc:	100039d9 	.word	0x100039d9
10003bd0:	200005e4 	.word	0x200005e4
10003bd4:	200005e8 	.word	0x200005e8
10003bd8:	100039c9 	.word	0x100039c9

10003bdc <stdio_init_all>:
10003bdc:	2000      	movs	r0, #0
10003bde:	4770      	bx	lr

10003be0 <stdio_getchar_timeout_us>:
10003be0:	b5f0      	push	{r4, r5, r6, r7, lr}
10003be2:	46ce      	mov	lr, r9
10003be4:	4647      	mov	r7, r8
10003be6:	0004      	movs	r4, r0
10003be8:	b580      	push	{r7, lr}
10003bea:	b083      	sub	sp, #12
10003bec:	f7fd f88a 	bl	10000d04 <time_us_64>
10003bf0:	0026      	movs	r6, r4
10003bf2:	2700      	movs	r7, #0
10003bf4:	1836      	adds	r6, r6, r0
10003bf6:	414f      	adcs	r7, r1
10003bf8:	2f00      	cmp	r7, #0
10003bfa:	da02      	bge.n	10003c02 <stdio_getchar_timeout_us+0x22>
10003bfc:	2601      	movs	r6, #1
10003bfe:	4f1a      	ldr	r7, [pc, #104]	@ (10003c68 <stdio_getchar_timeout_us+0x88>)
10003c00:	4276      	negs	r6, r6
10003c02:	4b1a      	ldr	r3, [pc, #104]	@ (10003c6c <stdio_getchar_timeout_us+0x8c>)
10003c04:	4d1a      	ldr	r5, [pc, #104]	@ (10003c70 <stdio_getchar_timeout_us+0x90>)
10003c06:	4699      	mov	r9, r3
10003c08:	ab01      	add	r3, sp, #4
10003c0a:	4698      	mov	r8, r3
10003c0c:	464b      	mov	r3, r9
10003c0e:	681c      	ldr	r4, [r3, #0]
10003c10:	2c00      	cmp	r4, #0
10003c12:	d103      	bne.n	10003c1c <stdio_getchar_timeout_us+0x3c>
10003c14:	e016      	b.n	10003c44 <stdio_getchar_timeout_us+0x64>
10003c16:	6924      	ldr	r4, [r4, #16]
10003c18:	2c00      	cmp	r4, #0
10003c1a:	d013      	beq.n	10003c44 <stdio_getchar_timeout_us+0x64>
10003c1c:	682b      	ldr	r3, [r5, #0]
10003c1e:	2b00      	cmp	r3, #0
10003c20:	d001      	beq.n	10003c26 <stdio_getchar_timeout_us+0x46>
10003c22:	429c      	cmp	r4, r3
10003c24:	d1f7      	bne.n	10003c16 <stdio_getchar_timeout_us+0x36>
10003c26:	68a3      	ldr	r3, [r4, #8]
10003c28:	2b00      	cmp	r3, #0
10003c2a:	d0f4      	beq.n	10003c16 <stdio_getchar_timeout_us+0x36>
10003c2c:	2101      	movs	r1, #1
10003c2e:	4640      	mov	r0, r8
10003c30:	4798      	blx	r3
10003c32:	2800      	cmp	r0, #0
10003c34:	ddef      	ble.n	10003c16 <stdio_getchar_timeout_us+0x36>
10003c36:	4643      	mov	r3, r8
10003c38:	7818      	ldrb	r0, [r3, #0]
10003c3a:	b003      	add	sp, #12
10003c3c:	bcc0      	pop	{r6, r7}
10003c3e:	46b9      	mov	r9, r7
10003c40:	46b0      	mov	r8, r6
10003c42:	bdf0      	pop	{r4, r5, r6, r7, pc}
10003c44:	4b0b      	ldr	r3, [pc, #44]	@ (10003c74 <stdio_getchar_timeout_us+0x94>)
10003c46:	6a5a      	ldr	r2, [r3, #36]	@ 0x24
10003c48:	4297      	cmp	r7, r2
10003c4a:	d807      	bhi.n	10003c5c <stdio_getchar_timeout_us+0x7c>
10003c4c:	6a9b      	ldr	r3, [r3, #40]	@ 0x28
10003c4e:	42b3      	cmp	r3, r6
10003c50:	d302      	bcc.n	10003c58 <stdio_getchar_timeout_us+0x78>
10003c52:	2002      	movs	r0, #2
10003c54:	4240      	negs	r0, r0
10003c56:	e7f0      	b.n	10003c3a <stdio_getchar_timeout_us+0x5a>
10003c58:	4297      	cmp	r7, r2
10003c5a:	d1fa      	bne.n	10003c52 <stdio_getchar_timeout_us+0x72>
10003c5c:	2001      	movs	r0, #1
10003c5e:	2100      	movs	r1, #0
10003c60:	f7fd f85a 	bl	10000d18 <busy_wait_us>
10003c64:	e7d2      	b.n	10003c0c <stdio_getchar_timeout_us+0x2c>
10003c66:	46c0      	nop			@ (mov r8, r8)
10003c68:	7fffffff 	.word	0x7fffffff
10003c6c:	200005e4 	.word	0x200005e4
10003c70:	200005e8 	.word	0x200005e8
10003c74:	40054000 	.word	0x40054000

10003c78 <__wrap_putchar>:
10003c78:	b5f0      	push	{r4, r5, r6, r7, lr}
10003c7a:	46ce      	mov	lr, r9
10003c7c:	4647      	mov	r7, r8
10003c7e:	b580      	push	{r7, lr}
10003c80:	b083      	sub	sp, #12
10003c82:	466b      	mov	r3, sp
10003c84:	0006      	movs	r6, r0
10003c86:	1ddd      	adds	r5, r3, #7
10003c88:	7028      	strb	r0, [r5, #0]
10003c8a:	f7fd f83b 	bl	10000d04 <time_us_64>
10003c8e:	2300      	movs	r3, #0
10003c90:	4a19      	ldr	r2, [pc, #100]	@ (10003cf8 <__wrap_putchar+0x80>)
10003c92:	1812      	adds	r2, r2, r0
10003c94:	414b      	adcs	r3, r1
10003c96:	2b00      	cmp	r3, #0
10003c98:	da02      	bge.n	10003ca0 <__wrap_putchar+0x28>
10003c9a:	2201      	movs	r2, #1
10003c9c:	4b17      	ldr	r3, [pc, #92]	@ (10003cfc <__wrap_putchar+0x84>)
10003c9e:	4252      	negs	r2, r2
10003ca0:	4917      	ldr	r1, [pc, #92]	@ (10003d00 <__wrap_putchar+0x88>)
10003ca2:	0008      	movs	r0, r1
10003ca4:	4688      	mov	r8, r1
10003ca6:	f000 f8f7 	bl	10003e98 <__mutex_try_enter_block_until_veneer>
10003caa:	4b16      	ldr	r3, [pc, #88]	@ (10003d04 <__wrap_putchar+0x8c>)
10003cac:	4681      	mov	r9, r0
10003cae:	681c      	ldr	r4, [r3, #0]
10003cb0:	2c00      	cmp	r4, #0
10003cb2:	d014      	beq.n	10003cde <__wrap_putchar+0x66>
10003cb4:	4f14      	ldr	r7, [pc, #80]	@ (10003d08 <__wrap_putchar+0x90>)
10003cb6:	e002      	b.n	10003cbe <__wrap_putchar+0x46>
10003cb8:	6924      	ldr	r4, [r4, #16]
10003cba:	2c00      	cmp	r4, #0
10003cbc:	d00f      	beq.n	10003cde <__wrap_putchar+0x66>
10003cbe:	6823      	ldr	r3, [r4, #0]
10003cc0:	2b00      	cmp	r3, #0
10003cc2:	d0f9      	beq.n	10003cb8 <__wrap_putchar+0x40>
10003cc4:	683b      	ldr	r3, [r7, #0]
10003cc6:	2b00      	cmp	r3, #0
10003cc8:	d001      	beq.n	10003cce <__wrap_putchar+0x56>
10003cca:	429c      	cmp	r4, r3
10003ccc:	d1f4      	bne.n	10003cb8 <__wrap_putchar+0x40>
10003cce:	0020      	movs	r0, r4
10003cd0:	2201      	movs	r2, #1
10003cd2:	0029      	movs	r1, r5
10003cd4:	f7ff fe80 	bl	100039d8 <stdio_out_chars_crlf>
10003cd8:	6924      	ldr	r4, [r4, #16]
10003cda:	2c00      	cmp	r4, #0
10003cdc:	d1ef      	bne.n	10003cbe <__wrap_putchar+0x46>
10003cde:	464b      	mov	r3, r9
10003ce0:	2b00      	cmp	r3, #0
10003ce2:	d105      	bne.n	10003cf0 <__wrap_putchar+0x78>
10003ce4:	0030      	movs	r0, r6
10003ce6:	b003      	add	sp, #12
10003ce8:	bcc0      	pop	{r6, r7}
10003cea:	46b9      	mov	r9, r7
10003cec:	46b0      	mov	r8, r6
10003cee:	bdf0      	pop	{r4, r5, r6, r7, pc}
10003cf0:	4640      	mov	r0, r8
10003cf2:	f000 f8d9 	bl	10003ea8 <__mutex_exit_veneer>
10003cf6:	e7f5      	b.n	10003ce4 <__wrap_putchar+0x6c>
10003cf8:	000f4240 	.word	0x000f4240
10003cfc:	7fffffff 	.word	0x7fffffff
10003d00:	20000230 	.word	0x20000230
10003d04:	200005e4 	.word	0x200005e4
10003d08:	200005e8 	.word	0x200005e8

10003d0c <__wrap_puts>:
10003d0c:	b570      	push	{r4, r5, r6, lr}
10003d0e:	0004      	movs	r4, r0
10003d10:	f000 f88c 	bl	10003e2c <strlen>
10003d14:	2301      	movs	r3, #1
10003d16:	0001      	movs	r1, r0
10003d18:	0005      	movs	r5, r0
10003d1a:	2201      	movs	r2, #1
10003d1c:	0020      	movs	r0, r4
10003d1e:	f7ff fedf 	bl	10003ae0 <stdio_put_string>
10003d22:	4b08      	ldr	r3, [pc, #32]	@ (10003d44 <__wrap_puts+0x38>)
10003d24:	681c      	ldr	r4, [r3, #0]
10003d26:	2c00      	cmp	r4, #0
10003d28:	d006      	beq.n	10003d38 <__wrap_puts+0x2c>
10003d2a:	6863      	ldr	r3, [r4, #4]
10003d2c:	2b00      	cmp	r3, #0
10003d2e:	d005      	beq.n	10003d3c <__wrap_puts+0x30>
10003d30:	4798      	blx	r3
10003d32:	6924      	ldr	r4, [r4, #16]
10003d34:	2c00      	cmp	r4, #0
10003d36:	d1f8      	bne.n	10003d2a <__wrap_puts+0x1e>
10003d38:	0028      	movs	r0, r5
10003d3a:	bd70      	pop	{r4, r5, r6, pc}
10003d3c:	6924      	ldr	r4, [r4, #16]
10003d3e:	2c00      	cmp	r4, #0
10003d40:	d1f3      	bne.n	10003d2a <__wrap_puts+0x1e>
10003d42:	e7f9      	b.n	10003d38 <__wrap_puts+0x2c>
10003d44:	200005e4 	.word	0x200005e4

10003d48 <__wrap_vprintf>:
10003d48:	b5f0      	push	{r4, r5, r6, r7, lr}
10003d4a:	46ce      	mov	lr, r9
10003d4c:	4647      	mov	r7, r8
10003d4e:	b580      	push	{r7, lr}
10003d50:	b0a3      	sub	sp, #140	@ 0x8c
10003d52:	0004      	movs	r4, r0
10003d54:	000d      	movs	r5, r1
10003d56:	f7fc ffd5 	bl	10000d04 <time_us_64>
10003d5a:	2300      	movs	r3, #0
10003d5c:	4a27      	ldr	r2, [pc, #156]	@ (10003dfc <__wrap_vprintf+0xb4>)
10003d5e:	1812      	adds	r2, r2, r0
10003d60:	414b      	adcs	r3, r1
10003d62:	2b00      	cmp	r3, #0
10003d64:	da02      	bge.n	10003d6c <__wrap_vprintf+0x24>
10003d66:	2201      	movs	r2, #1
10003d68:	4b25      	ldr	r3, [pc, #148]	@ (10003e00 <__wrap_vprintf+0xb8>)
10003d6a:	4252      	negs	r2, r2
10003d6c:	4e25      	ldr	r6, [pc, #148]	@ (10003e04 <__wrap_vprintf+0xbc>)
10003d6e:	0030      	movs	r0, r6
10003d70:	f000 f892 	bl	10003e98 <__mutex_try_enter_block_until_veneer>
10003d74:	2300      	movs	r3, #0
10003d76:	0022      	movs	r2, r4
10003d78:	9301      	str	r3, [sp, #4]
10003d7a:	0007      	movs	r7, r0
10003d7c:	002b      	movs	r3, r5
10003d7e:	4822      	ldr	r0, [pc, #136]	@ (10003e08 <__wrap_vprintf+0xc0>)
10003d80:	a901      	add	r1, sp, #4
10003d82:	f7ff fdd9 	bl	10003938 <vfctprintf>
10003d86:	4b21      	ldr	r3, [pc, #132]	@ (10003e0c <__wrap_vprintf+0xc4>)
10003d88:	4680      	mov	r8, r0
10003d8a:	4699      	mov	r9, r3
10003d8c:	681c      	ldr	r4, [r3, #0]
10003d8e:	9b01      	ldr	r3, [sp, #4]
10003d90:	2b00      	cmp	r3, #0
10003d92:	d01a      	beq.n	10003dca <__wrap_vprintf+0x82>
10003d94:	2c00      	cmp	r4, #0
10003d96:	d02f      	beq.n	10003df8 <__wrap_vprintf+0xb0>
10003d98:	4d1d      	ldr	r5, [pc, #116]	@ (10003e10 <__wrap_vprintf+0xc8>)
10003d9a:	e002      	b.n	10003da2 <__wrap_vprintf+0x5a>
10003d9c:	6924      	ldr	r4, [r4, #16]
10003d9e:	2c00      	cmp	r4, #0
10003da0:	d00f      	beq.n	10003dc2 <__wrap_vprintf+0x7a>
10003da2:	6823      	ldr	r3, [r4, #0]
10003da4:	2b00      	cmp	r3, #0
10003da6:	d0f9      	beq.n	10003d9c <__wrap_vprintf+0x54>
10003da8:	682b      	ldr	r3, [r5, #0]
10003daa:	2b00      	cmp	r3, #0
10003dac:	d001      	beq.n	10003db2 <__wrap_vprintf+0x6a>
10003dae:	42a3      	cmp	r3, r4
10003db0:	d1f4      	bne.n	10003d9c <__wrap_vprintf+0x54>
10003db2:	0020      	movs	r0, r4
10003db4:	9a01      	ldr	r2, [sp, #4]
10003db6:	a902      	add	r1, sp, #8
10003db8:	f7ff fe0e 	bl	100039d8 <stdio_out_chars_crlf>
10003dbc:	6924      	ldr	r4, [r4, #16]
10003dbe:	2c00      	cmp	r4, #0
10003dc0:	d1ef      	bne.n	10003da2 <__wrap_vprintf+0x5a>
10003dc2:	464b      	mov	r3, r9
10003dc4:	681c      	ldr	r4, [r3, #0]
10003dc6:	2300      	movs	r3, #0
10003dc8:	9301      	str	r3, [sp, #4]
10003dca:	2c00      	cmp	r4, #0
10003dcc:	d006      	beq.n	10003ddc <__wrap_vprintf+0x94>
10003dce:	6863      	ldr	r3, [r4, #4]
10003dd0:	2b00      	cmp	r3, #0
10003dd2:	d00b      	beq.n	10003dec <__wrap_vprintf+0xa4>
10003dd4:	4798      	blx	r3
10003dd6:	6924      	ldr	r4, [r4, #16]
10003dd8:	2c00      	cmp	r4, #0
10003dda:	d1f8      	bne.n	10003dce <__wrap_vprintf+0x86>
10003ddc:	2f00      	cmp	r7, #0
10003dde:	d107      	bne.n	10003df0 <__wrap_vprintf+0xa8>
10003de0:	4640      	mov	r0, r8
10003de2:	b023      	add	sp, #140	@ 0x8c
10003de4:	bcc0      	pop	{r6, r7}
10003de6:	46b9      	mov	r9, r7
10003de8:	46b0      	mov	r8, r6
10003dea:	bdf0      	pop	{r4, r5, r6, r7, pc}
10003dec:	6924      	ldr	r4, [r4, #16]
10003dee:	e7ec      	b.n	10003dca <__wrap_vprintf+0x82>
10003df0:	0030      	movs	r0, r6
10003df2:	f000 f859 	bl	10003ea8 <__mutex_exit_veneer>
10003df6:	e7f3      	b.n	10003de0 <__wrap_vprintf+0x98>
10003df8:	9401      	str	r4, [sp, #4]
10003dfa:	e7ef      	b.n	10003ddc <__wrap_vprintf+0x94>
10003dfc:	000f4240 	.word	0x000f4240
10003e00:	7fffffff 	.word	0x7fffffff
10003e04:	20000230 	.word	0x20000230
10003e08:	10003a89 	.word	0x10003a89
10003e0c:	200005e4 	.word	0x200005e4
10003e10:	200005e8 	.word	0x200005e8

10003e14 <__wrap_printf>:
10003e14:	b40f      	push	{r0, r1, r2, r3}
10003e16:	b500      	push	{lr}
10003e18:	b083      	sub	sp, #12
10003e1a:	a904      	add	r1, sp, #16
10003e1c:	c901      	ldmia	r1!, {r0}
10003e1e:	9101      	str	r1, [sp, #4]
10003e20:	f7ff ff92 	bl	10003d48 <__wrap_vprintf>
10003e24:	b003      	add	sp, #12
10003e26:	bc08      	pop	{r3}
10003e28:	b004      	add	sp, #16
10003e2a:	4718      	bx	r3

10003e2c <strlen>:
10003e2c:	b510      	push	{r4, lr}
10003e2e:	0783      	lsls	r3, r0, #30
10003e30:	d00a      	beq.n	10003e48 <strlen+0x1c>
10003e32:	0003      	movs	r3, r0
10003e34:	2103      	movs	r1, #3
10003e36:	e002      	b.n	10003e3e <strlen+0x12>
10003e38:	3301      	adds	r3, #1
10003e3a:	420b      	tst	r3, r1
10003e3c:	d005      	beq.n	10003e4a <strlen+0x1e>
10003e3e:	781a      	ldrb	r2, [r3, #0]
10003e40:	2a00      	cmp	r2, #0
10003e42:	d1f9      	bne.n	10003e38 <strlen+0xc>
10003e44:	1a18      	subs	r0, r3, r0
10003e46:	bd10      	pop	{r4, pc}
10003e48:	0003      	movs	r3, r0
10003e4a:	6819      	ldr	r1, [r3, #0]
10003e4c:	4a0c      	ldr	r2, [pc, #48]	@ (10003e80 <strlen+0x54>)
10003e4e:	4c0d      	ldr	r4, [pc, #52]	@ (10003e84 <strlen+0x58>)
10003e50:	188a      	adds	r2, r1, r2
10003e52:	438a      	bics	r2, r1
10003e54:	4222      	tst	r2, r4
10003e56:	d10f      	bne.n	10003e78 <strlen+0x4c>
10003e58:	6859      	ldr	r1, [r3, #4]
10003e5a:	4a09      	ldr	r2, [pc, #36]	@ (10003e80 <strlen+0x54>)
10003e5c:	3304      	adds	r3, #4
10003e5e:	188a      	adds	r2, r1, r2
10003e60:	438a      	bics	r2, r1
10003e62:	4222      	tst	r2, r4
10003e64:	d108      	bne.n	10003e78 <strlen+0x4c>
10003e66:	6859      	ldr	r1, [r3, #4]
10003e68:	4a05      	ldr	r2, [pc, #20]	@ (10003e80 <strlen+0x54>)
10003e6a:	3304      	adds	r3, #4
10003e6c:	188a      	adds	r2, r1, r2
10003e6e:	438a      	bics	r2, r1
10003e70:	4222      	tst	r2, r4
10003e72:	d0f1      	beq.n	10003e58 <strlen+0x2c>
10003e74:	e000      	b.n	10003e78 <strlen+0x4c>
10003e76:	3301      	adds	r3, #1
10003e78:	781a      	ldrb	r2, [r3, #0]
10003e7a:	2a00      	cmp	r2, #0
10003e7c:	d1fb      	bne.n	10003e76 <strlen+0x4a>
10003e7e:	e7e1      	b.n	10003e44 <strlen+0x18>
10003e80:	fefefeff 	.word	0xfefefeff
10003e84:	80808080 	.word	0x80808080

10003e88 <____aeabi_ldiv0_veneer>:
10003e88:	b401      	push	{r0}
10003e8a:	4802      	ldr	r0, [pc, #8]	@ (10003e94 <____aeabi_ldiv0_veneer+0xc>)
10003e8c:	4684      	mov	ip, r0
10003e8e:	bc01      	pop	{r0}
10003e90:	4760      	bx	ip
10003e92:	bf00      	nop
10003e94:	200001cd 	.word	0x200001cd

10003e98 <__mutex_try_enter_block_until_veneer>:
10003e98:	b401      	push	{r0}
10003e9a:	4802      	ldr	r0, [pc, #8]	@ (10003ea4 <__mutex_try_enter_block_until_veneer+0xc>)
10003e9c:	4684      	mov	ip, r0
10003e9e:	bc01      	pop	{r0}
10003ea0:	4760      	bx	ip
10003ea2:	bf00      	nop
10003ea4:	20000171 	.word	0x20000171

10003ea8 <__mutex_exit_veneer>:
10003ea8:	b401      	push	{r0}
10003eaa:	4802      	ldr	r0, [pc, #8]	@ (10003eb4 <__mutex_exit_veneer+0xc>)
10003eac:	4684      	mov	ip, r0
10003eae:	bc01      	pop	{r0}
10003eb0:	4760      	bx	ip
10003eb2:	bf00      	nop
10003eb4:	200001a5 	.word	0x200001a5

10003eb8 <____aeabi_idiv0_veneer>:
10003eb8:	b401      	push	{r0}
10003eba:	4802      	ldr	r0, [pc, #8]	@ (10003ec4 <____aeabi_idiv0_veneer+0xc>)
10003ebc:	4684      	mov	ip, r0
10003ebe:	bc01      	pop	{r0}
10003ec0:	4760      	bx	ip
10003ec2:	bf00      	nop
10003ec4:	200001cd 	.word	0x200001cd

10003ec8 <__pre_init_runtime_init_early_resets>:
10003ec8:	10001101                                ....

10003ecc <__pre_init_runtime_init_usb_power_down>:
10003ecc:	1000112d 10001311 1000207d 100019b5     -.......} ......
10003edc:	10001fed                                ....

10003ee0 <__pre_init_runtime_init_clocks>:
10003ee0:	10001239                                9...

10003ee4 <__pre_init_runtime_init_post_clock_resets>:
10003ee4:	10001149                                I...

10003ee8 <__pre_init_runtime_init_rp2040_gpio_ie_disable>:
10003ee8:	10001169                                i...

10003eec <__pre_init_runtime_init_spin_locks_reset>:
10003eec:	1000117d                                }...

10003ef0 <__pre_init_runtime_init_mutex>:
10003ef0:	10000529                                )...

10003ef4 <__pre_init_runtime_init_install_ram_vector_table>:
10003ef4:	10001185                                ....

10003ef8 <__pre_init_runtime_init_default_alarm_pool>:
10003ef8:	100008a9                                ....

10003efc <__pre_init_first_per_core_initializer>:
10003efc:	100010c9                                ....

10003f00 <__pre_init_runtime_init_per_core_irq_priorities>:
10003f00:	1000047d                                }...

Disassembly of section .data:

200000c0 <mutex_try_enter>:
200000c0:	0003      	movs	r3, r0
200000c2:	6800      	ldr	r0, [r0, #0]
200000c4:	f3ef 8c10 	mrs	ip, PRIMASK
200000c8:	b672      	cpsid	i
200000ca:	6802      	ldr	r2, [r0, #0]
200000cc:	2a00      	cmp	r2, #0
200000ce:	d0fc      	beq.n	200000ca <mutex_try_enter+0xa>
200000d0:	f3bf 8f5f 	dmb	sy
200000d4:	2204      	movs	r2, #4
200000d6:	569a      	ldrsb	r2, [r3, r2]
200000d8:	2a00      	cmp	r2, #0
200000da:	db0b      	blt.n	200000f4 <mutex_try_enter+0x34>
200000dc:	2900      	cmp	r1, #0
200000de:	d000      	beq.n	200000e2 <mutex_try_enter+0x22>
200000e0:	600a      	str	r2, [r1, #0]
200000e2:	2000      	movs	r0, #0
200000e4:	681b      	ldr	r3, [r3, #0]
200000e6:	f3bf 8f5f 	dmb	sy
200000ea:	2200      	movs	r2, #0
200000ec:	601a      	str	r2, [r3, #0]
200000ee:	f38c 8810 	msr	PRIMASK, ip
200000f2:	4770      	bx	lr
200000f4:	22d0      	movs	r2, #208	@ 0xd0
200000f6:	0612      	lsls	r2, r2, #24
200000f8:	6812      	ldr	r2, [r2, #0]
200000fa:	2001      	movs	r0, #1
200000fc:	711a      	strb	r2, [r3, #4]
200000fe:	e7f1      	b.n	200000e4 <mutex_try_enter+0x24>

20000100 <mutex_enter_block_until>:
20000100:	b5f0      	push	{r4, r5, r6, r7, lr}
20000102:	464f      	mov	r7, r9
20000104:	46d6      	mov	lr, sl
20000106:	4646      	mov	r6, r8
20000108:	b5c0      	push	{r6, r7, lr}
2000010a:	001f      	movs	r7, r3
2000010c:	23d0      	movs	r3, #208	@ 0xd0
2000010e:	061b      	lsls	r3, r3, #24
20000110:	681b      	ldr	r3, [r3, #0]
20000112:	0004      	movs	r4, r0
20000114:	469a      	mov	sl, r3
20000116:	2300      	movs	r3, #0
20000118:	4690      	mov	r8, r2
2000011a:	4699      	mov	r9, r3
2000011c:	e00b      	b.n	20000136 <mutex_enter_block_until+0x36>
2000011e:	f3bf 8f5f 	dmb	sy
20000122:	4649      	mov	r1, r9
20000124:	6011      	str	r1, [r2, #0]
20000126:	f383 8810 	msr	PRIMASK, r3
2000012a:	4640      	mov	r0, r8
2000012c:	0039      	movs	r1, r7
2000012e:	f000 f84f 	bl	200001d0 <__best_effort_wfe_or_timeout_veneer>
20000132:	2800      	cmp	r0, #0
20000134:	d11a      	bne.n	2000016c <mutex_enter_block_until+0x6c>
20000136:	6826      	ldr	r6, [r4, #0]
20000138:	f3ef 8310 	mrs	r3, PRIMASK
2000013c:	b672      	cpsid	i
2000013e:	6835      	ldr	r5, [r6, #0]
20000140:	2d00      	cmp	r5, #0
20000142:	d0fc      	beq.n	2000013e <mutex_enter_block_until+0x3e>
20000144:	f3bf 8f5f 	dmb	sy
20000148:	7925      	ldrb	r5, [r4, #4]
2000014a:	6822      	ldr	r2, [r4, #0]
2000014c:	2d7f      	cmp	r5, #127	@ 0x7f
2000014e:	d9e6      	bls.n	2000011e <mutex_enter_block_until+0x1e>
20000150:	4651      	mov	r1, sl
20000152:	7121      	strb	r1, [r4, #4]
20000154:	f3bf 8f5f 	dmb	sy
20000158:	2100      	movs	r1, #0
2000015a:	6011      	str	r1, [r2, #0]
2000015c:	f383 8810 	msr	PRIMASK, r3
20000160:	2001      	movs	r0, #1
20000162:	bce0      	pop	{r5, r6, r7}
20000164:	46ba      	mov	sl, r7
20000166:	46b1      	mov	r9, r6
20000168:	46a8      	mov	r8, r5
2000016a:	bdf0      	pop	{r4, r5, r6, r7, pc}
2000016c:	2000      	movs	r0, #0
2000016e:	e7f8      	b.n	20000162 <mutex_enter_block_until+0x62>

20000170 <mutex_try_enter_block_until>:
20000170:	b570      	push	{r4, r5, r6, lr}
20000172:	b082      	sub	sp, #8
20000174:	a901      	add	r1, sp, #4
20000176:	0004      	movs	r4, r0
20000178:	0016      	movs	r6, r2
2000017a:	001d      	movs	r5, r3
2000017c:	f7ff ffa0 	bl	200000c0 <mutex_try_enter>
20000180:	2800      	cmp	r0, #0
20000182:	d107      	bne.n	20000194 <mutex_try_enter_block_until+0x24>
20000184:	23d0      	movs	r3, #208	@ 0xd0
20000186:	061b      	lsls	r3, r3, #24
20000188:	9901      	ldr	r1, [sp, #4]
2000018a:	781b      	ldrb	r3, [r3, #0]
2000018c:	b249      	sxtb	r1, r1
2000018e:	b25b      	sxtb	r3, r3
20000190:	4299      	cmp	r1, r3
20000192:	d101      	bne.n	20000198 <mutex_try_enter_block_until+0x28>
20000194:	b002      	add	sp, #8
20000196:	bd70      	pop	{r4, r5, r6, pc}
20000198:	0032      	movs	r2, r6
2000019a:	002b      	movs	r3, r5
2000019c:	0020      	movs	r0, r4
2000019e:	f7ff ffaf 	bl	20000100 <mutex_enter_block_until>
200001a2:	e7f7      	b.n	20000194 <mutex_try_enter_block_until+0x24>

200001a4 <mutex_exit>:
200001a4:	6802      	ldr	r2, [r0, #0]
200001a6:	f3ef 8110 	mrs	r1, PRIMASK
200001aa:	b672      	cpsid	i
200001ac:	6813      	ldr	r3, [r2, #0]
200001ae:	2b00      	cmp	r3, #0
200001b0:	d0fc      	beq.n	200001ac <mutex_exit+0x8>
200001b2:	f3bf 8f5f 	dmb	sy
200001b6:	23ff      	movs	r3, #255	@ 0xff
200001b8:	7103      	strb	r3, [r0, #4]
200001ba:	6803      	ldr	r3, [r0, #0]
200001bc:	f3bf 8f5f 	dmb	sy
200001c0:	2200      	movs	r2, #0
200001c2:	601a      	str	r2, [r3, #0]
200001c4:	f381 8810 	msr	PRIMASK, r1
200001c8:	bf40      	sev
200001ca:	4770      	bx	lr

200001cc <__aeabi_idiv0>:
200001cc:	4770      	bx	lr
200001ce:	46c0      	nop			@ (mov r8, r8)

200001d0 <__best_effort_wfe_or_timeout_veneer>:
200001d0:	b401      	push	{r0}
200001d2:	4802      	ldr	r0, [pc, #8]	@ (200001dc <__best_effort_wfe_or_timeout_veneer+0xc>)
200001d4:	4684      	mov	ip, r0
200001d6:	bc01      	pop	{r0}
200001d8:	4760      	bx	ip
200001da:	bf00      	nop
200001dc:	10000ba5 	.word	0x10000ba5

200001e0 <striped_spin_lock_num>:
200001e0:	00000010 00000000                       ........

200001e8 <last_added.0>:
200001e8:	ffffffff 7fffffff                       ........

200001f0 <default_alarm_pool>:
	...
20000204:	20000238 00000000 00000000              8.. ........

20000210 <aeabi_bits_funcs>:
20000210:	00003350 	.word	0x00003350
20000214:	0000334c 	.word	0x0000334c
20000218:	00003354 	.word	0x00003354
2000021c:	00003352 	.word	0x00003352

20000220 <aeabi_bits_funcs_end>:
20000220:	0000534d 	.word	0x0000534d
20000224:	0000434d 	.word	0x0000434d
20000228:	00003453 	.word	0x00003453
2000022c:	00003443 	.word	0x00003443

20000230 <print_mutex>:
	...
